timestamp,Battery Soc-%,Battery (Dis)Charge-kWh
2024-01-01T00:00:00,0.0,0.0
2024-01-01T01:00:00,0.0,0.0
2024-01-01T02:00:00,0.0,0.0
2024-01-01T03:00:00,0.0,0.0
2024-01-01T04:00:00,0.0,0.0
2024-01-01T05:00:00,0.0,0.0
2024-01-01T06:00:00,0.0,0.0
2024-01-01T07:00:00,0.0,0.0
2024-01-01T08:00:00,0.0,0.0
2024-01-01T09:00:00,0.0,0.0
2024-01-01T10:00:00,0.0,0.0
2024-01-01T11:00:00,0.0,0.0
2024-01-01T12:00:00,0.0,0.0
2024-01-01T13:00:00,0.0,0.0
2024-01-01T14:00:00,0.0,0.0
2024-01-01T15:00:00,0.0,0.0
2024-01-01T16:00:00,0.14823072,1.0532978
2024-01-01T17:00:00,0.3133601,1.1706243
2024-01-01T18:00:00,0.35143718,0.27489516
2024-01-01T19:00:00,0.30699596,-0.25202107
2024-01-01T20:00:00,0.17613015,-0.74974245
2024-01-01T21:00:00,0.005511589,-1.0090661
2024-01-01T22:00:00,0.0,-0.032586403
2024-01-01T23:00:00,0.0,0.0
2024-01-02T00:00:00,0.0,0.0
2024-01-02T01:00:00,0.0,0.0
2024-01-02T02:00:00,0.0,0.0
2024-01-02T03:00:00,0.0,0.0
2024-01-02T04:00:00,0.0,0.0
2024-01-02T05:00:00,0.0,0.0
2024-01-02T06:00:00,0.0,0.0
2024-01-02T07:00:00,0.0,0.0
2024-01-02T08:00:00,0.0,0.0
2024-01-02T09:00:00,0.0,0.0
2024-01-02T10:00:00,0.0,0.0
2024-01-02T11:00:00,0.0,0.0
2024-01-02T12:00:00,0.0,0.0
2024-01-02T13:00:00,0.22057162,1.5519111
2024-01-02T14:00:00,0.48278573,1.8347621
2024-01-02T15:00:00,0.49926764,0.11937513
2024-01-02T16:00:00,0.25100517,-1.4421754
2024-01-02T17:00:00,0.34279466,0.6574795
2024-01-02T18:00:00,0.31237146,-0.17224094
2024-01-02T19:00:00,0.012379229,-1.768491
2024-01-02T20:00:00,1.4161686e-05,-0.07297707
2024-01-02T21:00:00,0.0,-8.2978586e-05
2024-01-02T22:00:00,0.0,0.0
2024-01-02T23:00:00,0.0,0.0
2024-01-03T00:00:00,0.0,0.0
2024-01-03T01:00:00,0.0,0.0
2024-01-03T02:00:00,0.0,0.0
2024-01-03T03:00:00,0.0,0.0
2024-01-03T04:00:00,0.0,0.0
2024-01-03T05:00:00,0.0,0.0
2024-01-03T06:00:00,0.0,0.0
2024-01-03T07:00:00,0.0,0.0
2024-01-03T08:00:00,0.0,0.0
2024-01-03T09:00:00,0.0,0.0
2024-01-03T10:00:00,0.0,0.0
2024-01-03T11:00:00,0.0,0.0
2024-01-03T12:00:00,0.0,0.0
2024-01-03T13:00:00,0.0,0.0
2024-01-03T14:00:00,0.0,0.0
2024-01-03T15:00:00,0.0,0.0
2024-01-03T16:00:00,0.0,0.0
2024-01-03T17:00:00,0.0,0.0
2024-01-03T18:00:00,0.0,0.0
2024-01-03T19:00:00,0.0,0.0
2024-01-03T20:00:00,0.0,0.0
2024-01-03T21:00:00,0.0,0.0
2024-01-03T22:00:00,0.0,0.0
2024-01-03T23:00:00,0.0,0.0
2024-01-04T00:00:00,0.0,0.0
2024-01-04T01:00:00,0.0,0.0
2024-01-04T02:00:00,0.0,0.0
2024-01-04T03:00:00,0.0,0.0
2024-01-04T04:00:00,0.0,0.0
2024-01-04T05:00:00,0.0,0.0
2024-01-04T06:00:00,0.0,0.0
2024-01-04T07:00:00,0.0,0.0
2024-01-04T08:00:00,0.0,0.0
2024-01-04T09:00:00,0.0,0.0
2024-01-04T10:00:00,0.16652106,1.1802628
2024-01-04T11:00:00,0.520844,2.4502163
2024-01-04T12:00:00,0.6649645,1.02468
2024-01-04T13:00:00,0.5867704,-0.44520196
2024-01-04T14:00:00,0.5938498,0.051347215
2024-01-04T15:00:00,0.4420035,-0.8721008
2024-01-04T16:00:00,0.26261786,-1.0336254
2024-01-04T17:00:00,0.040142696,-1.2884505
2024-01-04T18:00:00,0.00091193925,-0.2223362
2024-01-04T19:00:00,1.1105558e-05,-0.00516832
2024-01-04T20:00:00,6.4778334e-09,-6.371551e-05
2024-01-04T21:00:00,6.21661e-11,-3.7186727e-08
2024-01-04T22:00:00,2.1799413e-13,-3.6032943e-10
2024-01-04T23:00:00,0.0,-1.2487036e-12
2024-01-05T00:00:00,0.0,0.0
2024-01-05T01:00:00,0.0,0.0
2024-01-05T02:00:00,0.0,0.0
2024-01-05T03:00:00,0.0,0.0
2024-01-05T04:00:00,0.0,0.0
2024-01-05T05:00:00,0.010764487,0.07803229
2024-01-05T06:00:00,3.4067343e-05,-0.06082362
2024-01-05T07:00:00,2.5429622e-07,-0.00019310514
2024-01-05T08:00:00,0.0,-1.4381727e-06
2024-01-05T09:00:00,0.0,0.0
2024-01-05T10:00:00,0.0,0.0
2024-01-05T11:00:00,0.17393026,1.2315181
2024-01-05T12:00:00,0.0022741186,-1.0061654
2024-01-05T13:00:00,1.176379e-05,-0.013329785
2024-01-05T14:00:00,0.0,-6.8280606e-05
2024-01-05T15:00:00,0.0,0.0
2024-01-05T16:00:00,0.11628581,0.8300299
2024-01-05T17:00:00,0.030644527,-0.48803207
2024-01-05T18:00:00,0.00043424786,-0.1746297
2024-01-05T19:00:00,2.3133402e-06,-0.002510158
2024-01-05T20:00:00,0.0,-1.3374428e-05
2024-01-05T21:00:00,0.0,0.0
2024-01-05T22:00:00,0.0,0.0
2024-01-05T23:00:00,0.0,0.0
2024-01-06T00:00:00,0.0,0.0
2024-01-06T01:00:00,0.0,0.0
2024-01-06T02:00:00,0.0,0.0
2024-01-06T03:00:00,0.0,0.0
2024-01-06T04:00:00,0.0,0.0
2024-01-06T05:00:00,0.0,0.0
2024-01-06T06:00:00,0.0,0.0
2024-01-06T07:00:00,0.0,0.0
2024-01-06T08:00:00,0.0,0.0
2024-01-06T09:00:00,0.0,0.0
2024-01-06T10:00:00,0.0,0.0
2024-01-06T11:00:00,0.0,0.0
2024-01-06T12:00:00,0.16135179,1.1444428
2024-01-06T13:00:00,0.40579602,1.7144253
2024-01-06T14:00:00,0.42215842,0.1185117
2024-01-06T15:00:00,0.6132381,1.3497697
2024-01-06T16:00:00,0.4143044,-1.1489121
2024-01-06T17:00:00,0.20521702,-1.2090026
2024-01-06T18:00:00,0.0599157,-0.8338659
2024-01-06T19:00:00,0.044173814,-0.0889682
2024-01-06T20:00:00,0.0005858664,-0.24965654
2024-01-06T21:00:00,1.3207255e-06,-0.0033556381
2024-01-06T22:00:00,0.0,-7.5381317e-06
2024-01-06T23:00:00,0.0,0.0
2024-01-07T00:00:00,0.0,0.0
2024-01-07T01:00:00,0.0,0.0
2024-01-07T02:00:00,0.0,0.0
2024-01-07T03:00:00,0.0,0.0
2024-01-07T04:00:00,0.0,0.0
2024-01-07T05:00:00,0.0,0.0
2024-01-07T06:00:00,0.0,0.0
2024-01-07T07:00:00,0.0,0.0
2024-01-07T08:00:00,0.0,0.0
2024-01-07T09:00:00,0.0,0.0
2024-01-07T10:00:00,0.0,0.0
2024-01-07T11:00:00,0.099272914,0.710318
2024-01-07T12:00:00,0.0011570503,-0.5682882
2024-01-07T13:00:00,1.6799833e-05,-0.0067016487
2024-01-07T14:00:00,0.021836989,0.15791246
2024-01-07T15:00:00,2.2716156e-05,-0.12359326
2024-01-07T16:00:00,8.09267e-08,-0.00012870308
2024-01-07T17:00:00,5.4298227e-10,-4.6014617e-07
2024-01-07T18:00:00,1.051207e-11,-3.1082317e-09
2024-01-07T19:00:00,3.9057618e-14,-6.136296e-11
2024-01-07T20:00:00,1.1489712e-16,-2.288445e-13
2024-01-07T21:00:00,0.0,-6.5289797e-16
2024-01-07T22:00:00,0.0,0.0
2024-01-07T23:00:00,0.0,0.0
2024-01-08T00:00:00,0.0,0.0
2024-01-08T01:00:00,0.0,0.0
2024-01-08T02:00:00,0.0,0.0
2024-01-08T03:00:00,0.0,0.0
2024-01-08T04:00:00,0.0,0.0
2024-01-08T05:00:00,0.0,0.0
2024-01-08T06:00:00,0.0,0.0
2024-01-08T07:00:00,0.0,0.0
2024-01-08T08:00:00,0.0,0.0
2024-01-08T09:00:00,0.0,0.0
2024-01-08T10:00:00,0.06511286,0.46820745
2024-01-08T11:00:00,0.28995427,1.5810503
2024-01-08T12:00:00,0.4888896,1.4037616
2024-01-08T13:00:00,0.6673029,1.2624823
2024-01-08T14:00:00,0.7259617,0.42219716
2024-01-08T15:00:00,0.6714381,-0.30956548
2024-01-08T16:00:00,0.6006081,-0.4029231
2024-01-08T17:00:00,0.51120645,-0.5096872
2024-01-08T18:00:00,0.25203678,-1.5074693
2024-01-08T19:00:00,0.19509293,-0.32339948
2024-01-08T20:00:00,0.0033606775,-1.1079854
2024-01-08T21:00:00,2.2164497e-05,-0.019420737
2024-01-08T22:00:00,0.0,-0.00012687442
2024-01-08T23:00:00,0.0,0.0
2024-01-09T00:00:00,0.0,0.0
2024-01-09T01:00:00,0.0,0.0
2024-01-09T02:00:00,0.0,0.0
2024-01-09T03:00:00,0.0,0.0
2024-01-09T04:00:00,0.0,0.0
2024-01-09T05:00:00,0.0,0.0
2024-01-09T06:00:00,0.0,0.0
2024-01-09T07:00:00,0.0,0.0
2024-01-09T08:00:00,0.0,0.0
2024-01-09T09:00:00,0.0,0.0
2024-01-09T10:00:00,0.10170793,0.72748697
2024-01-09T11:00:00,0.19919597,0.69772565
2024-01-09T12:00:00,0.50390816,2.1204243
2024-01-09T13:00:00,0.53574365,0.23004793
2024-01-09T14:00:00,0.6121654,0.5486205
2024-01-09T15:00:00,0.7389259,0.9034547
2024-01-09T16:00:00,0.6226297,-0.6651258
2024-01-09T17:00:00,0.5009636,-0.6962791
2024-01-09T18:00:00,0.43210387,-0.39162415
2024-01-09T19:00:00,0.018732699,-2.4483862
2024-01-09T20:00:00,0.0,-0.110947974
2024-01-09T21:00:00,0.0,0.0
2024-01-09T22:00:00,0.0,0.0
2024-01-09T23:00:00,0.0,0.0
2024-01-10T00:00:00,0.0,0.0
2024-01-10T01:00:00,0.0,0.0
2024-01-10T02:00:00,0.0,0.0
2024-01-10T03:00:00,0.0,0.0
2024-01-10T04:00:00,0.0,0.0
2024-01-10T05:00:00,0.0,0.0
2024-01-10T06:00:00,0.0,0.0
2024-01-10T07:00:00,0.0,0.0
2024-01-10T08:00:00,0.0,0.0
2024-01-10T09:00:00,0.13919012,0.9903094
2024-01-10T10:00:00,0.3449694,1.4507133
2024-01-10T11:00:00,0.59705335,1.7662269
2024-01-10T12:00:00,0.75398546,1.1137774
2024-01-10T13:00:00,0.8054827,0.37104267
2024-01-10T14:00:00,0.92536175,0.8552419
2024-01-10T15:00:00,0.9928766,0.47738752
2024-01-10T16:00:00,0.999164,0.045290165
2024-01-10T17:00:00,0.80082935,-1.1453712
2024-01-10T18:00:00,0.55754447,-1.4124329
2024-01-10T19:00:00,0.16972257,-2.2901692
2024-01-10T20:00:00,0.0,-0.9941719
2024-01-10T21:00:00,0.0,0.0
2024-01-10T22:00:00,0.0,0.0
2024-01-10T23:00:00,0.0,0.0
2024-01-11T00:00:00,0.0,0.0
2024-01-11T01:00:00,0.0,0.0
2024-01-11T02:00:00,0.0,0.0
2024-01-11T03:00:00,0.0,0.0
2024-01-11T04:00:00,0.0,0.0
2024-01-11T05:00:00,0.0,0.0
2024-01-11T06:00:00,0.0,0.0
2024-01-11T07:00:00,0.0,0.0
2024-01-11T08:00:00,0.0,0.0
2024-01-11T09:00:00,0.042630523,0.30756032
2024-01-11T10:00:00,0.32441363,1.9666697
2024-01-11T11:00:00,0.6513302,2.2685103
2024-01-11T12:00:00,0.76881075,0.83841556
2024-01-11T13:00:00,0.86349267,0.6779156
2024-01-11T14:00:00,0.9090212,0.3283274
2024-01-11T15:00:00,0.88035256,-0.16227391
2024-01-11T16:00:00,0.85211587,-0.15982082
2024-01-11T17:00:00,0.61800987,-1.3576739
2024-01-11T18:00:00,0.54146445,-0.43573007
2024-01-11T19:00:00,0.37288105,-0.9701437
2024-01-11T20:00:00,0.22896713,-0.8257684
2024-01-11T21:00:00,0.0022744809,-1.313798
2024-01-11T22:00:00,0.0,-0.013066646
2024-01-11T23:00:00,0.0,0.0
2024-01-12T00:00:00,0.006358658,0.04612496
2024-01-12T01:00:00,0.00014091696,-0.035904996
2024-01-12T02:00:00,1.8361294e-06,-0.0008137397
2024-01-12T03:00:00,0.0,-1.0397087e-05
2024-01-12T04:00:00,0.0,0.0
2024-01-12T05:00:00,0.0,0.0
2024-01-12T06:00:00,0.0,0.0
2024-01-12T07:00:00,0.0,0.0
2024-01-12T08:00:00,0.0,0.0
2024-01-12T09:00:00,0.20928384,1.4747237
2024-01-12T10:00:00,0.09647106,-0.6449378
2024-01-12T11:00:00,0.4324519,2.3287375
2024-01-12T12:00:00,0.36299506,-0.39504793
2024-01-12T13:00:00,0.58140725,1.5371618
2024-01-12T14:00:00,0.6171511,0.2581397
2024-01-12T15:00:00,0.7156534,0.70488244
2024-01-12T16:00:00,0.5490302,-0.9586417
2024-01-12T17:00:00,0.43783632,-0.6355611
2024-01-12T18:00:00,0.22407617,-1.2367043
2024-01-12T19:00:00,0.0040519075,-1.2963873
2024-01-12T20:00:00,0.0,-0.023544487
2024-01-12T21:00:00,0.0,0.0
2024-01-12T22:00:00,0.0,0.0
2024-01-12T23:00:00,0.0,0.0
2024-01-13T00:00:00,0.0,0.0
2024-01-13T01:00:00,0.0,0.0
2024-01-13T02:00:00,0.0,0.0
2024-01-13T03:00:00,0.0,0.0
2024-01-13T04:00:00,0.0,0.0
2024-01-13T05:00:00,0.0,0.0
2024-01-13T06:00:00,0.0,0.0
2024-01-13T07:00:00,0.0,0.0
2024-01-13T08:00:00,0.0,0.0
2024-01-13T09:00:00,0.0,0.0
2024-01-13T10:00:00,0.0,0.0
2024-01-13T11:00:00,0.17589149,1.2450688
2024-01-13T12:00:00,0.19884051,0.16605368
2024-01-13T13:00:00,0.5389417,2.3560717
2024-01-13T14:00:00,0.5683727,0.2127494
2024-01-13T15:00:00,0.5223274,-0.26116708
2024-01-13T16:00:00,0.4451886,-0.43913883
2024-01-13T17:00:00,0.1710941,-1.5970815
2024-01-13T18:00:00,0.0,-0.98638546
2024-01-13T19:00:00,0.07623603,0.5473023
2024-01-13T20:00:00,0.08328777,0.051147085
2024-01-13T21:00:00,0.06624044,-0.09636103
2024-01-13T22:00:00,0.0012846322,-0.37442794
2024-01-13T23:00:00,4.330761e-06,-0.0074050687
2024-01-14T00:00:00,0.0,-2.485156e-05
2024-01-14T01:00:00,0.0,0.0
2024-01-14T02:00:00,0.026306208,0.19024976
2024-01-14T03:00:00,0.00049589394,-0.14898837
2024-01-14T04:00:00,0.0,-0.0028421395
2024-01-14T05:00:00,0.0,0.0
2024-01-14T06:00:00,0.0,0.0
2024-01-14T07:00:00,0.0,0.0
2024-01-14T08:00:00,0.0,0.0
2024-01-14T09:00:00,0.0,0.0
2024-01-14T10:00:00,0.0,0.0
2024-01-14T11:00:00,0.012613853,0.0914129
2024-01-14T12:00:00,0.00018181605,-0.07129318
2024-01-14T13:00:00,1.4722667e-06,-0.0010426485
2024-01-14T14:00:00,2.7139588e-08,-8.511835e-06
2024-01-14T15:00:00,0.0,-1.5807893e-07
2024-01-14T16:00:00,0.0,0.0
2024-01-14T17:00:00,0.0,0.0
2024-01-14T18:00:00,0.0,0.0
2024-01-14T19:00:00,0.0,0.0
2024-01-14T20:00:00,0.0,0.0
2024-01-14T21:00:00,0.0,0.0
2024-01-14T22:00:00,0.0,0.0
2024-01-14T23:00:00,0.010865704,0.07876482
2024-01-15T00:00:00,0.00011570523,-0.061396476
2024-01-15T01:00:00,0.0,-0.0006538716
2024-01-15T02:00:00,0.0,0.0
2024-01-15T03:00:00,0.0,0.0
2024-01-15T04:00:00,0.0,0.0
2024-01-15T05:00:00,0.0,0.0
2024-01-15T06:00:00,0.0,0.0
2024-01-15T07:00:00,0.0,0.0
2024-01-15T08:00:00,0.0,0.0
2024-01-15T09:00:00,0.013583111,0.098422736
2024-01-15T10:00:00,0.068124585,0.39280072
2024-01-15T11:00:00,0.26925334,1.4188182
2024-01-15T12:00:00,0.5262042,1.7991756
2024-01-15T13:00:00,0.62701726,0.72117853
2024-01-15T14:00:00,0.71778405,0.6502501
2024-01-15T15:00:00,0.62880886,-0.5072304
2024-01-15T16:00:00,0.34057865,-1.6822417
2024-01-15T17:00:00,0.23966154,-0.5761212
2024-01-15T18:00:00,0.23123065,-0.04760761
2024-01-15T19:00:00,0.008039112,-1.3057146
2024-01-15T20:00:00,0.0,-0.04620716
2024-01-15T21:00:00,0.0,0.0
2024-01-15T22:00:00,0.0,0.0
2024-01-15T23:00:00,0.0,0.0
2024-01-16T00:00:00,0.0,0.0
2024-01-16T01:00:00,0.0,0.0
2024-01-16T02:00:00,0.0,0.0
2024-01-16T03:00:00,0.0,0.0
2024-01-16T04:00:00,0.0,0.0
2024-01-16T05:00:00,0.0,0.0
2024-01-16T06:00:00,0.0,0.0
2024-01-16T07:00:00,0.0,0.0
2024-01-16T08:00:00,0.0,0.0
2024-01-16T09:00:00,0.0,0.0
2024-01-16T10:00:00,0.0,0.0
2024-01-16T11:00:00,0.0,0.0
2024-01-16T12:00:00,0.03498052,0.252656
2024-01-16T13:00:00,0.041460145,0.047001578
2024-01-16T14:00:00,0.00079806463,-0.23411442
2024-01-16T15:00:00,0.01973354,0.13709524
2024-01-16T16:00:00,0.00080145017,-0.111639746
2024-01-16T17:00:00,0.0,-0.0047076084
2024-01-16T18:00:00,0.0,0.0
2024-01-16T19:00:00,0.0,0.0
2024-01-16T20:00:00,0.0,0.0
2024-01-16T21:00:00,0.0,0.0
2024-01-16T22:00:00,0.0,0.0
2024-01-16T23:00:00,0.0,0.0
2024-01-17T00:00:00,0.0,0.0
2024-01-17T01:00:00,0.0,0.0
2024-01-17T02:00:00,0.0,0.0
2024-01-17T03:00:00,0.0,0.0
2024-01-17T04:00:00,0.0,0.0
2024-01-17T05:00:00,0.0,0.0
2024-01-17T06:00:00,0.0,0.0
2024-01-17T07:00:00,0.0,0.0
2024-01-17T08:00:00,0.0,0.0
2024-01-17T09:00:00,0.11489002,0.8202297
2024-01-17T10:00:00,0.2563472,1.0061194
2024-01-17T11:00:00,0.42856786,1.2197005
2024-01-17T12:00:00,0.6775611,1.7452822
2024-01-17T13:00:00,0.777172,0.71270186
2024-01-17T14:00:00,0.8883753,0.7943256
2024-01-17T15:00:00,0.98859394,0.7138265
2024-01-17T16:00:00,0.76286995,-1.3077677
2024-01-17T17:00:00,0.34179947,-2.496247
2024-01-17T18:00:00,0.0,-2.0248182
2024-01-17T19:00:00,0.0,0.0
2024-01-17T20:00:00,0.0,0.0
2024-01-17T21:00:00,0.0,0.0
2024-01-17T22:00:00,0.0,0.0
2024-01-17T23:00:00,0.0,0.0
2024-01-18T00:00:00,0.0,0.0
2024-01-18T01:00:00,0.0,0.0
2024-01-18T02:00:00,0.0,0.0
2024-01-18T03:00:00,0.0,0.0
2024-01-18T04:00:00,0.0,0.0
2024-01-18T05:00:00,0.0,0.0
2024-01-18T06:00:00,0.0,0.0
2024-01-18T07:00:00,0.0,0.0
2024-01-18T08:00:00,0.0,0.0
2024-01-18T09:00:00,0.092989035,0.6659568
2024-01-18T10:00:00,0.41462585,2.2333698
2024-01-18T11:00:00,0.7240196,2.1517122
2024-01-18T12:00:00,0.9765818,1.7656449
2024-01-18T13:00:00,0.9972535,0.14923787
2024-01-18T14:00:00,0.9189202,-0.4460016
2024-01-18T15:00:00,0.5907851,-1.9241545
2024-01-18T16:00:00,0.52820015,-0.35567388
2024-01-18T17:00:00,0.38669303,-0.8117274
2024-01-18T18:00:00,0.24005915,-0.8416457
2024-01-18T19:00:00,0.19302554,-0.26680398
2024-01-18T20:00:00,0.19532554,0.01669412
2024-01-18T21:00:00,0.15598314,-0.22297187
2024-01-18T22:00:00,0.0062917685,-0.88402975
2024-01-18T23:00:00,0.0,-0.037135273
2024-01-19T00:00:00,0.0,0.0
2024-01-19T01:00:00,0.0,0.0
2024-01-19T02:00:00,0.0,0.0
2024-01-19T03:00:00,0.0,0.0
2024-01-19T04:00:00,0.0,0.0
2024-01-19T05:00:00,0.0,0.0
2024-01-19T06:00:00,0.0,0.0
2024-01-19T07:00:00,0.013504274,0.097852655
2024-01-19T08:00:00,0.00012866032,-0.07633607
2024-01-19T09:00:00,0.0,-0.00073315203
2024-01-19T10:00:00,0.2749009,1.920352
2024-01-19T11:00:00,0.5557948,1.9606893
2024-01-19T12:00:00,0.63644755,0.578639
2024-01-19T13:00:00,0.5790844,-0.32579708
2024-01-19T14:00:00,0.6970147,0.8415712
2024-01-19T15:00:00,0.6262857,-0.40234417
2024-01-19T16:00:00,0.499286,-0.7272607
2024-01-19T17:00:00,0.39960492,-0.56898177
2024-01-19T18:00:00,0.07720057,-1.8892759
2024-01-19T19:00:00,0.0,-0.4521114
2024-01-19T20:00:00,0.0,0.0
2024-01-19T21:00:00,0.0,0.0
2024-01-19T22:00:00,0.0,0.0
2024-01-19T23:00:00,0.0,0.0
2024-01-20T00:00:00,0.0,0.0
2024-01-20T01:00:00,0.0,0.0
2024-01-20T02:00:00,0.0,0.0
2024-01-20T03:00:00,0.0,0.0
2024-01-20T04:00:00,0.0,0.0
2024-01-20T05:00:00,0.0,0.0
2024-01-20T06:00:00,0.0,0.0
2024-01-20T07:00:00,0.0,0.0
2024-01-20T08:00:00,0.0,0.0
2024-01-20T09:00:00,0.056117475,0.40405717
2024-01-20T10:00:00,0.0005302345,-0.3192371
2024-01-20T11:00:00,0.12039041,0.85510916
2024-01-20T12:00:00,0.30251497,1.2880876
2024-01-20T13:00:00,0.46806067,1.1735079
2024-01-20T14:00:00,0.46045676,-0.042933676
2024-01-20T15:00:00,0.28054285,-1.036734
2024-01-20T16:00:00,0.23068896,-0.28289658
2024-01-20T17:00:00,0.009359997,-1.3090477
2024-01-20T18:00:00,0.0,-0.053594608
2024-01-20T19:00:00,0.0,0.0
2024-01-20T20:00:00,0.0,0.0
2024-01-20T21:00:00,0.0,0.0
2024-01-20T22:00:00,0.0,0.0
2024-01-20T23:00:00,0.0,0.0
2024-01-21T00:00:00,0.0,0.0
2024-01-21T01:00:00,0.0,0.0
2024-01-21T02:00:00,0.0,0.0
2024-01-21T03:00:00,0.0,0.0
2024-01-21T04:00:00,0.0,0.0
2024-01-21T05:00:00,0.0,0.0
2024-01-21T06:00:00,0.0,0.0
2024-01-21T07:00:00,0.0,0.0
2024-01-21T08:00:00,0.0,0.0
2024-01-21T09:00:00,0.0,0.0
2024-01-21T10:00:00,0.0,0.0
2024-01-21T11:00:00,0.0,0.0
2024-01-21T12:00:00,0.0,0.0
2024-01-21T13:00:00,0.0,0.0
2024-01-21T14:00:00,0.0,0.0
2024-01-21T15:00:00,0.0,0.0
2024-01-21T16:00:00,0.0,0.0
2024-01-21T17:00:00,0.0,0.0
2024-01-21T18:00:00,0.0,0.0
2024-01-21T19:00:00,0.0,0.0
2024-01-21T20:00:00,0.0,0.0
2024-01-21T21:00:00,0.0,0.0
2024-01-21T22:00:00,0.0,0.0
2024-01-21T23:00:00,0.0,0.0
2024-01-22T00:00:00,0.0,0.0
2024-01-22T01:00:00,0.0,0.0
2024-01-22T02:00:00,0.0,0.0
2024-01-22T03:00:00,0.0,0.0
2024-01-22T04:00:00,0.0,0.0
2024-01-22T05:00:00,0.0,0.0
2024-01-22T06:00:00,0.0,0.0
2024-01-22T07:00:00,0.0,0.0
2024-01-22T08:00:00,0.010748968,0.077919975
2024-01-22T09:00:00,0.064179,0.38485926
2024-01-22T10:00:00,0.116409406,0.37628475
2024-01-22T11:00:00,0.2849913,1.1945294
2024-01-22T12:00:00,0.5426235,1.8037848
2024-01-22T13:00:00,0.83597785,2.0443697
2024-01-22T14:00:00,0.98604786,1.0489609
2024-01-22T15:00:00,0.9985767,0.08850765
2024-01-22T16:00:00,0.9997503,0.008322657
2024-01-22T17:00:00,0.80294013,-1.1363629
2024-01-22T18:00:00,0.4080731,-2.3337045
2024-01-22T19:00:00,0.10120278,-1.7949648
2024-01-22T20:00:00,6.7335066e-05,-0.59196156
2024-01-22T21:00:00,7.2888656e-07,-0.00039412265
2024-01-22T22:00:00,0.0,-4.2885913e-06
2024-01-22T23:00:00,0.0,0.0
2024-01-23T00:00:00,0.0,0.0
2024-01-23T01:00:00,0.0,0.0
2024-01-23T02:00:00,0.0,0.0
2024-01-23T03:00:00,0.0,0.0
2024-01-23T04:00:00,0.0,0.0
2024-01-23T05:00:00,0.0,0.0
2024-01-23T06:00:00,0.0020025366,0.01453577
2024-01-23T07:00:00,4.33486e-05,-0.011300115
2024-01-23T08:00:00,0.0,-0.00024888694
2024-01-23T09:00:00,0.044315126,0.3196342
2024-01-23T10:00:00,0.18901901,1.0287437
2024-01-23T11:00:00,0.44736588,1.8086189
2024-01-23T12:00:00,0.7383916,2.0287504
2024-01-23T13:00:00,0.89840823,1.1351829
2024-01-23T14:00:00,0.9910431,0.6493398
2024-01-23T15:00:00,0.9989642,0.05647344
2024-01-23T16:00:00,0.9576035,-0.23446625
2024-01-23T17:00:00,0.78616536,-0.9869046
2024-01-23T18:00:00,0.4324071,-2.080666
2024-01-23T19:00:00,0.067773424,-2.1473756
2024-01-23T20:00:00,0.00018259186,-0.39912656
2024-01-23T21:00:00,0.0,-0.001074282
2024-01-23T22:00:00,0.0,0.0
2024-01-23T23:00:00,0.0,0.0
2024-01-24T00:00:00,0.0,0.0
2024-01-24T01:00:00,0.0,0.0
2024-01-24T02:00:00,0.0,0.0
2024-01-24T03:00:00,0.0,0.0
2024-01-24T04:00:00,0.0,0.0
2024-01-24T05:00:00,0.0,0.0
2024-01-24T06:00:00,0.0,0.0
2024-01-24T07:00:00,0.0,0.0
2024-01-24T08:00:00,0.0,0.0
2024-01-24T09:00:00,0.052121215,0.3755042
2024-01-24T10:00:00,0.22666186,1.2357364
2024-01-24T11:00:00,0.38142946,1.0987463
2024-01-24T12:00:00,0.50033545,0.8484166
2024-01-24T13:00:00,0.7372782,1.6634643
2024-01-24T14:00:00,0.93309027,1.3823072
2024-01-24T15:00:00,0.99366057,0.42730895
2024-01-24T16:00:00,0.9992612,0.039656885
2024-01-24T17:00:00,0.9997987,0.0038126453
2024-01-24T18:00:00,0.8031144,-1.1356193
2024-01-24T19:00:00,0.47287792,-1.9369553
2024-01-24T20:00:00,0.19944234,-1.5931187
2024-01-24T21:00:00,0.0,-1.1533242
2024-01-24T22:00:00,0.0,0.0
2024-01-24T23:00:00,0.0,0.0
2024-01-25T00:00:00,0.0,0.0
2024-01-25T01:00:00,0.0,0.0
2024-01-25T02:00:00,0.0,0.0
2024-01-25T03:00:00,0.0,0.0
2024-01-25T04:00:00,0.0,0.0
2024-01-25T05:00:00,0.0,0.0
2024-01-25T06:00:00,0.0,0.0
2024-01-25T07:00:00,0.0,0.0
2024-01-25T08:00:00,0.0,0.0
2024-01-25T09:00:00,0.0,0.0
2024-01-25T10:00:00,0.24823718,1.7401559
2024-01-25T11:00:00,0.5196725,1.8969986
2024-01-25T12:00:00,0.81615335,2.0653262
2024-01-25T13:00:00,0.98226714,1.1756452
2024-01-25T14:00:00,0.99821216,0.112511106
2024-01-25T15:00:00,0.9996877,0.010462436
2024-01-25T16:00:00,0.9998313,0.0010191003
2024-01-25T17:00:00,0.9998451,9.975318e-05
2024-01-25T18:00:00,0.8923146,-0.614356
2024-01-25T19:00:00,0.6142612,-1.6209037
2024-01-25T20:00:00,0.368971,-1.4244113
2024-01-25T21:00:00,0.085623704,-1.6527932
2024-01-25T22:00:00,0.0,-0.49840203
2024-01-25T23:00:00,0.0,0.0
2024-01-26T00:00:00,0.0,0.0
2024-01-26T01:00:00,0.0,0.0
2024-01-26T02:00:00,0.0,0.0
2024-01-26T03:00:00,0.0,0.0
2024-01-26T04:00:00,0.0,0.0
2024-01-26T05:00:00,0.0,0.0
2024-01-26T06:00:00,0.0,0.0
2024-01-26T07:00:00,0.0,0.0
2024-01-26T08:00:00,0.0,0.0
2024-01-26T09:00:00,0.23571625,1.6551231
2024-01-26T10:00:00,0.43209,1.3861669
2024-01-26T11:00:00,0.618861,1.3201098
2024-01-26T12:00:00,0.87770164,1.8119583
2024-01-26T13:00:00,0.988941,0.7816698
2024-01-26T14:00:00,0.9988036,0.069733866
2024-01-26T15:00:00,0.9997361,0.0066128653
2024-01-26T16:00:00,0.85034734,-0.85773706
2024-01-26T17:00:00,0.5129086,-1.9808763
2024-01-26T18:00:00,0.3631328,-0.8599987
2024-01-26T19:00:00,0.20219792,-0.9252924
2024-01-26T20:00:00,0.040229566,-0.9313481
2024-01-26T21:00:00,0.0,-0.23041034
2024-01-26T22:00:00,0.0,0.0
2024-01-26T23:00:00,0.0,0.0
2024-01-27T00:00:00,0.0,0.0
2024-01-27T01:00:00,0.0,0.0
2024-01-27T02:00:00,0.0,0.0
2024-01-27T03:00:00,0.0,0.0
2024-01-27T04:00:00,0.0,0.0
2024-01-27T05:00:00,0.0,0.0
2024-01-27T06:00:00,0.0,0.0
2024-01-27T07:00:00,0.0,0.0
2024-01-27T08:00:00,0.0,0.0
2024-01-27T09:00:00,0.17216259,1.2192991
2024-01-27T10:00:00,0.31367183,1.0064821
2024-01-27T11:00:00,0.44834456,0.95877737
2024-01-27T12:00:00,0.7525237,2.1168597
2024-01-27T13:00:00,0.6811009,-0.40632415
2024-01-27T14:00:00,0.8342269,1.0873405
2024-01-27T15:00:00,0.8839465,0.35832885
2024-01-27T16:00:00,0.5921986,-1.703477
2024-01-27T17:00:00,0.39620978,-1.1315107
2024-01-27T18:00:00,0.4212952,0.1814541
2024-01-27T19:00:00,0.32489184,-0.55005956
2024-01-27T20:00:00,0.040621754,-1.658356
2024-01-27T21:00:00,0.04946919,0.064154096
2024-01-27T22:00:00,0.0005746428,-0.27943954
2024-01-27T23:00:00,0.0,-0.0032698645
2024-01-28T00:00:00,0.0,0.0
2024-01-28T01:00:00,0.0,0.0
2024-01-28T02:00:00,0.0,0.0
2024-01-28T03:00:00,0.035619684,0.257248
2024-01-28T04:00:00,0.062476356,0.19421476
2024-01-28T05:00:00,0.00075337564,-0.3538715
2024-01-28T06:00:00,0.0,-0.0042517628
2024-01-28T07:00:00,0.0,0.0
2024-01-28T08:00:00,0.0,0.0
2024-01-28T09:00:00,0.0,0.0
2024-01-28T10:00:00,0.0,0.0
2024-01-28T11:00:00,0.0,0.0
2024-01-28T12:00:00,0.0,0.0
2024-01-28T13:00:00,0.0,0.0
2024-01-28T14:00:00,0.0,0.0
2024-01-28T15:00:00,0.0,0.0
2024-01-28T16:00:00,0.0,0.0
2024-01-28T17:00:00,0.0,0.0
2024-01-28T18:00:00,0.0,0.0
2024-01-28T19:00:00,0.0,0.0
2024-01-28T20:00:00,0.0,0.0
2024-01-28T21:00:00,0.0,0.0
2024-01-28T22:00:00,0.0,0.0
2024-01-28T23:00:00,0.0,0.0
2024-01-29T00:00:00,0.0,0.0
2024-01-29T01:00:00,0.0,0.0
2024-01-29T02:00:00,0.0,0.0
2024-01-29T03:00:00,0.0,0.0
2024-01-29T04:00:00,0.0,0.0
2024-01-29T05:00:00,0.0,0.0
2024-01-29T06:00:00,0.0,0.0
2024-01-29T07:00:00,0.0,0.0
2024-01-29T08:00:00,0.0,0.0
2024-01-29T09:00:00,0.021717358,0.15717071
2024-01-29T10:00:00,0.08161942,0.4310672
2024-01-29T11:00:00,0.2162071,0.9581833
2024-01-29T12:00:00,0.3807307,1.1664273
2024-01-29T13:00:00,0.60696876,1.590575
2024-01-29T14:00:00,0.66248184,0.39974102
2024-01-29T15:00:00,0.6148742,-0.27007854
2024-01-29T16:00:00,0.44577304,-0.9731826
2024-01-29T17:00:00,0.23384522,-1.225838
2024-01-29T18:00:00,0.12217521,-0.63831854
2024-01-29T19:00:00,0.059351627,-0.35704005
2024-01-29T20:00:00,0.0050219996,-0.30845731
2024-01-29T21:00:00,8.311926e-05,-0.028512482
2024-01-29T22:00:00,6.289502e-07,-0.00047985296
2024-01-29T23:00:00,7.8290546e-10,-3.6586555e-06
2024-01-30T00:00:00,3.9876023e-12,-4.5599022e-09
2024-01-30T01:00:00,0.0,-2.2963735e-11
2024-01-30T02:00:00,0.0,0.0
2024-01-30T03:00:00,0.0,0.0
2024-01-30T04:00:00,0.0,0.0
2024-01-30T05:00:00,0.0,0.0
2024-01-30T06:00:00,0.0,0.0
2024-01-30T07:00:00,0.0,0.0
2024-01-30T08:00:00,0.0,0.0
2024-01-30T09:00:00,0.051105704,0.36824316
2024-01-30T10:00:00,0.15627511,0.7518733
2024-01-30T11:00:00,0.3875805,1.6251037
2024-01-30T12:00:00,0.62454623,1.6636206
2024-01-30T13:00:00,0.7256196,0.7230142
2024-01-30T14:00:00,0.976728,1.7548256
2024-01-30T15:00:00,0.9976714,0.14772303
2024-01-30T16:00:00,0.7954586,-1.1683027
2024-01-30T17:00:00,0.7283031,-0.3818548
2024-01-30T18:00:00,0.49127614,-1.3750877
2024-01-30T19:00:00,0.3018491,-1.0927799
2024-01-30T20:00:00,0.096177734,-1.1887703
2024-01-30T21:00:00,0.0016297065,-0.55590254
2024-01-30T22:00:00,7.0941132e-06,-0.009581987
2024-01-30T23:00:00,0.0,-4.173568e-05
2024-01-31T00:00:00,0.0,0.0
2024-01-31T01:00:00,0.0,0.0
2024-01-31T02:00:00,0.0,0.0
2024-01-31T03:00:00,0.0,0.0
2024-01-31T04:00:00,0.0,0.0
2024-01-31T05:00:00,0.0,0.0
2024-01-31T06:00:00,0.0,0.0
2024-01-31T07:00:00,0.0,0.0
2024-01-31T08:00:00,0.0,0.0
2024-01-31T09:00:00,0.0031875072,0.023132926
2024-01-31T10:00:00,0.1493345,1.0387936
2024-01-31T11:00:00,0.392555,1.7061185
2024-01-31T12:00:00,0.53052014,0.9817626
2024-01-31T13:00:00,0.68967515,1.1292053
2024-01-31T14:00:00,0.7240268,0.2481372
2024-01-31T15:00:00,0.40902117,-1.8443142
2024-01-31T16:00:00,0.0059745265,-2.3843386
2024-01-31T17:00:00,0.0,-0.03409389
2024-01-31T18:00:00,0.0,0.0
2024-01-31T19:00:00,0.0,0.0
2024-01-31T20:00:00,0.0,0.0
2024-01-31T21:00:00,0.0,0.0
2024-01-31T22:00:00,0.0,0.0
2024-01-31T23:00:00,0.0,0.0
2024-02-01T00:00:00,0.0,0.0
2024-02-01T01:00:00,0.0,0.0
2024-02-01T02:00:00,0.0,0.0
2024-02-01T03:00:00,0.0,0.0
2024-02-01T04:00:00,0.0,0.0
2024-02-01T05:00:00,0.0,0.0
2024-02-01T06:00:00,0.0,0.0
2024-02-01T07:00:00,0.0,0.0
2024-02-01T08:00:00,0.0,0.0
2024-02-01T09:00:00,0.0,0.0
2024-02-01T10:00:00,0.0,0.0
2024-02-01T11:00:00,0.067748524,0.48697206
2024-02-01T12:00:00,0.1641636,0.69015276
2024-02-01T13:00:00,0.29439196,0.9277168
2024-02-01T14:00:00,0.42108676,0.9029949
2024-02-01T15:00:00,0.49135238,0.50487924
2024-02-01T16:00:00,0.5743484,0.5952485
2024-02-01T17:00:00,0.46511096,-0.62423414
2024-02-01T18:00:00,0.1635206,-1.7629857
2024-02-01T19:00:00,0.0,-0.95221126
2024-02-01T20:00:00,0.0,0.0
2024-02-01T21:00:00,0.0,0.0
2024-02-01T22:00:00,0.0,0.0
2024-02-01T23:00:00,0.0,0.0
2024-02-02T00:00:00,0.0,0.0
2024-02-02T01:00:00,0.0,0.0
2024-02-02T02:00:00,0.0,0.0
2024-02-02T03:00:00,0.0,0.0
2024-02-02T04:00:00,0.0,0.0
2024-02-02T05:00:00,0.0,0.0
2024-02-02T06:00:00,0.0,0.0
2024-02-02T07:00:00,0.0,0.0
2024-02-02T08:00:00,0.0,0.0
2024-02-02T09:00:00,0.055783365,0.40167123
2024-02-02T10:00:00,0.27573496,1.547677
2024-02-02T11:00:00,0.56662935,2.0278695
2024-02-02T12:00:00,0.78798324,1.5572519
2024-02-02T13:00:00,0.8593545,0.51274097
2024-02-02T14:00:00,0.9244854,0.46833605
2024-02-02T15:00:00,0.99190533,0.4819295
2024-02-02T16:00:00,0.9688869,-0.13020477
2024-02-02T17:00:00,0.6925548,-1.6105434
2024-02-02T18:00:00,0.39874786,-1.7159148
2024-02-02T19:00:00,0.33040267,-0.388674
2024-02-02T20:00:00,0.31803638,-0.06986248
2024-02-02T21:00:00,0.13994078,-1.0260358
2024-02-02T22:00:00,0.12073863,-0.10856892
2024-02-02T23:00:00,0.02797035,-0.5290911
2024-02-03T00:00:00,9.615054e-05,-0.15952502
2024-02-03T01:00:00,9.785336e-07,-0.00055027293
2024-02-03T02:00:00,0.0,-5.6411454e-06
2024-02-03T03:00:00,0.0,0.0
2024-02-03T04:00:00,0.0,0.0
2024-02-03T05:00:00,0.0,0.0
2024-02-03T06:00:00,0.0,0.0
2024-02-03T07:00:00,0.0,0.0
2024-02-03T08:00:00,0.0,0.0
2024-02-03T09:00:00,0.0,0.0
2024-02-03T10:00:00,0.0,0.0
2024-02-03T11:00:00,0.09033222,0.6471772
2024-02-03T12:00:00,0.33207506,1.6960847
2024-02-03T13:00:00,0.6515604,2.2190378
2024-02-03T14:00:00,0.95909727,2.1393063
2024-02-03T15:00:00,0.99625164,0.26034886
2024-02-03T16:00:00,0.9994351,0.022559544
2024-02-03T17:00:00,0.8018054,-1.1412054
2024-02-03T18:00:00,0.4124438,-2.2996778
2024-02-03T19:00:00,0.19522999,-1.257198
2024-02-03T20:00:00,0.00032484776,-1.1299593
2024-02-03T21:00:00,0.0,-0.0018670744
2024-02-03T22:00:00,0.0,0.0
2024-02-03T23:00:00,0.0,0.0
2024-02-04T00:00:00,0.0,0.0
2024-02-04T01:00:00,0.0,0.0
2024-02-04T02:00:00,0.0,0.0
2024-02-04T03:00:00,0.0,0.0
2024-02-04T04:00:00,0.0,0.0
2024-02-04T05:00:00,0.0,0.0
2024-02-04T06:00:00,0.0,0.0
2024-02-04T07:00:00,0.0,0.0
2024-02-04T08:00:00,0.0,0.0
2024-02-04T09:00:00,0.0,0.0
2024-02-04T10:00:00,0.018862113,0.13656558
2024-02-04T11:00:00,0.09837217,0.5705353
2024-02-04T12:00:00,0.3251532,1.5942769
2024-02-04T13:00:00,0.5174107,1.3578713
2024-02-04T14:00:00,0.7186813,1.4197916
2024-02-04T15:00:00,0.89009994,1.2141548
2024-02-04T16:00:00,0.9387705,0.35082257
2024-02-04T17:00:00,0.95241874,0.098894015
2024-02-04T18:00:00,0.76178515,-1.0998969
2024-02-04T19:00:00,0.4290113,-1.9524204
2024-02-04T20:00:00,0.12675394,-1.7670233
2024-02-04T21:00:00,0.0,-0.7396774
2024-02-04T22:00:00,0.0,0.0
2024-02-04T23:00:00,0.0,0.0
2024-02-05T00:00:00,0.0,0.0
2024-02-05T01:00:00,0.0,0.0
2024-02-05T02:00:00,0.0,0.0
2024-02-05T03:00:00,0.0,0.0
2024-02-05T04:00:00,0.0,0.0
2024-02-05T05:00:00,0.0,0.0
2024-02-05T06:00:00,0.0,0.0
2024-02-05T07:00:00,0.0,0.0
2024-02-05T08:00:00,0.010247758,0.074292295
2024-02-05T09:00:00,0.00014633583,-0.05789937
2024-02-05T10:00:00,0.04522995,0.3251401
2024-02-05T11:00:00,0.15353392,0.77393615
2024-02-05T12:00:00,0.33026555,1.2508713
2024-02-05T13:00:00,0.5758913,1.7224431
2024-02-05T14:00:00,0.70385844,0.9118993
2024-02-05T15:00:00,0.90221494,1.3997867
2024-02-05T16:00:00,0.96227217,0.43217382
2024-02-05T17:00:00,0.99549866,0.23990265
2024-02-05T18:00:00,0.78764653,-1.2016847
2024-02-05T19:00:00,0.5188774,-1.5650712
2024-02-05T20:00:00,0.33574513,-1.0556806
2024-02-05T21:00:00,0.13753794,-1.144618
2024-02-05T22:00:00,0.0,-0.7942243
2024-02-05T23:00:00,0.0,0.0
2024-02-06T00:00:00,0.0,0.0
2024-02-06T01:00:00,0.0,0.0
2024-02-06T02:00:00,0.0,0.0
2024-02-06T03:00:00,0.0,0.0
2024-02-06T04:00:00,0.0,0.0
2024-02-06T05:00:00,0.0,0.0
2024-02-06T06:00:00,0.0,0.0
2024-02-06T07:00:00,0.0,0.0
2024-02-06T08:00:00,0.0,0.0
2024-02-06T09:00:00,0.010674157,0.07737854
2024-02-06T10:00:00,0.18240176,1.2162912
2024-02-06T11:00:00,0.4258495,1.7076612
2024-02-06T12:00:00,0.63580287,1.4793081
2024-02-06T13:00:00,0.90951586,1.912349
2024-02-06T14:00:00,0.98083454,0.512367
2024-02-06T15:00:00,0.9975945,0.121038884
2024-02-06T16:00:00,0.9890804,-0.048077475
2024-02-06T17:00:00,0.7646132,-1.3002933
2024-02-06T18:00:00,0.5413796,-1.292959
2024-02-06T19:00:00,0.24759486,-1.7157807
2024-02-06T20:00:00,0.0009029887,-1.4460199
2024-02-06T21:00:00,0.0,-0.005270365
2024-02-06T22:00:00,0.0,0.0
2024-02-06T23:00:00,0.0,0.0
2024-02-07T00:00:00,0.0,0.0
2024-02-07T01:00:00,0.0,0.0
2024-02-07T02:00:00,0.0,0.0
2024-02-07T03:00:00,0.0,0.0
2024-02-07T04:00:00,0.0,0.0
2024-02-07T05:00:00,0.0,0.0
2024-02-07T06:00:00,0.0,0.0
2024-02-07T07:00:00,0.0,0.0
2024-02-07T08:00:00,0.0,0.0
2024-02-07T09:00:00,0.02954864,0.21359581
2024-02-07T10:00:00,0.13782254,0.77372456
2024-02-07T11:00:00,0.37129936,1.639886
2024-02-07T12:00:00,0.6143337,1.7048545
2024-02-07T13:00:00,0.86217827,1.7374938
2024-02-07T14:00:00,0.98656774,0.8803791
2024-02-07T15:00:00,0.99848497,0.08428205
2024-02-07T16:00:00,0.9996147,0.008011329
2024-02-07T17:00:00,0.9997233,0.0007809114
2024-02-07T18:00:00,0.8028429,-1.1367778
2024-02-07T19:00:00,0.46459448,-1.9858183
2024-02-07T20:00:00,0.21980195,-1.421438
2024-02-07T21:00:00,0.07053492,-0.857026
2024-02-07T22:00:00,0.0,-0.40366298
2024-02-07T23:00:00,0.0,0.0
2024-02-08T00:00:00,0.0,0.0
2024-02-08T01:00:00,0.0,0.0
2024-02-08T02:00:00,0.0,0.0
2024-02-08T03:00:00,0.0,0.0
2024-02-08T04:00:00,0.0,0.0
2024-02-08T05:00:00,0.0,0.0
2024-02-08T06:00:00,0.0,0.0
2024-02-08T07:00:00,0.0,0.0
2024-02-08T08:00:00,0.0,0.0
2024-02-08T09:00:00,0.0,0.0
2024-02-08T10:00:00,0.21615167,1.5217135
2024-02-08T11:00:00,0.48904034,1.9067944
2024-02-08T12:00:00,0.7529288,1.8460732
2024-02-08T13:00:00,0.97871983,1.5795155
2024-02-08T14:00:00,0.99779373,0.13444486
2024-02-08T15:00:00,0.99953866,0.012371206
2024-02-08T16:00:00,0.9997072,0.0012036175
2024-02-08T17:00:00,0.95055616,-0.2788854
2024-02-08T18:00:00,0.7001405,-1.4550523
2024-02-08T19:00:00,0.4244307,-1.6067986
2024-02-08T20:00:00,0.18779254,-1.3727694
2024-02-08T21:00:00,0.0,-1.0858898
2024-02-08T22:00:00,0.0,0.0
2024-02-08T23:00:00,0.0,0.0
2024-02-09T00:00:00,0.0,0.0
2024-02-09T01:00:00,0.0,0.0
2024-02-09T02:00:00,0.0,0.0
2024-02-09T03:00:00,0.0,0.0
2024-02-09T04:00:00,0.0,0.0
2024-02-09T05:00:00,0.0,0.0
2024-02-09T06:00:00,0.0,0.0
2024-02-09T07:00:00,0.0,0.0
2024-02-09T08:00:00,0.0,0.0
2024-02-09T09:00:00,0.0,0.0
2024-02-09T10:00:00,0.14824371,1.0533882
2024-02-09T11:00:00,0.35394028,1.4501464
2024-02-09T12:00:00,0.58119196,1.5974852
2024-02-09T13:00:00,0.8528199,1.898297
2024-02-09T14:00:00,0.98660326,0.94014454
2024-02-09T15:00:00,0.9984816,0.08392646
2024-02-09T16:00:00,0.79837334,-1.1558557
2024-02-09T17:00:00,0.42146045,-2.2228966
2024-02-09T18:00:00,0.09427647,-1.9183624
2024-02-09T19:00:00,0.0007383171,-0.5527668
2024-02-09T20:00:00,0.0,-0.004310961
2024-02-09T21:00:00,0.0,0.0
2024-02-09T22:00:00,0.0,0.0
2024-02-09T23:00:00,0.0,0.0
2024-02-10T00:00:00,0.0,0.0
2024-02-10T01:00:00,0.0,0.0
2024-02-10T02:00:00,0.0,0.0
2024-02-10T03:00:00,0.0,0.0
2024-02-10T04:00:00,0.0,0.0
2024-02-10T05:00:00,0.0,0.0
2024-02-10T06:00:00,0.0,0.0
2024-02-10T07:00:00,0.0,0.0
2024-02-10T08:00:00,0.0,0.0
2024-02-10T09:00:00,0.0,0.0
2024-02-10T10:00:00,0.0,0.0
2024-02-10T11:00:00,0.014058457,0.10185978
2024-02-10T12:00:00,0.22304958,1.472719
2024-02-10T13:00:00,0.26160502,0.2783288
2024-02-10T14:00:00,0.26846707,0.049772687
2024-02-10T15:00:00,0.2706607,0.015922349
2024-02-10T16:00:00,0.32642758,0.40155348
2024-02-10T17:00:00,0.14271076,-1.0591235
2024-02-10T18:00:00,0.031721383,-0.63437694
2024-02-10T19:00:00,0.00033266412,-0.18130846
2024-02-10T20:00:00,0.0,-0.001913449
2024-02-10T21:00:00,0.0,0.0
2024-02-10T22:00:00,0.0,0.0
2024-02-10T23:00:00,0.0,0.0
2024-02-11T00:00:00,0.0,0.0
2024-02-11T01:00:00,0.0,0.0
2024-02-11T02:00:00,0.0,0.0
2024-02-11T03:00:00,0.0,0.0
2024-02-11T04:00:00,0.0,0.0
2024-02-11T05:00:00,0.0,0.0
2024-02-11T06:00:00,0.0,0.0
2024-02-11T07:00:00,0.0,0.0
2024-02-11T08:00:00,0.0,0.0
2024-02-11T09:00:00,0.0,0.0
2024-02-11T10:00:00,0.06516209,0.4685581
2024-02-11T11:00:00,0.20735092,1.0112194
2024-02-11T12:00:00,0.0043458226,-1.1942246
2024-02-11T13:00:00,0.0,-0.02530824
2024-02-11T14:00:00,0.0,0.0
2024-02-11T15:00:00,0.026021054,0.18819553
2024-02-11T16:00:00,0.0005280405,-0.14736706
2024-02-11T17:00:00,6.938405e-06,-0.0030524356
2024-02-11T18:00:00,9.336723e-09,-4.064277e-05
2024-02-11T19:00:00,0.0,-5.4259285e-08
2024-02-11T20:00:00,0.0,0.0
2024-02-11T21:00:00,0.0,0.0
2024-02-11T22:00:00,0.0,0.0
2024-02-11T23:00:00,0.0,0.0
2024-02-12T00:00:00,0.0,0.0
2024-02-12T01:00:00,0.0,0.0
2024-02-12T02:00:00,0.0,0.0
2024-02-12T03:00:00,0.0,0.0
2024-02-12T04:00:00,0.0,0.0
2024-02-12T05:00:00,0.0,0.0
2024-02-12T06:00:00,0.0,0.0
2024-02-12T07:00:00,0.0,0.0
2024-02-12T08:00:00,0.0,0.0
2024-02-12T09:00:00,0.0,0.0
2024-02-12T10:00:00,0.010215967,0.07406218
2024-02-12T11:00:00,0.18193327,1.2162199
2024-02-12T12:00:00,0.42821413,1.7268878
2024-02-12T13:00:00,0.67867523,1.755231
2024-02-12T14:00:00,0.82760656,1.058173
2024-02-12T15:00:00,0.98493814,1.1014103
2024-02-12T16:00:00,0.97163355,-0.075171575
2024-02-12T17:00:00,0.70231956,-1.5683445
2024-02-12T18:00:00,0.42324856,-1.6270305
2024-02-12T19:00:00,0.28904963,-0.769141
2024-02-12T20:00:00,0.16518866,-0.709024
2024-02-12T21:00:00,0.04190121,-0.7056931
2024-02-12T22:00:00,0.0,-0.23958302
2024-02-12T23:00:00,0.0,0.0
2024-02-13T00:00:00,0.0,0.0
2024-02-13T01:00:00,0.0,0.0
2024-02-13T02:00:00,0.0,0.0
2024-02-13T03:00:00,0.0,0.0
2024-02-13T04:00:00,0.0,0.0
2024-02-13T05:00:00,0.0,0.0
2024-02-13T06:00:00,0.0,0.0
2024-02-13T07:00:00,0.0,0.0
2024-02-13T08:00:00,0.0,0.0
2024-02-13T09:00:00,0.0,0.0
2024-02-13T10:00:00,0.0,0.0
2024-02-13T11:00:00,0.0,0.0
2024-02-13T12:00:00,0.0,0.0
2024-02-13T13:00:00,0.0,0.0
2024-02-13T14:00:00,0.0,0.0
2024-02-13T15:00:00,0.28682432,2.0005481
2024-02-13T16:00:00,0.50450337,1.5321527
2024-02-13T17:00:00,0.64185965,0.97751355
2024-02-13T18:00:00,0.47709548,-0.9477375
2024-02-13T19:00:00,0.3395445,-0.7886652
2024-02-13T20:00:00,0.20467867,-0.77302426
2024-02-13T21:00:00,0.058270704,-0.8403266
2024-02-13T22:00:00,0.00085765007,-0.3344519
2024-02-13T23:00:00,3.5967614e-06,-0.0049961233
2024-02-14T00:00:00,0.0,-2.076279e-05
2024-02-14T01:00:00,0.0,0.0
2024-02-14T02:00:00,0.0,0.0
2024-02-14T03:00:00,0.0,0.0
2024-02-14T04:00:00,0.0,0.0
2024-02-14T05:00:00,0.0,0.0
2024-02-14T06:00:00,0.0,0.0
2024-02-14T07:00:00,0.0,0.0
2024-02-14T08:00:00,0.0,0.0
2024-02-14T09:00:00,0.052043624,0.3749495
2024-02-14T10:00:00,0.19948384,1.0477964
2024-02-14T11:00:00,0.3893379,1.341336
2024-02-14T12:00:00,0.60781926,1.5376346
2024-02-14T13:00:00,0.87493384,1.8678541
2024-02-14T14:00:00,0.9874892,0.7984099
2024-02-14T15:00:00,0.99853307,0.0780514
2024-02-14T16:00:00,0.9995724,0.007370392
2024-02-14T17:00:00,0.99967265,0.0007186675
2024-02-14T18:00:00,0.8026605,-1.1375561
2024-02-14T19:00:00,0.4941578,-1.8048596
2024-02-14T20:00:00,0.10053558,-2.3260071
2024-02-14T21:00:00,1.9997144e-06,-0.5940886
2024-02-14T22:00:00,0.0,-1.1712027e-05
2024-02-14T23:00:00,0.0,0.0
2024-02-15T00:00:00,0.0,0.0
2024-02-15T01:00:00,0.0,0.0
2024-02-15T02:00:00,0.0,0.0
2024-02-15T03:00:00,0.0,0.0
2024-02-15T04:00:00,0.0,0.0
2024-02-15T05:00:00,0.0,0.0
2024-02-15T06:00:00,0.0,0.0
2024-02-15T07:00:00,0.0,0.0
2024-02-15T08:00:00,0.0,0.0
2024-02-15T09:00:00,0.0,0.0
2024-02-15T10:00:00,0.21456657,1.5108756
2024-02-15T11:00:00,0.48172015,1.8681176
2024-02-15T12:00:00,0.62589645,1.0250686
2024-02-15T13:00:00,0.8612209,1.652458
2024-02-15T14:00:00,0.98699075,0.88610864
2024-02-15T15:00:00,0.9984786,0.08117715
2024-02-15T16:00:00,0.99955803,0.0076545626
2024-02-15T17:00:00,0.9808474,-0.10578374
2024-02-15T18:00:00,0.81791747,-0.9369839
2024-02-15T19:00:00,0.6849591,-0.76191926
2024-02-15T20:00:00,0.37742436,-1.7989919
2024-02-15T21:00:00,0.21488309,-0.9347057
2024-02-15T22:00:00,0.036920495,-1.0252534
2024-02-15T23:00:00,0.0,-0.21216446
2024-02-16T00:00:00,0.0,0.0
2024-02-16T01:00:00,0.0,0.0
2024-02-16T02:00:00,0.0,0.0
2024-02-16T03:00:00,0.0,0.0
2024-02-16T04:00:00,0.0,0.0
2024-02-16T05:00:00,0.0,0.0
2024-02-16T06:00:00,0.0,0.0
2024-02-16T07:00:00,0.0,0.0
2024-02-16T08:00:00,0.0,0.0
2024-02-16T09:00:00,0.0,0.0
2024-02-16T10:00:00,0.19643211,1.3865678
2024-02-16T11:00:00,0.3817189,1.3098853
2024-02-16T12:00:00,0.5029286,0.86457163
2024-02-16T13:00:00,0.6360693,0.94807476
2024-02-16T14:00:00,0.8357462,1.408853
2024-02-16T15:00:00,0.92271084,0.62335336
2024-02-16T16:00:00,0.58722365,-1.9689679
2024-02-16T17:00:00,0.3141321,-1.5910499
2024-02-16T18:00:00,0.09041942,-1.2958069
2024-02-16T19:00:00,0.0,-0.5199138
2024-02-16T20:00:00,0.0,0.0
2024-02-16T21:00:00,0.0,0.0
2024-02-16T22:00:00,0.0,0.0
2024-02-16T23:00:00,0.0,0.0
2024-02-17T00:00:00,0.0,0.0
2024-02-17T01:00:00,0.0,0.0
2024-02-17T02:00:00,0.0,0.0
2024-02-17T03:00:00,0.044017397,0.31750077
2024-02-17T04:00:00,0.0004604803,-0.2499562
2024-02-17T05:00:00,3.3385988e-06,-0.0026425174
2024-02-17T06:00:00,4.1841832e-09,-1.9298841e-05
2024-02-17T07:00:00,0.0,-2.4048807e-08
2024-02-17T08:00:00,0.0,0.0
2024-02-17T09:00:00,0.05318575,0.38311347
2024-02-17T10:00:00,0.22659619,1.2279255
2024-02-17T11:00:00,0.49452248,1.8733318
2024-02-17T12:00:00,0.6353518,1.0017414
2024-02-17T13:00:00,0.5816327,-0.30496892
2024-02-17T14:00:00,0.50704,-0.42451602
2024-02-17T15:00:00,0.41948295,-0.49906227
2024-02-17T16:00:00,0.26864606,-0.86620003
2024-02-17T17:00:00,0.08620196,-1.0516284
2024-02-17T18:00:00,0.0018597193,-0.49687776
2024-02-17T19:00:00,0.0,-0.010916748
2024-02-17T20:00:00,0.0,0.0
2024-02-17T21:00:00,0.0,0.0
2024-02-17T22:00:00,0.0,0.0
2024-02-17T23:00:00,0.0,0.0
2024-02-18T00:00:00,0.003743362,0.027164679
2024-02-18T01:00:00,4.8570026e-05,-0.021129003
2024-02-18T02:00:00,1.107615e-06,-0.0002777521
2024-02-18T03:00:00,1.206467e-08,-6.4818114e-06
2024-02-18T04:00:00,0.0,-7.040443e-08
2024-02-18T05:00:00,0.0,0.0
2024-02-18T06:00:00,0.0,0.0
2024-02-18T07:00:00,0.0,0.0
2024-02-18T08:00:00,0.0,0.0
2024-02-18T09:00:00,0.0,0.0
2024-02-18T10:00:00,0.0,0.0
2024-02-18T11:00:00,0.075793415,0.54415977
2024-02-18T12:00:00,0.0018978475,-0.43241075
2024-02-18T13:00:00,1.6305163e-05,-0.011105533
2024-02-18T14:00:00,5.2124463e-08,-9.623887e-05
2024-02-18T15:00:00,0.0,-3.0855708e-07
2024-02-18T16:00:00,0.0,0.0
2024-02-18T17:00:00,0.0,0.0
2024-02-18T18:00:00,0.0,0.0
2024-02-18T19:00:00,0.0,0.0
2024-02-18T20:00:00,0.0,0.0
2024-02-18T21:00:00,0.0,0.0
2024-02-18T22:00:00,0.0,0.0
2024-02-18T23:00:00,0.0,0.0
2024-02-19T00:00:00,0.0,0.0
2024-02-19T01:00:00,0.0,0.0
2024-02-19T02:00:00,0.0,0.0
2024-02-19T03:00:00,0.0,0.0
2024-02-19T04:00:00,0.0,0.0
2024-02-19T05:00:00,0.0,0.0
2024-02-19T06:00:00,0.0,0.0
2024-02-19T07:00:00,0.0,0.0
2024-02-19T08:00:00,0.0,0.0
2024-02-19T09:00:00,0.0669883,0.4815611
2024-02-19T10:00:00,0.17206836,0.7512442
2024-02-19T11:00:00,0.3554706,1.2968969
2024-02-19T12:00:00,0.3685584,0.09484082
2024-02-19T13:00:00,0.3499765,-0.10505424
2024-02-19T14:00:00,0.30775896,-0.23934808
2024-02-19T15:00:00,0.3164235,0.06282977
2024-02-19T16:00:00,0.44466275,0.9138033
2024-02-19T17:00:00,0.49008352,0.32755536
2024-02-19T18:00:00,0.28062233,-1.2112175
2024-02-19T19:00:00,0.06640685,-1.2394052
2024-02-19T20:00:00,0.04246899,-0.13542038
2024-02-19T21:00:00,0.0010601903,-0.240254
2024-02-19T22:00:00,0.0,-0.0061039347
2024-02-19T23:00:00,0.0,0.0
2024-02-20T00:00:00,0.0,0.0
2024-02-20T01:00:00,0.0,0.0
2024-02-20T02:00:00,0.0,0.0
2024-02-20T03:00:00,0.0,0.0
2024-02-20T04:00:00,0.0,0.0
2024-02-20T05:00:00,0.0,0.0
2024-02-20T06:00:00,0.0,0.0
2024-02-20T07:00:00,0.0,0.0
2024-02-20T08:00:00,0.016900178,0.12239689
2024-02-20T09:00:00,2.9441078e-05,-0.09558112
2024-02-20T10:00:00,0.0,-0.000166416
2024-02-20T11:00:00,0.0,0.0
2024-02-20T12:00:00,0.024285402,0.1756882
2024-02-20T13:00:00,0.000111765425,-0.13750166
2024-02-20T14:00:00,3.906014e-07,-0.00063573103
2024-02-20T15:00:00,0.059410196,0.4275557
2024-02-20T16:00:00,0.0007982803,-0.33813205
2024-02-20T17:00:00,0.078326896,0.55647725
2024-02-20T18:00:00,0.0018564882,-0.4469773
2024-02-20T19:00:00,1.0618793e-05,-0.010851362
2024-02-20T20:00:00,3.3561506e-08,-6.242498e-05
2024-02-20T21:00:00,1.0458668e-10,-1.9792446e-07
2024-02-20T22:00:00,0.0,-6.1201394e-10
2024-02-20T23:00:00,0.0,0.0
2024-02-21T00:00:00,0.0,0.0
2024-02-21T01:00:00,0.0,0.0
2024-02-21T02:00:00,0.0,0.0
2024-02-21T03:00:00,0.0,0.0
2024-02-21T04:00:00,0.0,0.0
2024-02-21T05:00:00,0.0,0.0
2024-02-21T06:00:00,0.0,0.0
2024-02-21T07:00:00,0.0,0.0
2024-02-21T08:00:00,0.0,0.0
2024-02-21T09:00:00,0.07482963,0.53731555
2024-02-21T10:00:00,0.010846972,-0.36367714
2024-02-21T11:00:00,0.23682958,1.5888331
2024-02-21T12:00:00,0.4859059,1.7458451
2024-02-21T13:00:00,0.7267023,1.6896561
2024-02-21T14:00:00,0.911904,1.309299
2024-02-21T15:00:00,0.9919527,0.5615115
2024-02-21T16:00:00,0.9988447,0.049196776
2024-02-21T17:00:00,0.9315068,-0.3828998
2024-02-21T18:00:00,0.7431675,-1.0863651
2024-02-21T19:00:00,0.4205847,-1.8903614
2024-02-21T20:00:00,0.050387617,-2.1815658
2024-02-21T21:00:00,3.4995697e-05,-0.29693344
2024-02-21T22:00:00,0.0,-0.00020195213
2024-02-21T23:00:00,0.0,0.0
2024-02-22T00:00:00,0.0,0.0
2024-02-22T01:00:00,0.0,0.0
2024-02-22T02:00:00,0.0,0.0
2024-02-22T03:00:00,0.0,0.0
2024-02-22T04:00:00,0.0,0.0
2024-02-22T05:00:00,0.0,0.0
2024-02-22T06:00:00,0.0,0.0
2024-02-22T07:00:00,0.0,0.0
2024-02-22T08:00:00,0.0,0.0
2024-02-22T09:00:00,0.0,0.0
2024-02-22T10:00:00,0.17878468,1.2650455
2024-02-22T11:00:00,0.41508186,1.6590743
2024-02-22T12:00:00,0.72699517,2.1685367
2024-02-22T13:00:00,0.8747647,1.050088
2024-02-22T14:00:00,0.9882638,0.79914004
2024-02-22T15:00:00,0.99855393,0.07274177
2024-02-22T16:00:00,0.8567997,-0.8131684
2024-02-22T17:00:00,0.5513296,-1.7864802
2024-02-22T18:00:00,0.5075645,-0.24816735
2024-02-22T19:00:00,0.44321156,-0.3657977
2024-02-22T20:00:00,0.40588692,-0.2114859
2024-02-22T21:00:00,0.28083313,-0.715953
2024-02-22T22:00:00,0.17120014,-0.6265238
2024-02-22T23:00:00,0.0027777953,-0.97836405
2024-02-23T00:00:00,0.0,-0.015956378
2024-02-23T01:00:00,0.0,0.0
2024-02-23T02:00:00,0.0,0.0
2024-02-23T03:00:00,0.0,0.0
2024-02-23T04:00:00,0.0,0.0
2024-02-23T05:00:00,0.0,0.0
2024-02-23T06:00:00,0.0,0.0
2024-02-23T07:00:00,0.0,0.0
2024-02-23T08:00:00,0.0,0.0
2024-02-23T09:00:00,0.0976338,0.6987542
2024-02-23T10:00:00,0.291906,1.3717244
2024-02-23T11:00:00,0.4974212,1.4489032
2024-02-23T12:00:00,0.6264557,0.91936713
2024-02-23T13:00:00,0.78179836,1.1027406
2024-02-23T14:00:00,0.96937686,1.3256712
2024-02-23T15:00:00,0.9969141,0.19355455
2024-02-23T16:00:00,0.99935704,0.017315328
2024-02-23T17:00:00,0.9995913,0.0016803226
2024-02-23T18:00:00,0.8023676,-1.1388061
2024-02-23T19:00:00,0.48713952,-1.8456651
2024-02-23T20:00:00,0.23236741,-1.4811243
2024-02-23T21:00:00,0.05879368,-0.99945056
2024-02-23T22:00:00,0.00028507315,-0.3385384
2024-02-23T23:00:00,1.7484551e-06,-0.0016494703
2024-02-24T00:00:00,0.0,-1.0042097e-05
2024-02-24T01:00:00,0.0,0.0
2024-02-24T02:00:00,0.0,0.0
2024-02-24T03:00:00,0.0,0.0
2024-02-24T04:00:00,0.0,0.0
2024-02-24T05:00:00,0.0,0.0
2024-02-24T06:00:00,0.0,0.0
2024-02-24T07:00:00,0.012185307,0.08831293
2024-02-24T08:00:00,0.124990866,0.8055872
2024-02-24T09:00:00,0.3048088,1.272176
2024-02-24T10:00:00,0.382675,0.55887306
2024-02-24T11:00:00,0.6837566,2.0961359
2024-02-24T12:00:00,0.6139496,-0.39705566
2024-02-24T13:00:00,0.918975,2.1225188
2024-02-24T14:00:00,0.9925001,0.5160597
2024-02-24T15:00:00,0.9989278,0.045496255
2024-02-24T16:00:00,0.9995424,0.0043590954
2024-02-24T17:00:00,0.9996022,0.00042535775
2024-02-24T18:00:00,0.80240685,-1.1386385
2024-02-24T19:00:00,0.563435,-1.3866891
2024-02-24T20:00:00,0.34425727,-1.2688595
2024-02-24T21:00:00,0.006357328,-1.9929672
2024-02-24T22:00:00,0.0,-0.037476562
2024-02-24T23:00:00,0.0,0.0
2024-02-25T00:00:00,0.0,0.0
2024-02-25T01:00:00,0.0,0.0
2024-02-25T02:00:00,0.0,0.0
2024-02-25T03:00:00,0.0,0.0
2024-02-25T04:00:00,0.0,0.0
2024-02-25T05:00:00,0.0,0.0
2024-02-25T06:00:00,0.0,0.0
2024-02-25T07:00:00,0.0,0.0
2024-02-25T08:00:00,0.0,0.0
2024-02-25T09:00:00,0.0,0.0
2024-02-25T10:00:00,0.14851198,1.0552549
2024-02-25T11:00:00,0.36526227,1.5258054
2024-02-25T12:00:00,0.5792703,1.5070558
2024-02-25T13:00:00,0.34102827,-1.3823354
2024-02-25T14:00:00,0.16038811,-1.0410084
2024-02-25T15:00:00,0.004100468,-0.92429805
2024-02-25T16:00:00,5.6762274e-06,-0.024250507
2024-02-25T17:00:00,0.0,-3.346169e-05
2024-02-25T18:00:00,0.0,0.0
2024-02-25T19:00:00,0.0,0.0
2024-02-25T20:00:00,0.0,0.0
2024-02-25T21:00:00,0.0,0.0
2024-02-25T22:00:00,0.0,0.0
2024-02-25T23:00:00,0.0,0.0
2024-02-26T00:00:00,0.0,0.0
2024-02-26T01:00:00,0.0,0.0
2024-02-26T02:00:00,0.0,0.0
2024-02-26T03:00:00,0.0,0.0
2024-02-26T04:00:00,0.0,0.0
2024-02-26T05:00:00,0.0,0.0
2024-02-26T06:00:00,0.0,0.0
2024-02-26T07:00:00,0.0,0.0
2024-02-26T08:00:00,0.0,0.0
2024-02-26T09:00:00,0.0,0.0
2024-02-26T10:00:00,0.10128049,0.7244741
2024-02-26T11:00:00,0.35913643,1.8052982
2024-02-26T12:00:00,0.61893314,1.8184228
2024-02-26T13:00:00,0.8025022,1.2980471
2024-02-26T14:00:00,0.91512245,0.80428475
2024-02-26T15:00:00,0.9880315,0.52367145
2024-02-26T16:00:00,0.78143513,-1.1942475
2024-02-26T17:00:00,0.39251548,-2.2969482
2024-02-26T18:00:00,0.35155803,-0.23216939
2024-02-26T19:00:00,0.29432377,-0.3250599
2024-02-26T20:00:00,0.008484321,-1.6716015
2024-02-26T21:00:00,9.948086e-05,-0.049616676
2024-02-26T22:00:00,0.0,-0.00057695166
2024-02-26T23:00:00,0.0,0.0
2024-02-27T00:00:00,0.0,0.0
2024-02-27T01:00:00,0.0,0.0
2024-02-27T02:00:00,0.0,0.0
2024-02-27T03:00:00,0.0,0.0
2024-02-27T04:00:00,0.0,0.0
2024-02-27T05:00:00,0.0,0.0
2024-02-27T06:00:00,0.0,0.0
2024-02-27T07:00:00,0.013944024,0.101032406
2024-02-27T08:00:00,0.004634628,-0.05257381
2024-02-27T09:00:00,0.057390433,0.38004053
2024-02-27T10:00:00,0.25815153,1.416295
2024-02-27T11:00:00,0.49853903,1.6868781
2024-02-27T12:00:00,0.72532654,1.5943209
2024-02-27T13:00:00,0.87056416,1.0324614
2024-02-27T14:00:00,0.6642455,-1.192603
2024-02-27T15:00:00,0.7342451,0.50298756
2024-02-27T16:00:00,0.3447446,-2.300536
2024-02-27T17:00:00,0.02423146,-1.8777758
2024-02-27T18:00:00,0.0002524774,-0.14196377
2024-02-27T19:00:00,0.0,-0.0014945447
2024-02-27T20:00:00,0.0,0.0
2024-02-27T21:00:00,0.0,0.0
2024-02-27T22:00:00,0.0,0.0
2024-02-27T23:00:00,0.0,0.0
2024-02-28T00:00:00,0.0,0.0
2024-02-28T01:00:00,0.0,0.0
2024-02-28T02:00:00,0.0,0.0
2024-02-28T03:00:00,0.0,0.0
2024-02-28T04:00:00,0.0,0.0
2024-02-28T05:00:00,0.0,0.0
2024-02-28T06:00:00,0.0,0.0
2024-02-28T07:00:00,0.0,0.0
2024-02-28T08:00:00,0.0,0.0
2024-02-28T09:00:00,0.1186729,0.8467815
2024-02-28T10:00:00,0.15066983,0.23120902
2024-02-28T11:00:00,0.09258632,-0.32991633
2024-02-28T12:00:00,0.13217703,0.28575826
2024-02-28T13:00:00,0.002470753,-0.7500848
2024-02-28T14:00:00,0.0,-0.014284244
2024-02-28T15:00:00,0.0065598325,0.047582805
2024-02-28T16:00:00,0.032960802,0.19093238
2024-02-28T17:00:00,0.0009288411,-0.18668011
2024-02-28T18:00:00,0.0,-0.0052748187
2024-02-28T19:00:00,0.0,0.0
2024-02-28T20:00:00,0.0,0.0
2024-02-28T21:00:00,0.0,0.0
2024-02-28T22:00:00,0.0,0.0
2024-02-28T23:00:00,0.0,0.0
2024-02-29T00:00:00,0.0,0.0
2024-02-29T01:00:00,0.0,0.0
2024-02-29T02:00:00,0.0,0.0
2024-02-29T03:00:00,0.0,0.0
2024-02-29T04:00:00,0.0,0.0
2024-02-29T05:00:00,0.0,0.0
2024-02-29T06:00:00,0.0,0.0
2024-02-29T07:00:00,0.0,0.0
2024-02-29T08:00:00,0.0,0.0
2024-02-29T09:00:00,0.0,0.0
2024-02-29T10:00:00,0.16199426,1.1488975
2024-02-29T11:00:00,0.35611972,1.3707155
2024-02-29T12:00:00,0.47095308,0.81983185
2024-02-29T13:00:00,0.6219834,1.0727724
2024-02-29T14:00:00,0.7339735,0.79985654
2024-02-29T15:00:00,0.76905257,0.25336385
2024-02-29T16:00:00,0.7410135,-0.15869817
2024-02-29T17:00:00,0.4540711,-1.674472
2024-02-29T18:00:00,0.1839269,-1.5733328
2024-02-29T19:00:00,0.0007890244,-1.071199
2024-02-29T20:00:00,0.0,-0.004534648
2024-02-29T21:00:00,0.0,0.0
2024-02-29T22:00:00,0.0,0.0
2024-02-29T23:00:00,0.0,0.0
2024-03-01T00:00:00,0.0,0.0
2024-03-01T01:00:00,0.0,0.0
2024-03-01T02:00:00,0.0,0.0
2024-03-01T03:00:00,0.0,0.0
2024-03-01T04:00:00,0.0,0.0
2024-03-01T05:00:00,0.0,0.0
2024-03-01T06:00:00,0.0,0.0
2024-03-01T07:00:00,0.0,0.0
2024-03-01T08:00:00,0.0,0.0
2024-03-01T09:00:00,0.04405692,0.31778395
2024-03-01T10:00:00,0.18012522,0.9685228
2024-03-01T11:00:00,0.36388966,1.2993938
2024-03-01T12:00:00,0.5800784,1.521967
2024-03-01T13:00:00,0.74539196,1.1718998
2024-03-01T14:00:00,0.77351546,0.20333731
2024-03-01T15:00:00,0.75891274,-0.08251876
2024-03-01T16:00:00,0.39130008,-2.1656775
2024-03-01T17:00:00,0.0017846464,-2.3052247
2024-03-01T18:00:00,0.0,-0.010384673
2024-03-01T19:00:00,0.0,0.0
2024-03-01T20:00:00,0.0,0.0
2024-03-01T21:00:00,0.0,0.0
2024-03-01T22:00:00,0.0,0.0
2024-03-01T23:00:00,0.0,0.0
2024-03-02T00:00:00,0.0,0.0
2024-03-02T01:00:00,0.0,0.0
2024-03-02T02:00:00,0.0,0.0
2024-03-02T03:00:00,0.0,0.0
2024-03-02T04:00:00,0.0,0.0
2024-03-02T05:00:00,0.0,0.0
2024-03-02T06:00:00,0.0,0.0
2024-03-02T07:00:00,0.0,0.0
2024-03-02T08:00:00,0.0,0.0
2024-03-02T09:00:00,0.13213754,0.94106424
2024-03-02T10:00:00,0.00082423334,-0.7599641
2024-03-02T11:00:00,0.0086129755,0.056486387
2024-03-02T12:00:00,0.08788563,0.5688515
2024-03-02T13:00:00,0.24641812,1.1248857
2024-03-02T14:00:00,0.390847,1.0268282
2024-03-02T15:00:00,0.51282704,0.86997116
2024-03-02T16:00:00,0.5694121,0.40739596
2024-03-02T17:00:00,0.5220644,-0.2685959
2024-03-02T18:00:00,0.3596371,-0.9340376
2024-03-02T19:00:00,0.014690435,-2.026739
2024-03-02T20:00:00,0.0,-0.08489641
2024-03-02T21:00:00,0.0,0.0
2024-03-02T22:00:00,0.0,0.0
2024-03-02T23:00:00,0.0,0.0
2024-03-03T00:00:00,0.0,0.0
2024-03-03T01:00:00,0.0,0.0
2024-03-03T02:00:00,0.0,0.0
2024-03-03T03:00:00,0.0,0.0
2024-03-03T04:00:00,0.0,0.0
2024-03-03T05:00:00,0.0,0.0
2024-03-03T06:00:00,0.0,0.0
2024-03-03T07:00:00,0.0,0.0
2024-03-03T08:00:00,0.0,0.0
2024-03-03T09:00:00,0.035094842,0.2534774
2024-03-03T10:00:00,5.6680426e-05,-0.19902484
2024-03-03T11:00:00,0.046131417,0.33223927
2024-03-03T12:00:00,0.12941433,0.5972812
2024-03-03T13:00:00,0.17381777,0.32026696
2024-03-03T14:00:00,0.33161476,1.1197813
2024-03-03T15:00:00,0.38646108,0.39497834
2024-03-03T16:00:00,0.40770775,0.15377519
2024-03-03T17:00:00,0.37213117,-0.20153958
2024-03-03T18:00:00,0.20392892,-0.9679067
2024-03-03T19:00:00,0.020402946,-1.0579995
2024-03-03T20:00:00,0.0,-0.11552066
2024-03-03T21:00:00,0.0,0.0
2024-03-03T22:00:00,0.0,0.0
2024-03-03T23:00:00,0.0,0.0
2024-03-04T00:00:00,0.0,0.0
2024-03-04T01:00:00,0.0,0.0
2024-03-04T02:00:00,0.0,0.0
2024-03-04T03:00:00,0.0,0.0
2024-03-04T04:00:00,0.0,0.0
2024-03-04T05:00:00,0.0,0.0
2024-03-04T06:00:00,0.0,0.0
2024-03-04T07:00:00,0.0,0.0
2024-03-04T08:00:00,0.0,0.0
2024-03-04T09:00:00,0.0,0.0
2024-03-04T10:00:00,0.14003439,0.9961982
2024-03-04T11:00:00,0.3397147,1.4088764
2024-03-04T12:00:00,0.5196063,1.2726842
2024-03-04T13:00:00,0.79477996,1.9221891
2024-03-04T14:00:00,0.9805584,1.310497
2024-03-04T15:00:00,0.99752206,0.12150847
2024-03-04T16:00:00,0.99934745,0.012940436
2024-03-04T17:00:00,0.99952155,0.0012578607
2024-03-04T18:00:00,0.8021165,-1.1398776
2024-03-04T19:00:00,0.61475164,-1.0806203
2024-03-04T20:00:00,0.34695262,-1.559244
2024-03-04T21:00:00,0.2001979,-0.8423513
2024-03-04T22:00:00,0.002057171,-1.1491077
2024-03-04T23:00:00,0.0,-0.011829997
2024-03-05T00:00:00,0.0,0.0
2024-03-05T01:00:00,0.0,0.0
2024-03-05T02:00:00,0.0,0.0
2024-03-05T03:00:00,0.0,0.0
2024-03-05T04:00:00,0.0,0.0
2024-03-05T05:00:00,0.0,0.0
2024-03-05T06:00:00,0.0,0.0
2024-03-05T07:00:00,0.0,0.0
2024-03-05T08:00:00,0.0,0.0
2024-03-05T09:00:00,0.0,0.0
2024-03-05T10:00:00,0.1205759,0.86012805
2024-03-05T11:00:00,0.20405558,0.5986753
2024-03-05T12:00:00,0.46120068,1.8004894
2024-03-05T13:00:00,0.75337666,2.036467
2024-03-05T14:00:00,0.892776,0.9917688
2024-03-05T15:00:00,0.9885768,0.68325466
2024-03-05T16:00:00,0.998496,0.07012602
2024-03-05T17:00:00,0.9994155,0.006643
2024-03-05T18:00:00,0.8017348,-1.1415067
2024-03-05T19:00:00,0.5488934,-1.4695662
2024-03-05T20:00:00,0.40618357,-0.8187429
2024-03-05T21:00:00,0.1724602,-1.3553935
2024-03-05T22:00:00,0.012580776,-0.91910946
2024-03-05T23:00:00,0.00028878197,-0.07232394
2024-03-06T00:00:00,1.3372196e-08,-0.0016991425
2024-03-06T01:00:00,0.0,-7.856561e-08
2024-03-06T02:00:00,0.0,0.0
2024-03-06T03:00:00,0.0,0.0
2024-03-06T04:00:00,0.0,0.0
2024-03-06T05:00:00,0.0,0.0
2024-03-06T06:00:00,0.0,0.0
2024-03-06T07:00:00,0.0,0.0
2024-03-06T08:00:00,0.0,0.0
2024-03-06T09:00:00,0.0,0.0
2024-03-06T10:00:00,0.16946457,1.2006376
2024-03-06T11:00:00,0.37766728,1.467319
2024-03-06T12:00:00,0.631781,1.7799729
2024-03-06T13:00:00,0.8952025,1.8429195
2024-03-06T14:00:00,0.99001074,0.66766083
2024-03-06T15:00:00,0.99861896,0.0608849
2024-03-06T16:00:00,0.9994357,0.005791976
2024-03-06T17:00:00,0.9995147,0.0005646675
2024-03-06T18:00:00,0.80209184,-1.1399829
2024-03-06T19:00:00,0.56552863,-1.3723223
2024-03-06T20:00:00,0.40597317,-0.91721195
2024-03-06T21:00:00,0.30603153,-0.5704867
2024-03-06T22:00:00,0.11670562,-1.0921834
2024-03-06T23:00:00,0.031765006,-0.4839992
2024-03-07T00:00:00,0.00028747466,-0.18099985
2024-03-07T01:00:00,0.0,-0.001642842
2024-03-07T02:00:00,0.0,0.0
2024-03-07T03:00:00,0.0,0.0
2024-03-07T04:00:00,0.0,0.0
2024-03-07T05:00:00,0.0,0.0
2024-03-07T06:00:00,0.0,0.0
2024-03-07T07:00:00,0.0,0.0
2024-03-07T08:00:00,0.0,0.0
2024-03-07T09:00:00,0.0,0.0
2024-03-07T10:00:00,0.10451833,0.7472882
2024-03-07T11:00:00,0.35384798,1.7475624
2024-03-07T12:00:00,0.6023623,1.7420347
2024-03-07T13:00:00,0.83188176,1.6129396
2024-03-07T14:00:00,0.9834791,1.0728519
2024-03-07T15:00:00,0.9980175,0.10262372
2024-03-07T16:00:00,0.9993508,0.009577404
2024-03-07T17:00:00,0.8052834,-1.1201633
2024-03-07T18:00:00,0.58855945,-1.2542906
2024-03-07T19:00:00,0.3053059,-1.6522281
2024-03-07T20:00:00,0.052688953,-1.4682229
2024-03-07T21:00:00,0.0,-0.3025812
2024-03-07T22:00:00,0.0,0.0
2024-03-07T23:00:00,0.0,0.0
2024-03-08T00:00:00,0.0,0.0
2024-03-08T01:00:00,0.0,0.0
2024-03-08T02:00:00,0.0,0.0
2024-03-08T03:00:00,0.0,0.0
2024-03-08T04:00:00,0.0,0.0
2024-03-08T05:00:00,0.0,0.0
2024-03-08T06:00:00,0.0,0.0
2024-03-08T07:00:00,0.0,0.0
2024-03-08T08:00:00,0.0,0.0
2024-03-08T09:00:00,0.0,0.0
2024-03-08T10:00:00,0.057717968,0.41548327
2024-03-08T11:00:00,0.23353297,1.2445403
2024-03-08T12:00:00,0.51749885,1.9813436
2024-03-08T13:00:00,0.7115536,1.3702294
2024-03-08T14:00:00,0.86667556,1.1012077
2024-03-08T15:00:00,0.988316,0.8501062
2024-03-08T16:00:00,0.99844486,0.07160306
2024-03-08T17:00:00,0.79824126,-1.1564198
2024-03-08T18:00:00,0.38185817,-2.467099
2024-03-08T19:00:00,0.0494884,-1.9499569
2024-03-08T20:00:00,0.0,-0.2881459
2024-03-08T21:00:00,0.0,0.0
2024-03-08T22:00:00,0.0,0.0
2024-03-08T23:00:00,0.0,0.0
2024-03-09T00:00:00,0.0,0.0
2024-03-09T01:00:00,0.0,0.0
2024-03-09T02:00:00,0.0,0.0
2024-03-09T03:00:00,0.0,0.0
2024-03-09T04:00:00,0.0,0.0
2024-03-09T05:00:00,0.0,0.0
2024-03-09T06:00:00,0.0,0.0
2024-03-09T07:00:00,0.0,0.0
2024-03-09T08:00:00,0.0,0.0
2024-03-09T09:00:00,0.0,0.0
2024-03-09T10:00:00,0.06468518,0.46516123
2024-03-09T11:00:00,0.30223858,1.6676164
2024-03-09T12:00:00,0.61369705,2.1655002
2024-03-09T13:00:00,0.81379926,1.4117728
2024-03-09T14:00:00,0.7749018,-0.22043848
2024-03-09T15:00:00,0.5341167,-1.3975091
2024-03-09T16:00:00,0.22327287,-1.8190567
2024-03-09T17:00:00,0.0,-1.2957013
2024-03-09T18:00:00,0.0,0.0
2024-03-09T19:00:00,0.0,0.0
2024-03-09T20:00:00,0.0,0.0
2024-03-09T21:00:00,0.0,0.0
2024-03-09T22:00:00,0.0,0.0
2024-03-09T23:00:00,0.0,0.0
2024-03-10T00:00:00,0.0,0.0
2024-03-10T01:00:00,0.0,0.0
2024-03-10T02:00:00,0.0,0.0
2024-03-10T03:00:00,0.0,0.0
2024-03-10T04:00:00,0.0,0.0
2024-03-10T05:00:00,0.0,0.0
2024-03-10T06:00:00,0.0,0.0
2024-03-10T07:00:00,0.0,0.0
2024-03-10T08:00:00,0.0,0.0
2024-03-10T09:00:00,0.19908613,1.404797
2024-03-10T10:00:00,0.32705882,0.9119382
2024-03-10T11:00:00,0.34759128,0.14862202
2024-03-10T12:00:00,0.38649383,0.28082007
2024-03-10T13:00:00,0.28012127,-0.6076573
2024-03-10T14:00:00,0.086712316,-1.1162759
2024-03-10T15:00:00,1.5225821e-05,-0.50046736
2024-03-10T16:00:00,0.0,-8.703917e-05
2024-03-10T17:00:00,0.0,0.0
2024-03-10T18:00:00,0.0,0.0
2024-03-10T19:00:00,0.0,0.0
2024-03-10T20:00:00,0.0,0.0
2024-03-10T21:00:00,0.0,0.0
2024-03-10T22:00:00,0.0,0.0
2024-03-10T23:00:00,0.0,0.0
2024-03-11T00:00:00,0.0,0.0
2024-03-11T01:00:00,0.0,0.0
2024-03-11T02:00:00,0.0,0.0
2024-03-11T03:00:00,0.0,0.0
2024-03-11T04:00:00,0.0,0.0
2024-03-11T05:00:00,0.0,0.0
2024-03-11T06:00:00,0.0,0.0
2024-03-11T07:00:00,0.0,0.0
2024-03-11T08:00:00,0.0,0.0
2024-03-11T09:00:00,0.034012828,0.245702
2024-03-11T10:00:00,0.16739064,0.9497314
2024-03-11T11:00:00,0.43709272,1.8853111
2024-03-11T12:00:00,0.69252706,1.7889129
2024-03-11T13:00:00,0.92120105,1.6071789
2024-03-11T14:00:00,0.99187833,0.50099957
2024-03-11T15:00:00,0.9641581,-0.1568879
2024-03-11T16:00:00,0.8471713,-0.66913015
2024-03-11T17:00:00,0.6915272,-0.89431417
2024-03-11T18:00:00,0.5936547,-0.558539
2024-03-11T19:00:00,0.381223,-1.2288257
2024-03-11T20:00:00,0.13435262,-1.4338539
2024-03-11T21:00:00,0.0,-0.7726041
2024-03-11T22:00:00,0.0,0.0
2024-03-11T23:00:00,0.0,0.0
2024-03-12T00:00:00,0.024674946,0.17849587
2024-03-12T01:00:00,0.0006566788,-0.13971537
2024-03-12T02:00:00,2.2810736e-06,-0.003819931
2024-03-12T03:00:00,0.0,-1.3269316e-05
2024-03-12T04:00:00,0.0,0.0
2024-03-12T05:00:00,0.0,0.0
2024-03-12T06:00:00,0.0,0.0
2024-03-12T07:00:00,0.0,0.0
2024-03-12T08:00:00,0.0,0.0
2024-03-12T09:00:00,0.0,0.0
2024-03-12T10:00:00,0.17805268,1.2599927
2024-03-12T11:00:00,0.3502245,1.2193627
2024-03-12T12:00:00,0.61873424,1.8772683
2024-03-12T13:00:00,0.8487376,1.6162356
2024-03-12T14:00:00,0.9040386,0.39822647
2024-03-12T15:00:00,0.9893462,0.6107746
2024-03-12T16:00:00,0.99839884,0.06480292
2024-03-12T17:00:00,0.7980757,-1.1571268
2024-03-12T18:00:00,0.5037159,-1.7192559
2024-03-12T19:00:00,0.35933584,-0.8284885
2024-03-12T20:00:00,0.16193548,-1.13985
2024-03-12T21:00:00,0.097124465,-0.36842155
2024-03-12T22:00:00,0.002053132,-0.55210906
2024-03-12T23:00:00,2.6598864e-05,-0.011923182
2024-03-13T00:00:00,0.0,-0.00015219886
2024-03-13T01:00:00,0.0,0.0
2024-03-13T02:00:00,0.0,0.0
2024-03-13T03:00:00,0.0,0.0
2024-03-13T04:00:00,0.0,0.0
2024-03-13T05:00:00,0.0,0.0
2024-03-13T06:00:00,0.0,0.0
2024-03-13T07:00:00,0.0,0.0
2024-03-13T08:00:00,0.0,0.0
2024-03-13T09:00:00,0.0,0.0
2024-03-13T10:00:00,0.0,0.0
2024-03-13T11:00:00,0.0,0.0
2024-03-13T12:00:00,0.31065357,2.1601262
2024-03-13T13:00:00,0.63749844,2.2680335
2024-03-13T14:00:00,0.92113566,1.9791347
2024-03-13T15:00:00,0.99299526,0.5012891
2024-03-13T16:00:00,0.9987912,0.041385174
2024-03-13T17:00:00,0.9559472,-0.24291743
2024-03-13T18:00:00,0.64670444,-1.8093468
2024-03-13T19:00:00,0.5226904,-0.709913
2024-03-13T20:00:00,0.3835209,-0.7980978
2024-03-13T21:00:00,0.17393366,-1.2119644
2024-03-13T22:00:00,0.17392662,-3.963709e-05
2024-03-13T23:00:00,0.00509646,-0.9811527
2024-03-14T00:00:00,0.0,-0.029229445
2024-03-14T01:00:00,0.0,0.0
2024-03-14T02:00:00,0.0,0.0
2024-03-14T03:00:00,0.0,0.0
2024-03-14T04:00:00,0.0,0.0
2024-03-14T05:00:00,0.0,0.0
2024-03-14T06:00:00,0.0,0.0
2024-03-14T07:00:00,0.0,0.0
2024-03-14T08:00:00,0.0,0.0
2024-03-14T09:00:00,0.0032856732,0.023844998
2024-03-14T10:00:00,0.15768072,1.0961581
2024-03-14T11:00:00,0.3325755,1.2381833
2024-03-14T12:00:00,0.5759347,1.7070602
2024-03-14T13:00:00,0.8760695,2.0897982
2024-03-14T14:00:00,0.98910433,0.7896502
2024-03-14T15:00:00,0.99840033,0.06622326
2024-03-14T16:00:00,0.9993388,0.006728527
2024-03-14T17:00:00,0.92127234,-0.44446868
2024-03-14T18:00:00,0.7212382,-1.1554177
2024-03-14T19:00:00,0.38974038,-1.944642
2024-03-14T20:00:00,0.033069998,-2.0985126
2024-03-14T21:00:00,0.0,-0.18903728
2024-03-14T22:00:00,0.0,0.0
2024-03-14T23:00:00,0.0,0.0
2024-03-15T00:00:00,0.0,0.0
2024-03-15T01:00:00,0.0,0.0
2024-03-15T02:00:00,0.0,0.0
2024-03-15T03:00:00,0.0,0.0
2024-03-15T04:00:00,0.0,0.0
2024-03-15T05:00:00,0.0,0.0
2024-03-15T06:00:00,0.0,0.0
2024-03-15T07:00:00,0.0,0.0
2024-03-15T08:00:00,0.0,0.0
2024-03-15T09:00:00,0.0,0.0
2024-03-15T10:00:00,0.08063171,0.5784898
2024-03-15T11:00:00,0.3279778,1.7341132
2024-03-15T12:00:00,0.53473574,1.4574206
2024-03-15T13:00:00,0.77600497,1.6928679
2024-03-15T14:00:00,0.9789648,1.4300023
2024-03-15T15:00:00,0.9972906,0.1310522
2024-03-15T16:00:00,0.79408884,-1.1741534
2024-03-15T17:00:00,0.7516472,-0.24062507
2024-03-15T18:00:00,0.63095456,-0.6906287
2024-03-15T19:00:00,0.57368386,-0.3252685
2024-03-15T20:00:00,0.5950783,0.15484126
2024-03-15T21:00:00,0.18127564,-2.451066
2024-03-15T22:00:00,0.0,-1.0684355
2024-03-15T23:00:00,0.0,0.0
2024-03-16T00:00:00,0.0,0.0
2024-03-16T01:00:00,0.0,0.0
2024-03-16T02:00:00,0.0,0.0
2024-03-16T03:00:00,0.0,0.0
2024-03-16T04:00:00,0.0,0.0
2024-03-16T05:00:00,0.0,0.0
2024-03-16T06:00:00,0.0,0.0
2024-03-16T07:00:00,0.0,0.0
2024-03-16T08:00:00,0.0,0.0
2024-03-16T09:00:00,0.0,0.0
2024-03-16T10:00:00,0.011165555,0.08093475
2024-03-16T11:00:00,0.10414951,0.6659209
2024-03-16T12:00:00,0.3335006,1.6117923
2024-03-16T13:00:00,0.50686944,1.2276379
2024-03-16T14:00:00,0.65883666,1.0792861
2024-03-16T15:00:00,0.701926,0.3108492
2024-03-16T16:00:00,0.4401922,-1.5228428
2024-03-16T17:00:00,0.24110684,-1.1498085
2024-03-16T18:00:00,0.05111414,-1.0961163
2024-03-16T19:00:00,0.00057847885,-0.2948905
2024-03-16T20:00:00,0.0,-0.0033551485
2024-03-16T21:00:00,0.0,0.0
2024-03-16T22:00:00,0.0,0.0
2024-03-16T23:00:00,0.0,0.0
2024-03-17T00:00:00,0.0,0.0
2024-03-17T01:00:00,0.0,0.0
2024-03-17T02:00:00,0.0,0.0
2024-03-17T03:00:00,0.0,0.0
2024-03-17T04:00:00,0.0,0.0
2024-03-17T05:00:00,0.0,0.0
2024-03-17T06:00:00,0.0,0.0
2024-03-17T07:00:00,0.0,0.0
2024-03-17T08:00:00,0.0,0.0
2024-03-17T09:00:00,0.0,0.0
2024-03-17T10:00:00,0.059081644,0.4252145
2024-03-17T11:00:00,0.17699762,0.8414709
2024-03-17T12:00:00,0.15187103,-0.14216518
2024-03-17T13:00:00,0.002248112,-0.8592798
2024-03-17T14:00:00,0.0,-0.012858866
2024-03-17T15:00:00,0.0,0.0
2024-03-17T16:00:00,0.0,0.0
2024-03-17T17:00:00,0.0,0.0
2024-03-17T18:00:00,0.0,0.0
2024-03-17T19:00:00,0.0,0.0
2024-03-17T20:00:00,0.0,0.0
2024-03-17T21:00:00,0.0,0.0
2024-03-17T22:00:00,0.0,0.0
2024-03-17T23:00:00,0.0,0.0
2024-03-18T00:00:00,0.0,0.0
2024-03-18T01:00:00,0.0,0.0
2024-03-18T02:00:00,0.0,0.0
2024-03-18T03:00:00,0.0,0.0
2024-03-18T04:00:00,0.0,0.0
2024-03-18T05:00:00,0.0,0.0
2024-03-18T06:00:00,0.0,0.0
2024-03-18T07:00:00,0.0,0.0
2024-03-18T08:00:00,0.0,0.0
2024-03-18T09:00:00,0.0,0.0
2024-03-18T10:00:00,0.0,0.0
2024-03-18T11:00:00,0.0,0.0
2024-03-18T12:00:00,0.07102626,0.510288
2024-03-18T13:00:00,0.17815365,0.76565695
2024-03-18T14:00:00,0.2346584,0.40682244
2024-03-18T15:00:00,0.31253204,0.55892575
2024-03-18T16:00:00,0.36216116,0.35768163
2024-03-18T17:00:00,0.22642985,-0.7780645
2024-03-18T18:00:00,0.16153885,-0.36887974
2024-03-18T19:00:00,0.15690863,-0.02613427
2024-03-18T20:00:00,0.094007716,-0.35748285
2024-03-18T21:00:00,0.00042535347,-0.5342711
2024-03-18T22:00:00,0.0,-0.0024110675
2024-03-18T23:00:00,0.0,0.0
2024-03-19T00:00:00,0.0,0.0
2024-03-19T01:00:00,0.0,0.0
2024-03-19T02:00:00,0.0,0.0
2024-03-19T03:00:00,0.0,0.0
2024-03-19T04:00:00,0.0,0.0
2024-03-19T05:00:00,0.0,0.0
2024-03-19T06:00:00,0.0,0.0
2024-03-19T07:00:00,0.0,0.0
2024-03-19T08:00:00,0.0,0.0
2024-03-19T09:00:00,0.0,0.0
2024-03-19T10:00:00,0.16464522,1.1672701
2024-03-19T11:00:00,0.32709262,1.1520388
2024-03-19T12:00:00,0.5872214,1.8206679
2024-03-19T13:00:00,0.82277775,1.6540353
2024-03-19T14:00:00,0.919552,0.6926883
2024-03-19T15:00:00,0.9910374,0.5111503
2024-03-19T16:00:00,0.9985954,0.0536412
2024-03-19T17:00:00,0.99932194,0.0052698064
2024-03-19T18:00:00,0.8013979,-1.1429445
2024-03-19T19:00:00,0.540793,-1.5160732
2024-03-19T20:00:00,0.38184008,-0.9136831
2024-03-19T21:00:00,0.22713412,-0.8888249
2024-03-19T22:00:00,0.052351914,-1.0065527
2024-03-19T23:00:00,0.0,-0.30017048
2024-03-20T00:00:00,0.0,0.0
2024-03-20T01:00:00,0.0,0.0
2024-03-20T02:00:00,0.0,0.0
2024-03-20T03:00:00,0.0,0.0
2024-03-20T04:00:00,0.0,0.0
2024-03-20T05:00:00,0.0,0.0
2024-03-20T06:00:00,0.0,0.0
2024-03-20T07:00:00,0.0,0.0
2024-03-20T08:00:00,0.0,0.0
2024-03-20T09:00:00,0.0,0.0
2024-03-20T10:00:00,0.20589812,1.451528
2024-03-20T11:00:00,0.43477857,1.6085856
2024-03-20T12:00:00,0.6010063,1.1782317
2024-03-20T13:00:00,0.8387705,1.6690494
2024-03-20T14:00:00,0.9860275,1.0280908
2024-03-20T15:00:00,0.9981506,0.08564103
2024-03-20T16:00:00,0.99927825,0.008052704
2024-03-20T17:00:00,0.91712487,-0.46796322
2024-03-20T18:00:00,0.698033,-1.2683494
2024-03-20T19:00:00,0.52239186,-1.0116016
2024-03-20T20:00:00,0.50377554,-0.1052494
2024-03-20T21:00:00,0.27626184,-1.3184154
2024-03-20T22:00:00,0.08050473,-1.130142
2024-03-20T23:00:00,0.0008541772,-0.4647687
2024-03-21T00:00:00,4.1204967e-06,-0.004984207
2024-03-21T01:00:00,0.030739067,0.22213182
2024-03-21T02:00:00,0.00049094885,-0.1742097
2024-03-21T03:00:00,0.0,-0.0027887947
2024-03-21T04:00:00,0.0,0.0
2024-03-21T05:00:00,0.0,0.0
2024-03-21T06:00:00,0.0,0.0
2024-03-21T07:00:00,0.0,0.0
2024-03-21T08:00:00,0.0,0.0
2024-03-21T09:00:00,0.0,0.0
2024-03-21T10:00:00,0.082001075,0.58819747
2024-03-21T11:00:00,0.24209133,1.1356936
2024-03-21T12:00:00,0.5230329,1.9610106
2024-03-21T13:00:00,0.8604884,2.3385234
2024-03-21T14:00:00,0.98894286,0.88902956
2024-03-21T15:00:00,0.9982338,0.06691665
2024-03-21T16:00:00,0.9992632,0.007454343
2024-03-21T17:00:00,0.80118656,-1.1438465
2024-03-21T18:00:00,0.47250414,-1.9274879
2024-03-21T19:00:00,0.19623303,-1.6101763
2024-03-21T20:00:00,0.0,-1.1420021
2024-03-21T21:00:00,0.0,0.0
2024-03-21T22:00:00,0.0,0.0
2024-03-21T23:00:00,0.0,0.0
2024-03-22T00:00:00,0.0,0.0
2024-03-22T01:00:00,0.0,0.0
2024-03-22T02:00:00,0.0,0.0
2024-03-22T03:00:00,0.0,0.0
2024-03-22T04:00:00,0.0,0.0
2024-03-22T05:00:00,0.0,0.0
2024-03-22T06:00:00,0.0,0.0
2024-03-22T07:00:00,0.0,0.0
2024-03-22T08:00:00,0.0,0.0
2024-03-22T09:00:00,0.0,0.0
2024-03-22T10:00:00,0.11885976,0.8480924
2024-03-22T11:00:00,0.34671408,1.6015929
2024-03-22T12:00:00,0.48696145,0.99768347
2024-03-22T13:00:00,0.5026352,0.11353556
2024-03-22T14:00:00,0.18337727,-1.8701458
2024-03-22T15:00:00,0.0,-1.0719353
2024-03-22T16:00:00,0.0,0.0
2024-03-22T17:00:00,0.0,0.0
2024-03-22T18:00:00,0.0,0.0
2024-03-22T19:00:00,0.0,0.0
2024-03-22T20:00:00,0.0,0.0
2024-03-22T21:00:00,0.0,0.0
2024-03-22T22:00:00,0.0,0.0
2024-03-22T23:00:00,0.0,0.0
2024-03-23T00:00:00,0.0,0.0
2024-03-23T01:00:00,0.0,0.0
2024-03-23T02:00:00,0.0,0.0
2024-03-23T03:00:00,0.0,0.0
2024-03-23T04:00:00,0.0,0.0
2024-03-23T05:00:00,0.0,0.0
2024-03-23T06:00:00,0.0,0.0
2024-03-23T07:00:00,0.0,0.0
2024-03-23T08:00:00,0.0,0.0
2024-03-23T09:00:00,0.0,0.0
2024-03-23T10:00:00,0.0,0.0
2024-03-23T11:00:00,0.23420238,1.6448237
2024-03-23T12:00:00,0.5672845,2.3094914
2024-03-23T13:00:00,0.8240639,1.7980149
2024-03-23T14:00:00,0.8652951,0.29752663
2024-03-23T15:00:00,0.9875483,0.8581699
2024-03-23T16:00:00,0.8238382,-0.9415572
2024-03-23T17:00:00,0.46291408,-2.1246023
2024-03-23T18:00:00,0.32643384,-0.7824269
2024-03-23T19:00:00,0.040632784,-1.6675875
2024-03-23T20:00:00,0.0023477469,-0.21695219
2024-03-23T21:00:00,7.8422374e-05,-0.013304123
2024-03-23T22:00:00,0.0,-0.00045307225
2024-03-23T23:00:00,0.0,0.0
2024-03-24T00:00:00,0.0,0.0
2024-03-24T01:00:00,0.0,0.0
2024-03-24T02:00:00,0.01887492,0.13665804
2024-03-24T03:00:00,4.695794e-05,-0.10678125
2024-03-24T04:00:00,8.691948e-07,-0.00026631812
2024-03-24T05:00:00,8.523736e-09,-5.022535e-06
2024-03-24T06:00:00,0.0,-4.9684388e-08
2024-03-24T07:00:00,0.0,0.0
2024-03-24T08:00:00,0.0,0.0
2024-03-24T09:00:00,0.16085799,1.1410184
2024-03-24T10:00:00,0.24834391,0.6270428
2024-03-24T11:00:00,0.26992378,0.15617879
2024-03-24T12:00:00,0.14078483,-0.7396981
2024-03-24T13:00:00,0.0018321316,-0.8064049
2024-03-24T14:00:00,3.9618936e-07,-0.010632683
2024-03-24T15:00:00,0.0,-2.2559439e-06
2024-03-24T16:00:00,0.0,0.0
2024-03-24T17:00:00,0.0,0.0
2024-03-24T18:00:00,0.0,0.0
2024-03-24T19:00:00,0.0,0.0
2024-03-24T20:00:00,0.0,0.0
2024-03-24T21:00:00,0.0,0.0
2024-03-24T22:00:00,0.0,0.0
2024-03-24T23:00:00,0.0,0.0
2024-03-25T00:00:00,0.0,0.0
2024-03-25T01:00:00,0.0,0.0
2024-03-25T02:00:00,0.0,0.0
2024-03-25T03:00:00,0.0,0.0
2024-03-25T04:00:00,0.0,0.0
2024-03-25T05:00:00,0.0,0.0
2024-03-25T06:00:00,0.0,0.0
2024-03-25T07:00:00,0.0,0.0
2024-03-25T08:00:00,0.0,0.0
2024-03-25T09:00:00,0.0,0.0
2024-03-25T10:00:00,0.0,0.0
2024-03-25T11:00:00,0.0,0.0
2024-03-25T12:00:00,0.017798731,0.12888709
2024-03-25T13:00:00,0.14446183,0.902773
2024-03-25T14:00:00,0.28094706,0.9714336
2024-03-25T15:00:00,0.24288557,-0.21567963
2024-03-25T16:00:00,0.31286493,0.5028434
2024-03-25T17:00:00,0.23244457,-0.45799768
2024-03-25T18:00:00,0.2327332,0.0020956849
2024-03-25T19:00:00,0.14616227,-0.49338388
2024-03-25T20:00:00,0.26487473,0.84705895
2024-03-25T21:00:00,0.068149894,-1.1358587
2024-03-25T22:00:00,0.13914138,0.51004076
2024-03-25T23:00:00,0.0010176738,-0.7932638
2024-03-26T00:00:00,5.0996127e-06,-0.005844643
2024-03-26T01:00:00,0.0,-2.9296609e-05
2024-03-26T02:00:00,0.0,0.0
2024-03-26T03:00:00,0.0,0.0
2024-03-26T04:00:00,0.0,0.0
2024-03-26T05:00:00,0.0,0.0
2024-03-26T06:00:00,0.0,0.0
2024-03-26T07:00:00,0.0,0.0
2024-03-26T08:00:00,0.0,0.0
2024-03-26T09:00:00,0.0,0.0
2024-03-26T10:00:00,0.2127784,1.4986439
2024-03-26T11:00:00,0.35838008,1.0349964
2024-03-26T12:00:00,0.5614308,1.4320046
2024-03-26T13:00:00,0.70720714,1.0362128
2024-03-26T14:00:00,0.85547423,1.0535511
2024-03-26T15:00:00,0.9237306,0.49058628
2024-03-26T16:00:00,0.95334387,0.21406084
2024-03-26T17:00:00,0.72502935,-1.3231813
2024-03-26T18:00:00,0.4798943,-1.4234841
2024-03-26T19:00:00,0.32981265,-0.86178625
2024-03-26T20:00:00,0.14144586,-1.0865272
2024-03-26T21:00:00,0.0011044516,-0.8158805
2024-03-26T22:00:00,0.0,-0.0062720743
2024-03-26T23:00:00,0.0,0.0
2024-03-27T00:00:00,0.0,0.0
2024-03-27T01:00:00,0.0,0.0
2024-03-27T02:00:00,0.0,0.0
2024-03-27T03:00:00,0.0,0.0
2024-03-27T04:00:00,0.0,0.0
2024-03-27T05:00:00,0.0,0.0
2024-03-27T06:00:00,0.0,0.0
2024-03-27T07:00:00,0.0,0.0
2024-03-27T08:00:00,0.0,0.0
2024-03-27T09:00:00,0.020379324,0.14751686
2024-03-27T10:00:00,0.12704253,0.7623899
2024-03-27T11:00:00,0.4028054,1.9261572
2024-03-27T12:00:00,0.6788519,1.9280673
2024-03-27T13:00:00,0.8537327,1.2380865
2024-03-27T14:00:00,0.9863537,0.93199134
2024-03-27T15:00:00,0.9981319,0.08321235
2024-03-27T16:00:00,0.8512653,-0.84300435
2024-03-27T17:00:00,0.6876086,-0.94124424
2024-03-27T18:00:00,0.38728383,-1.7553263
2024-03-27T19:00:00,0.24576704,-0.81178385
2024-03-27T20:00:00,0.0032106838,-1.4097954
2024-03-27T21:00:00,0.00015474057,-0.017245362
2024-03-27T22:00:00,3.424995e-06,-0.00087323517
2024-03-27T23:00:00,1.0896016e-08,-1.9765486e-05
2024-03-28T00:00:00,7.620558e-11,-6.308108e-08
2024-03-28T01:00:00,0.0029309248,0.02127164
2024-03-28T02:00:00,4.803076e-05,-0.016541248
2024-03-28T03:00:00,2.0060045e-07,-0.00027558723
2024-03-28T04:00:00,0.0,-1.1524216e-06
2024-03-28T05:00:00,0.0,0.0
2024-03-28T06:00:00,0.0,0.0
2024-03-28T07:00:00,0.0,0.0
2024-03-28T08:00:00,0.0,0.0
2024-03-28T09:00:00,0.0,0.0
2024-03-28T10:00:00,0.0,0.0
2024-03-28T11:00:00,0.0,0.0
2024-03-28T12:00:00,0.06469675,0.4652437
2024-03-28T13:00:00,0.15960406,0.67950726
2024-03-28T14:00:00,0.19057226,0.22380987
2024-03-28T15:00:00,0.0809447,-0.62649244
2024-03-28T16:00:00,0.00042879657,-0.4625775
2024-03-28T17:00:00,0.0,-0.0024434775
2024-03-28T18:00:00,0.0,0.0
2024-03-28T19:00:00,0.0,0.0
2024-03-28T20:00:00,0.0,0.0
2024-03-28T21:00:00,0.0,0.0
2024-03-28T22:00:00,0.0,0.0
2024-03-28T23:00:00,0.0,0.0
2024-03-29T00:00:00,0.0,0.0
2024-03-29T01:00:00,0.0,0.0
2024-03-29T02:00:00,0.0,0.0
2024-03-29T03:00:00,0.0,0.0
2024-03-29T04:00:00,0.0,0.0
2024-03-29T05:00:00,0.0,0.0
2024-03-29T06:00:00,0.0,0.0
2024-03-29T07:00:00,0.0,0.0
2024-03-29T08:00:00,0.0,0.0
2024-03-29T09:00:00,0.0,0.0
2024-03-29T10:00:00,0.0,0.0
2024-03-29T11:00:00,0.0,0.0
2024-03-29T12:00:00,0.0,0.0
2024-03-29T13:00:00,0.0,0.0
2024-03-29T14:00:00,0.0,0.0
2024-03-29T15:00:00,0.025257165,0.18269165
2024-03-29T16:00:00,0.00022909213,-0.1430245
2024-03-29T17:00:00,2.0148689e-06,-0.0013091615
2024-03-29T18:00:00,2.2554143e-08,-1.1616261e-05
2024-03-29T19:00:00,7.400744e-11,-1.3150273e-07
2024-03-29T20:00:00,0.0,-4.3288156e-10
2024-03-29T21:00:00,0.0,0.0
2024-03-29T22:00:00,0.0,0.0
2024-03-29T23:00:00,0.0,0.0
2024-03-30T00:00:00,0.0,0.0
2024-03-30T01:00:00,0.0,0.0
2024-03-30T02:00:00,0.0,0.0
2024-03-30T03:00:00,0.0,0.0
2024-03-30T04:00:00,0.0,0.0
2024-03-30T05:00:00,0.0,0.0
2024-03-30T06:00:00,0.0,0.0
2024-03-30T07:00:00,0.0,0.0
2024-03-30T08:00:00,0.04774579,0.34420398
2024-03-30T09:00:00,0.18746425,0.9939947
2024-03-30T10:00:00,0.24545152,0.41740537
2024-03-30T11:00:00,0.35594243,0.78931755
2024-03-30T12:00:00,0.52998376,1.2322857
2024-03-30T13:00:00,0.698735,1.1957014
2024-03-30T14:00:00,0.8469744,1.0533581
2024-03-30T15:00:00,0.97985333,0.94624555
2024-03-30T16:00:00,0.874265,-0.60312116
2024-03-30T17:00:00,0.68470776,-1.093548
2024-03-30T18:00:00,0.30739298,-2.2253718
2024-03-30T19:00:00,0.07267772,-1.3613051
2024-03-30T20:00:00,0.0,-0.41979736
2024-03-30T21:00:00,0.0,0.0
2024-03-30T22:00:00,0.0,0.0
2024-03-30T23:00:00,0.0,0.0
2024-03-31T00:00:00,0.0,0.0
2024-03-31T01:00:00,0.0,0.0
2024-03-31T02:00:00,0.0,0.0
2024-03-31T03:00:00,0.0,0.0
2024-03-31T04:00:00,0.0,0.0
2024-03-31T05:00:00,0.0,0.0
2024-03-31T06:00:00,0.0,0.0
2024-03-31T07:00:00,0.0,0.0
2024-03-31T08:00:00,0.0,0.0
2024-03-31T09:00:00,0.0,0.0
2024-03-31T10:00:00,0.0,0.0
2024-03-31T11:00:00,0.0,0.0
2024-03-31T12:00:00,0.0,0.0
2024-03-31T13:00:00,0.03618509,0.26130944
2024-03-31T14:00:00,0.054412387,0.13198198
2024-03-31T15:00:00,0.09131831,0.26648635
2024-03-31T16:00:00,0.11989421,0.20659426
2024-03-31T17:00:00,0.10096516,-0.10702134
2024-03-31T18:00:00,0.036784574,-0.36481068
2024-03-31T19:00:00,0.00025695594,-0.20908825
2024-03-31T20:00:00,2.8399797e-06,-0.0014708451
2024-03-31T21:00:00,0.0,-1.640656e-05
2024-03-31T22:00:00,0.0,0.0
2024-03-31T23:00:00,0.0,0.0
2024-04-01T00:00:00,0.0,0.0
2024-04-01T01:00:00,0.0,0.0
2024-04-01T02:00:00,0.0,0.0
2024-04-01T03:00:00,0.0,0.0
2024-04-01T04:00:00,0.0,0.0
2024-04-01T05:00:00,0.0,0.0
2024-04-01T06:00:00,0.0,0.0
2024-04-01T07:00:00,0.0,0.0
2024-04-01T08:00:00,0.0,0.0
2024-04-01T09:00:00,0.0,0.0
2024-04-01T10:00:00,0.0424989,0.30661672
2024-04-01T11:00:00,0.18285593,0.99844825
2024-04-01T12:00:00,0.415284,1.6327475
2024-04-01T13:00:00,0.4604165,0.32549024
2024-04-01T14:00:00,0.5450272,0.60668725
2024-04-01T15:00:00,0.6847243,0.9938454
2024-04-01T16:00:00,0.720426,0.25783777
2024-04-01T17:00:00,0.6350005,-0.48678994
2024-04-01T18:00:00,0.44052398,-1.1225793
2024-04-01T19:00:00,0.2622365,-1.0271645
2024-04-01T20:00:00,0.0711162,-1.1027687
2024-04-01T21:00:00,0.0,-0.40595552
2024-04-01T22:00:00,0.0,0.0
2024-04-01T23:00:00,0.0,0.0
2024-04-02T00:00:00,0.0,0.0
2024-04-02T01:00:00,0.0,0.0
2024-04-02T02:00:00,0.0,0.0
2024-04-02T03:00:00,0.0,0.0
2024-04-02T04:00:00,0.0,0.0
2024-04-02T05:00:00,0.0,0.0
2024-04-02T06:00:00,0.0,0.0
2024-04-02T07:00:00,0.0,0.0
2024-04-02T08:00:00,0.0,0.0
2024-04-02T09:00:00,0.0,0.0
2024-04-02T10:00:00,0.009358229,0.06785268
2024-04-02T11:00:00,0.18528084,1.2452837
2024-04-02T12:00:00,0.3256626,0.9986207
2024-04-02T13:00:00,0.34747723,0.15787223
2024-04-02T14:00:00,0.39397755,0.33528695
2024-04-02T15:00:00,0.2640148,-0.7444893
2024-04-02T16:00:00,0.19720949,-0.37984776
2024-04-02T17:00:00,0.013650909,-1.0581915
2024-04-02T18:00:00,0.00015544088,-0.07869573
2024-04-02T19:00:00,0.039241463,0.2821367
2024-04-02T20:00:00,0.00088983873,-0.22267272
2024-04-02T21:00:00,0.0,-0.0050280527
2024-04-02T22:00:00,0.030399442,0.21971801
2024-04-02T23:00:00,0.014928525,-0.08743397
2024-04-03T00:00:00,4.981478e-05,-0.084368646
2024-04-03T01:00:00,7.9565467e-07,-0.00028247107
2024-04-03T02:00:00,2.3107833e-09,-4.584934e-06
2024-04-03T03:00:00,4.752308e-13,-1.3354597e-08
2024-04-03T04:00:00,5.1620674e-15,-2.747043e-12
2024-04-03T05:00:00,2.1308723e-17,-3.01667e-14
2024-04-03T06:00:00,0.0,-1.2146979e-16
2024-04-03T07:00:00,0.0,0.0
2024-04-03T08:00:00,0.0,0.0
2024-04-03T09:00:00,0.0,0.0
2024-04-03T10:00:00,0.10282443,0.7353554
2024-04-03T11:00:00,0.30969688,1.4582052
2024-04-03T12:00:00,0.48312947,1.2280786
2024-04-03T13:00:00,0.72027457,1.6648401
2024-04-03T14:00:00,0.9454379,1.5832461
2024-04-03T15:00:00,0.9948266,0.34484917
2024-04-03T16:00:00,0.99887514,0.028759709
2024-04-03T17:00:00,0.9344828,-0.36602348
2024-04-03T18:00:00,0.8274166,-0.61166996
2024-04-03T19:00:00,0.6987605,-0.7368902
2024-04-03T20:00:00,0.5889486,-0.62755954
2024-04-03T21:00:00,0.41011974,-1.0303495
2024-04-03T22:00:00,0.14536723,-1.5409536
2024-04-03T23:00:00,0.038039196,-0.61318463
2024-04-04T00:00:00,0.0006308036,-0.21732487
2024-04-04T01:00:00,0.0,-0.0036044368
2024-04-04T02:00:00,0.0,0.0
2024-04-04T03:00:00,0.0,0.0
2024-04-04T04:00:00,0.0,0.0
2024-04-04T05:00:00,0.0,0.0
2024-04-04T06:00:00,0.0,0.0
2024-04-04T07:00:00,0.0,0.0
2024-04-04T08:00:00,0.0,0.0
2024-04-04T09:00:00,0.08154543,0.5849677
2024-04-04T10:00:00,0.19866535,0.8358847
2024-04-04T11:00:00,0.387154,1.3319378
2024-04-04T12:00:00,0.62477577,1.6680812
2024-04-04T13:00:00,0.9472457,2.238918
2024-04-04T14:00:00,0.9949668,0.33321524
2024-04-04T15:00:00,0.9988912,0.027798602
2024-04-04T16:00:00,0.99926174,0.0026824959
2024-04-04T17:00:00,0.8011812,-1.1438694
2024-04-04T18:00:00,0.63451666,-0.958884
2024-04-04T19:00:00,0.42816156,-1.1928186
2024-04-04T20:00:00,0.077155404,-2.0638113
2024-04-04T21:00:00,0.0,-0.44558293
2024-04-04T22:00:00,0.0,0.0
2024-04-04T23:00:00,0.0,0.0
2024-04-05T00:00:00,0.0,0.0
2024-04-05T01:00:00,0.0,0.0
2024-04-05T02:00:00,0.0,0.0
2024-04-05T03:00:00,0.0,0.0
2024-04-05T04:00:00,0.0,0.0
2024-04-05T05:00:00,0.0,0.0
2024-04-05T06:00:00,0.0,0.0
2024-04-05T07:00:00,0.0,0.0
2024-04-05T08:00:00,0.0,0.0
2024-04-05T09:00:00,0.0,0.0
2024-04-05T10:00:00,0.04343121,0.31329975
2024-04-05T11:00:00,0.20457955,1.143032
2024-04-05T12:00:00,0.39575627,1.3504372
2024-04-05T13:00:00,0.644736,1.7451905
2024-04-05T14:00:00,0.78437734,0.99345696
2024-04-05T15:00:00,0.5772488,-1.1973988
2024-04-05T16:00:00,0.21445207,-2.136096
2024-04-05T17:00:00,0.0,-1.2506238
2024-04-05T18:00:00,0.0,0.0
2024-04-05T19:00:00,0.0,0.0
2024-04-05T20:00:00,0.0,0.0
2024-04-05T21:00:00,0.0,0.0
2024-04-05T22:00:00,0.0,0.0
2024-04-05T23:00:00,0.0,0.0
2024-04-06T00:00:00,0.0,0.0
2024-04-06T01:00:00,0.0,0.0
2024-04-06T02:00:00,0.0,0.0
2024-04-06T03:00:00,0.0,0.0
2024-04-06T04:00:00,0.0,0.0
2024-04-06T05:00:00,0.0,0.0
2024-04-06T06:00:00,0.0,0.0
2024-04-06T07:00:00,0.0,0.0
2024-04-06T08:00:00,0.0,0.0
2024-04-06T09:00:00,0.0,0.0
2024-04-06T10:00:00,0.0,0.0
2024-04-06T11:00:00,0.021708444,0.1571064
2024-04-06T12:00:00,0.1651822,1.0201739
2024-04-06T13:00:00,0.29897934,0.95266104
2024-04-06T14:00:00,0.51027006,1.4884632
2024-04-06T15:00:00,0.6980957,1.3273726
2024-04-06T16:00:00,0.665684,-0.18354201
2024-04-06T17:00:00,0.69347966,0.20097695
2024-04-06T18:00:00,0.5883895,-0.6002403
2024-04-06T19:00:00,0.57045966,-0.10136004
2024-04-06T20:00:00,0.3835609,-1.0778726
2024-04-06T21:00:00,0.1871425,-1.1340482
2024-04-06T22:00:00,0.0051008128,-1.0492588
2024-04-06T23:00:00,2.8888018e-05,-0.02940026
2024-04-07T00:00:00,0.0,-0.0001632349
2024-04-07T01:00:00,0.0,0.0
2024-04-07T02:00:00,0.0,0.0
2024-04-07T03:00:00,0.0,0.0
2024-04-07T04:00:00,0.0,0.0
2024-04-07T05:00:00,0.0,0.0
2024-04-07T06:00:00,0.0,0.0
2024-04-07T07:00:00,0.0,0.0
2024-04-07T08:00:00,0.0,0.0
2024-04-07T09:00:00,0.2367837,1.6623828
2024-04-07T10:00:00,0.37264284,0.9670624
2024-04-07T11:00:00,0.45704693,0.60522383
2024-04-07T12:00:00,0.5599534,0.7359333
2024-04-07T13:00:00,0.67272466,0.8053461
2024-04-07T14:00:00,0.7661363,0.66894245
2024-04-07T15:00:00,0.61336476,-0.8775108
2024-04-07T16:00:00,0.606451,-0.03903381
2024-04-07T17:00:00,0.4643925,-0.81494325
2024-04-07T18:00:00,0.355505,-0.62220883
2024-04-07T19:00:00,0.34909505,-0.03618699
2024-04-07T20:00:00,0.3166082,-0.18396914
2024-04-07T21:00:00,0.012354168,-1.7791139
2024-04-07T22:00:00,0.0,-0.0713691
2024-04-07T23:00:00,0.0,0.0
2024-04-08T00:00:00,0.014516011,0.1051677
2024-04-08T01:00:00,2.0488564e-05,-0.082067676
2024-04-08T02:00:00,1.1380785e-07,-0.000115997806
2024-04-08T03:00:00,1.7445203e-09,-6.479322e-07
2024-04-08T04:00:00,8.776341e-12,-1.0086537e-08
2024-04-08T05:00:00,0.0,-5.037361e-11
2024-04-08T06:00:00,0.0,0.0
2024-04-08T07:00:00,0.0,0.0
2024-04-08T08:00:00,0.0,0.0
2024-04-08T09:00:00,0.021908455,0.15854913
2024-04-08T10:00:00,0.24122885,1.543366
2024-04-08T11:00:00,0.51057976,1.8829427
2024-04-08T12:00:00,0.7417415,1.6241252
2024-04-08T13:00:00,0.93554,1.3684683
2024-04-08T14:00:00,0.99308956,0.40792027
2024-04-08T15:00:00,0.99868333,0.039601192
2024-04-08T16:00:00,0.97774655,-0.118400656
2024-04-08T17:00:00,0.8139211,-0.94223344
2024-04-08T18:00:00,0.7804981,-0.1892915
2024-04-08T19:00:00,0.7535533,-0.15248534
2024-04-08T20:00:00,0.57762086,-1.0133144
2024-04-08T21:00:00,0.34621572,-1.3415824
2024-04-08T22:00:00,0.1702845,-1.0133073
2024-04-08T23:00:00,0.00026070213,-0.980784
2024-04-09T00:00:00,1.893218e-07,-0.0015038629
2024-04-09T01:00:00,3.131461e-10,-1.0928984e-06
2024-04-09T02:00:00,0.0,-1.8036082e-09
2024-04-09T03:00:00,0.0,0.0
2024-04-09T04:00:00,0.0,0.0
2024-04-09T05:00:00,0.0,0.0
2024-04-09T06:00:00,0.0,0.0
2024-04-09T07:00:00,0.0,0.0
2024-04-09T08:00:00,0.0,0.0
2024-04-09T09:00:00,0.17005491,1.2047219
2024-04-09T10:00:00,0.29409018,0.88437206
2024-04-09T11:00:00,0.5335281,1.6804256
2024-04-09T12:00:00,0.7346066,1.4184736
2024-04-09T13:00:00,0.9281448,1.3666782
2024-04-09T14:00:00,0.99212915,0.45518577
2024-04-09T15:00:00,0.82391715,-0.96796393
2024-04-09T16:00:00,0.6842157,-0.8011983
2024-04-09T17:00:00,0.42650646,-1.4987172
2024-04-09T18:00:00,0.27240524,-0.8852874
2024-04-09T19:00:00,0.004138849,-1.5649253
2024-04-09T20:00:00,2.2770828e-05,-0.024143875
2024-04-09T21:00:00,0.06691481,0.4808759
2024-04-09T22:00:00,0.00029489395,-0.38126212
2024-04-09T23:00:00,1.0198514e-06,-0.0016876617
2024-04-10T00:00:00,0.0,-5.816359e-06
2024-04-10T01:00:00,0.0,0.0
2024-04-10T02:00:00,0.035531014,0.25661105
2024-04-10T03:00:00,0.00047256323,-0.20151149
2024-04-10T04:00:00,0.0,-0.0027051675
2024-04-10T05:00:00,0.0,0.0
2024-04-10T06:00:00,0.0,0.0
2024-04-10T07:00:00,0.0,0.0
2024-04-10T08:00:00,0.0,0.0
2024-04-10T09:00:00,0.0,0.0
2024-04-10T10:00:00,0.2283822,1.6051905
2024-04-10T11:00:00,0.4317513,1.4341881
2024-04-10T12:00:00,0.5572176,0.8943942
2024-04-10T13:00:00,0.752051,1.3755817
2024-04-10T14:00:00,0.8004023,0.34853783
2024-04-10T15:00:00,0.97656846,1.246966
2024-04-10T16:00:00,0.84116715,-0.7761427
2024-04-10T17:00:00,0.64197356,-1.1504484
2024-04-10T18:00:00,0.60447794,-0.21245888
2024-04-10T19:00:00,0.28028768,-1.9001403
2024-04-10T20:00:00,0.07125894,-1.2086551
2024-04-10T21:00:00,0.020193737,-0.28981167
2024-04-10T22:00:00,0.00010678685,-0.114606045
2024-04-10T23:00:00,7.244147e-07,-0.0006092721
2024-04-11T00:00:00,0.0,-4.1475873e-06
2024-04-11T01:00:00,0.0,0.0
2024-04-11T02:00:00,0.0,0.0
2024-04-11T03:00:00,0.0,0.0
2024-04-11T04:00:00,0.0,0.0
2024-04-11T05:00:00,0.0,0.0
2024-04-11T06:00:00,0.0,0.0
2024-04-11T07:00:00,0.0,0.0
2024-04-11T08:00:00,0.0,0.0
2024-04-11T09:00:00,0.0,0.0
2024-04-11T10:00:00,0.15764517,1.1187274
2024-04-11T11:00:00,0.36840668,1.484841
2024-04-11T12:00:00,0.6452036,1.9331198
2024-04-11T13:00:00,0.8748709,1.6139466
2024-04-11T14:00:00,0.9880398,0.7960076
2024-04-11T15:00:00,0.9766046,-0.0645952
2024-04-11T16:00:00,0.7207495,-1.4876096
2024-04-11T17:00:00,0.5162347,-1.1819241
2024-04-11T18:00:00,0.20485134,-1.8223298
2024-04-11T19:00:00,0.05962358,-0.8334365
2024-04-11T20:00:00,0.0,-0.34081402
2024-04-11T21:00:00,0.0,0.0
2024-04-11T22:00:00,0.0,0.0
2024-04-11T23:00:00,0.005158096,0.037423033
2024-04-12T00:00:00,0.056352116,0.3688747
2024-04-12T01:00:00,0.0013985903,-0.32033953
2024-04-12T02:00:00,0.0,-0.008065031
2024-04-12T03:00:00,0.0,0.0
2024-04-12T04:00:00,0.0,0.0
2024-04-12T05:00:00,0.0,0.0
2024-04-12T06:00:00,0.0,0.0
2024-04-12T07:00:00,0.0,0.0
2024-04-12T08:00:00,0.0,0.0
2024-04-12T09:00:00,0.024946155,0.18045044
2024-04-12T10:00:00,0.026202392,0.009119657
2024-04-12T11:00:00,0.2936666,1.8702139
2024-04-12T12:00:00,0.47290525,1.2681787
2024-04-12T13:00:00,0.6725404,1.4085665
2024-04-12T14:00:00,0.8236012,1.0729839
2024-04-12T15:00:00,0.7345661,-0.50757533
2024-04-12T16:00:00,0.47774267,-1.4934099
2024-04-12T17:00:00,0.13200893,-2.0315514
2024-04-12T18:00:00,0.0,-0.76343113
2024-04-12T19:00:00,0.0,0.0
2024-04-12T20:00:00,0.0,0.0
2024-04-12T21:00:00,0.0,0.0
2024-04-12T22:00:00,0.0,0.0
2024-04-12T23:00:00,0.0,0.0
2024-04-13T00:00:00,0.0,0.0
2024-04-13T01:00:00,0.0,0.0
2024-04-13T02:00:00,0.0,0.0
2024-04-13T03:00:00,0.0,0.0
2024-04-13T04:00:00,0.0,0.0
2024-04-13T05:00:00,0.0,0.0
2024-04-13T06:00:00,0.0,0.0
2024-04-13T07:00:00,0.0,0.0
2024-04-13T08:00:00,0.0047949655,0.034790363
2024-04-13T09:00:00,0.08288293,0.5604466
2024-04-13T10:00:00,0.27148438,1.3327141
2024-04-13T11:00:00,0.45054054,1.2669194
2024-04-13T12:00:00,0.48757416,0.26740322
2024-04-13T13:00:00,0.42198977,-0.37285197
2024-04-13T14:00:00,0.27041924,-0.8704886
2024-04-13T15:00:00,0.28107065,0.0772138
2024-04-13T16:00:00,0.15443689,-0.72513396
2024-04-13T17:00:00,0.08031336,-0.42182294
2024-04-13T18:00:00,0.00013423002,-0.45704815
2024-04-13T19:00:00,0.0138567705,0.09943095
2024-04-13T20:00:00,0.00017081016,-0.07833122
2024-04-13T21:00:00,3.2413718e-07,-0.0009776274
2024-04-13T22:00:00,0.0,-1.835121e-06
2024-04-13T23:00:00,0.0,0.0
2024-04-14T00:00:00,0.0,0.0
2024-04-14T01:00:00,0.0,0.0
2024-04-14T02:00:00,0.012053971,0.08736281
2024-04-14T03:00:00,0.0045880056,-0.04215405
2024-04-14T04:00:00,3.317793e-05,-0.025904624
2024-04-14T05:00:00,4.5678863e-07,-0.00018869249
2024-04-14T06:00:00,0.0,-2.6311986e-06
2024-04-14T07:00:00,0.0,0.0
2024-04-14T08:00:00,0.0,0.0
2024-04-14T09:00:00,0.24900928,1.7453908
2024-04-14T10:00:00,0.45642912,1.4619558
2024-04-14T11:00:00,0.62905,1.2224674
2024-04-14T12:00:00,0.74978834,0.86126703
2024-04-14T13:00:00,0.7800762,0.21891509
2024-04-14T14:00:00,0.74953765,-0.17289637
2024-04-14T15:00:00,0.5512441,-1.1451285
2024-04-14T16:00:00,0.37661,-1.005682
2024-04-14T17:00:00,0.14696878,-1.3310785
2024-04-14T18:00:00,0.063560516,-0.47518167
2024-04-14T19:00:00,0.0,-0.36169308
2024-04-14T20:00:00,0.0,0.0
2024-04-14T21:00:00,0.0,0.0
2024-04-14T22:00:00,0.0,0.0
2024-04-14T23:00:00,0.0,0.0
2024-04-15T00:00:00,0.043661926,0.3149533
2024-04-15T01:00:00,0.029608846,-0.07940776
2024-04-15T02:00:00,0.0009592917,-0.16730653
2024-04-15T03:00:00,1.2564251e-06,-0.0056020333
2024-04-15T04:00:00,0.0,-7.341251e-06
2024-04-15T05:00:00,0.0,0.0
2024-04-15T06:00:00,0.0,0.0
2024-04-15T07:00:00,0.0,0.0
2024-04-15T08:00:00,0.0,0.0
2024-04-15T09:00:00,0.0,0.0
2024-04-15T10:00:00,0.021500029,0.15560295
2024-04-15T11:00:00,0.2950033,1.9109361
2024-04-15T12:00:00,0.3525212,0.4140553
2024-04-15T13:00:00,0.52775645,1.2405355
2024-04-15T14:00:00,0.70884645,1.2809523
2024-04-15T15:00:00,0.41751802,-1.7009441
2024-04-15T16:00:00,0.46028543,0.30854157
2024-04-15T17:00:00,0.2066869,-1.4740981
2024-04-15T18:00:00,0.12043791,-0.49153042
2024-04-15T19:00:00,0.0014936678,-0.68637204
2024-04-15T20:00:00,0.0,-0.008618721
2024-04-15T21:00:00,0.0,0.0
2024-04-15T22:00:00,0.0,0.0
2024-04-15T23:00:00,0.0,0.0
2024-04-16T00:00:00,0.0,0.0
2024-04-16T01:00:00,0.0,0.0
2024-04-16T02:00:00,0.0,0.0
2024-04-16T03:00:00,0.0,0.0
2024-04-16T04:00:00,0.0,0.0
2024-04-16T05:00:00,0.0,0.0
2024-04-16T06:00:00,0.0,0.0
2024-04-16T07:00:00,0.0,0.0
2024-04-16T08:00:00,0.0,0.0
2024-04-16T09:00:00,0.055723064,0.4012406
2024-04-16T10:00:00,0.11084807,0.39696914
2024-04-16T11:00:00,0.3441787,1.6388911
2024-04-16T12:00:00,0.56453526,1.5504426
2024-04-16T13:00:00,0.5945259,0.2167762
2024-04-16T14:00:00,0.5456098,-0.27754444
2024-04-16T15:00:00,0.51420856,-0.17779842
2024-04-16T16:00:00,0.33047074,-1.0592473
2024-04-16T17:00:00,0.15268774,-1.024197
2024-04-16T18:00:00,0.0042018713,-0.8524623
2024-04-16T19:00:00,3.9922237e-05,-0.024123082
2024-04-16T20:00:00,0.0,-0.00022841102
2024-04-16T21:00:00,0.0,0.0
2024-04-16T22:00:00,0.0,0.0
2024-04-16T23:00:00,0.0,0.0
2024-04-17T00:00:00,0.014185294,0.1027768
2024-04-17T01:00:00,0.00023334265,-0.08019393
2024-04-17T02:00:00,1.053246e-06,-0.0013412221
2024-04-17T03:00:00,0.0,-6.060074e-06
2024-04-17T04:00:00,0.0,0.0
2024-04-17T05:00:00,0.0,0.0
2024-04-17T06:00:00,0.0,0.0
2024-04-17T07:00:00,0.0,0.0
2024-04-17T08:00:00,0.0,0.0
2024-04-17T09:00:00,0.0,0.0
2024-04-17T10:00:00,0.17145237,1.2143879
2024-04-17T11:00:00,0.35932133,1.327671
2024-04-17T12:00:00,0.528044,1.1955036
2024-04-17T13:00:00,0.6784753,1.0686066
2024-04-17T14:00:00,0.79302686,0.8178527
2024-04-17T15:00:00,0.7762012,-0.09510567
2024-04-17T16:00:00,0.6023883,-1.0008558
2024-04-17T17:00:00,0.44219053,-0.9209743
2024-04-17T18:00:00,0.27198726,-0.979653
2024-04-17T19:00:00,0.23532762,-0.20770156
2024-04-17T20:00:00,0.27224317,0.26655543
2024-04-17T21:00:00,0.18727835,-0.48413855
2024-04-17T22:00:00,0.002915039,-1.0671318
2024-04-17T23:00:00,0.0,-0.016575038
2024-04-18T00:00:00,0.0,0.0
2024-04-18T01:00:00,0.0,0.0
2024-04-18T02:00:00,0.0,0.0
2024-04-18T03:00:00,0.0,0.0
2024-04-18T04:00:00,0.0,0.0
2024-04-18T05:00:00,0.0,0.0
2024-04-18T06:00:00,0.0,0.0
2024-04-18T07:00:00,0.0,0.0
2024-04-18T08:00:00,0.0,0.0
2024-04-18T09:00:00,0.0,0.0
2024-04-18T10:00:00,0.111363016,0.7954489
2024-04-18T11:00:00,0.3379349,1.5928509
2024-04-18T12:00:00,0.6687963,2.2947376
2024-04-18T13:00:00,0.96427876,2.0586362
2024-04-18T14:00:00,0.9961175,0.22344682
2024-04-18T15:00:00,0.99889445,0.01967792
2024-04-18T16:00:00,0.8733889,-0.7185778
2024-04-18T17:00:00,0.6314348,-1.4044868
2024-04-18T18:00:00,0.5098392,-0.69587016
2024-04-18T19:00:00,0.3877271,-0.6988682
2024-04-18T20:00:00,0.18359454,-1.1796618
2024-04-18T21:00:00,0.0,-1.0586469
2024-04-18T22:00:00,0.0,0.0
2024-04-18T23:00:00,0.0,0.0
2024-04-19T00:00:00,0.0,0.0
2024-04-19T01:00:00,0.0,0.0
2024-04-19T02:00:00,0.0,0.0
2024-04-19T03:00:00,0.0,0.0
2024-04-19T04:00:00,0.0,0.0
2024-04-19T05:00:00,0.0,0.0
2024-04-19T06:00:00,0.0,0.0
2024-04-19T07:00:00,0.0,0.0
2024-04-19T08:00:00,0.0,0.0
2024-04-19T09:00:00,0.014121345,0.102314465
2024-04-19T10:00:00,0.17627503,1.1500027
2024-04-19T11:00:00,0.40732217,1.623345
2024-04-19T12:00:00,0.60530657,1.3972311
2024-04-19T13:00:00,0.8373577,1.6301812
2024-04-19T14:00:00,0.98410183,1.0356821
2024-04-19T15:00:00,0.99755067,0.0965144
2024-04-19T16:00:00,0.86921006,-0.7350559
2024-04-19T17:00:00,0.57220066,-1.7352719
2024-04-19T18:00:00,0.4005749,-0.98800653
2024-04-19T19:00:00,0.23607543,-0.9461853
2024-04-19T20:00:00,0.0020530086,-1.3578835
2024-04-19T21:00:00,0.0,-0.011794763
2024-04-19T22:00:00,0.04219697,0.304452
2024-04-19T23:00:00,0.00078036037,-0.23955412
2024-04-20T00:00:00,0.0,-0.004507412
2024-04-20T01:00:00,0.0,0.0
2024-04-20T02:00:00,0.0,0.0
2024-04-20T03:00:00,0.0,0.0
2024-04-20T04:00:00,0.0,0.0
2024-04-20T05:00:00,0.0,0.0
2024-04-20T06:00:00,0.0,0.0
2024-04-20T07:00:00,0.0,0.0
2024-04-20T08:00:00,0.0,0.0
2024-04-20T09:00:00,0.0,0.0
2024-04-20T10:00:00,0.0,0.0
2024-04-20T11:00:00,0.005962846,0.04325638
2024-04-20T12:00:00,3.892134e-05,-0.03366797
2024-04-20T13:00:00,0.0,-0.00022045869
2024-04-20T14:00:00,0.16500266,1.1697463
2024-04-20T15:00:00,0.094077654,-0.40346825
2024-04-20T16:00:00,0.0006171064,-0.5351758
2024-04-20T17:00:00,0.0,-0.0035277356
2024-04-20T18:00:00,0.0,0.0
2024-04-20T19:00:00,0.0,0.0
2024-04-20T20:00:00,0.04172249,0.30104983
2024-04-20T21:00:00,0.0011961412,-0.23684381
2024-04-20T22:00:00,0.0,-0.0069843098
2024-04-20T23:00:00,0.0,0.0
2024-04-21T00:00:00,0.0,0.0
2024-04-21T01:00:00,0.0,0.0
2024-04-21T02:00:00,0.0,0.0
2024-04-21T03:00:00,0.0,0.0
2024-04-21T04:00:00,0.0,0.0
2024-04-21T05:00:00,0.0,0.0
2024-04-21T06:00:00,0.0,0.0
2024-04-21T07:00:00,0.0,0.0
2024-04-21T08:00:00,0.0,0.0
2024-04-21T09:00:00,0.26981243,1.8860555
2024-04-21T10:00:00,0.4524333,1.2915097
2024-04-21T11:00:00,0.57341135,0.8629477
2024-04-21T12:00:00,0.63101995,0.4147026
2024-04-21T13:00:00,0.6951767,0.4613971
2024-04-21T14:00:00,0.5859579,-0.6241266
2024-04-21T15:00:00,0.47120103,-0.65620255
2024-04-21T16:00:00,0.3898257,-0.46348852
2024-04-21T17:00:00,0.28579786,-0.5940983
2024-04-21T18:00:00,0.19934447,-0.49270722
2024-04-21T19:00:00,0.12125677,-0.44459054
2024-04-21T20:00:00,0.062088322,-0.33612192
2024-04-21T21:00:00,0.00090615975,-0.35270905
2024-04-21T22:00:00,0.0,-0.005193175
2024-04-21T23:00:00,0.0,0.0
2024-04-22T00:00:00,0.0,0.0
2024-04-22T01:00:00,0.0,0.0
2024-04-22T02:00:00,0.0,0.0
2024-04-22T03:00:00,0.0,0.0
2024-04-22T04:00:00,0.0,0.0
2024-04-22T05:00:00,0.0,0.0
2024-04-22T06:00:00,0.0,0.0
2024-04-22T07:00:00,0.0,0.0
2024-04-22T08:00:00,0.0,0.0
2024-04-22T09:00:00,0.011832544,0.08576085
2024-04-22T10:00:00,9.175359e-05,-0.06686935
2024-04-22T11:00:00,1.2283804e-06,-0.00052258006
2024-04-22T12:00:00,0.0,-7.0584406e-06
2024-04-22T13:00:00,0.0,0.0
2024-04-22T14:00:00,0.012579212,0.09116233
2024-04-22T15:00:00,8.6475426e-05,-0.07109702
2024-04-22T16:00:00,1.2351444e-06,-0.00049213757
2024-04-22T17:00:00,0.0,-7.1261697e-06
2024-04-22T18:00:00,0.0,0.0
2024-04-22T19:00:00,0.0,0.0
2024-04-22T20:00:00,0.0,0.0
2024-04-22T21:00:00,0.0005650114,0.0041021323
2024-04-22T22:00:00,0.09014744,0.6418749
2024-04-22T23:00:00,0.0,-0.51441246
2024-04-23T00:00:00,0.0,0.0
2024-04-23T01:00:00,0.0,0.0
2024-04-23T02:00:00,0.0,0.0
2024-04-23T03:00:00,0.0,0.0
2024-04-23T04:00:00,0.0,0.0
2024-04-23T05:00:00,0.0,0.0
2024-04-23T06:00:00,0.0,0.0
2024-04-23T07:00:00,0.0,0.0
2024-04-23T08:00:00,0.0,0.0
2024-04-23T09:00:00,0.0,0.0
2024-04-23T10:00:00,0.16161945,1.1462988
2024-04-23T11:00:00,0.32892552,1.1856982
2024-04-23T12:00:00,0.5625355,1.6407924
2024-04-23T13:00:00,0.67689604,0.81651086
2024-04-23T14:00:00,0.70001733,0.16729574
2024-04-23T15:00:00,0.6252472,-0.42553535
2024-04-23T16:00:00,0.5467174,-0.44713098
2024-04-23T17:00:00,0.46175686,-0.48411387
2024-04-23T18:00:00,0.2675457,-1.1210121
2024-04-23T19:00:00,0.12423948,-0.82222235
2024-04-23T20:00:00,0.0008414084,-0.7128266
2024-04-23T21:00:00,0.0,-0.004800188
2024-04-23T22:00:00,0.0,0.0
2024-04-23T23:00:00,0.0,0.0
2024-04-24T00:00:00,0.0,0.0
2024-04-24T01:00:00,0.0,0.0
2024-04-24T02:00:00,0.0,0.0
2024-04-24T03:00:00,0.0,0.0
2024-04-24T04:00:00,0.0,0.0
2024-04-24T05:00:00,0.0,0.0
2024-04-24T06:00:00,0.0,0.0
2024-04-24T07:00:00,0.0,0.0
2024-04-24T08:00:00,0.0,0.0
2024-04-24T09:00:00,0.0,0.0
2024-04-24T10:00:00,0.18851818,1.332141
2024-04-24T11:00:00,0.25178665,0.45506787
2024-04-24T12:00:00,0.39487973,1.0175214
2024-04-24T13:00:00,0.4659317,0.510471
2024-04-24T14:00:00,0.46786135,0.014006721
2024-04-24T15:00:00,0.35446364,-0.64832664
2024-04-24T16:00:00,0.10984204,-1.4204168
2024-04-24T17:00:00,0.0006967673,-0.6378075
2024-04-24T18:00:00,0.0,-0.0040483247
2024-04-24T19:00:00,0.0,0.0
2024-04-24T20:00:00,0.0,0.0
2024-04-24T21:00:00,0.0,0.0
2024-04-24T22:00:00,0.0,0.0
2024-04-24T23:00:00,0.0,0.0
2024-04-25T00:00:00,0.0,0.0
2024-04-25T01:00:00,0.0,0.0
2024-04-25T02:00:00,0.0,0.0
2024-04-25T03:00:00,0.0,0.0
2024-04-25T04:00:00,0.0,0.0
2024-04-25T05:00:00,0.0,0.0
2024-04-25T06:00:00,0.0,0.0
2024-04-25T07:00:00,0.0,0.0
2024-04-25T08:00:00,0.0,0.0
2024-04-25T09:00:00,0.045213826,0.3260729
2024-04-25T10:00:00,0.030341104,-0.08404734
2024-04-25T11:00:00,0.12588713,0.6840174
2024-04-25T12:00:00,0.16744716,0.29988486
2024-04-25T13:00:00,0.24831584,0.58017
2024-04-25T14:00:00,0.3766375,0.9143798
2024-04-25T15:00:00,0.38156953,0.035784137
2024-04-25T16:00:00,0.21148229,-0.9789718
2024-04-25T17:00:00,0.0010685371,-1.2172294
2024-04-25T18:00:00,0.0,-0.0061010085
2024-04-25T19:00:00,0.0,0.0
2024-04-25T20:00:00,0.0,0.0
2024-04-25T21:00:00,0.0,0.0
2024-04-25T22:00:00,0.0,0.0
2024-04-25T23:00:00,0.0,0.0
2024-04-26T00:00:00,0.0,0.0
2024-04-26T01:00:00,0.0,0.0
2024-04-26T02:00:00,0.0,0.0
2024-04-26T03:00:00,0.0,0.0
2024-04-26T04:00:00,0.0,0.0
2024-04-26T05:00:00,0.0,0.0
2024-04-26T06:00:00,0.0,0.0
2024-04-26T07:00:00,0.0,0.0
2024-04-26T08:00:00,0.0,0.0
2024-04-26T09:00:00,0.0,0.0
2024-04-26T10:00:00,0.0,0.0
2024-04-26T11:00:00,0.12194472,0.8697238
2024-04-26T12:00:00,0.34838784,1.5919731
2024-04-26T13:00:00,0.47986913,0.936477
2024-04-26T14:00:00,0.6238258,1.0235385
2024-04-26T15:00:00,0.6648365,0.29594555
2024-04-26T16:00:00,0.46397153,-1.1603308
2024-04-26T17:00:00,0.43311712,-0.17469114
2024-04-26T18:00:00,0.18593436,-1.4357209
2024-04-26T19:00:00,0.08228976,-0.5918828
2024-04-26T20:00:00,0.0,-0.4695057
2024-04-26T21:00:00,0.0,0.0
2024-04-26T22:00:00,0.0,0.0
2024-04-26T23:00:00,0.0,0.0
2024-04-27T00:00:00,0.0,0.0
2024-04-27T01:00:00,0.0,0.0
2024-04-27T02:00:00,0.0,0.0
2024-04-27T03:00:00,0.0,0.0
2024-04-27T04:00:00,0.0,0.0
2024-04-27T05:00:00,0.0,0.0
2024-04-27T06:00:00,0.0,0.0
2024-04-27T07:00:00,0.0,0.0
2024-04-27T08:00:00,0.0,0.0
2024-04-27T09:00:00,0.0,0.0
2024-04-27T10:00:00,0.0,0.0
2024-04-27T11:00:00,0.058623027,0.4219422
2024-04-27T12:00:00,0.121863015,0.4548649
2024-04-27T13:00:00,0.024129825,-0.55773485
2024-04-27T14:00:00,0.0003105978,-0.13770188
2024-04-27T15:00:00,0.0,-0.0017619141
2024-04-27T16:00:00,0.0,0.0
2024-04-27T17:00:00,0.0,0.0
2024-04-27T18:00:00,0.0,0.0
2024-04-27T19:00:00,0.0,0.0
2024-04-27T20:00:00,0.0,0.0
2024-04-27T21:00:00,0.0,0.0
2024-04-27T22:00:00,0.0,0.0
2024-04-27T23:00:00,0.0,0.0
2024-04-28T00:00:00,0.0,0.0
2024-04-28T01:00:00,0.0,0.0
2024-04-28T02:00:00,0.0,0.0
2024-04-28T03:00:00,0.0,0.0
2024-04-28T04:00:00,0.0,0.0
2024-04-28T05:00:00,0.0,0.0
2024-04-28T06:00:00,0.0,0.0
2024-04-28T07:00:00,0.0,0.0
2024-04-28T08:00:00,0.0,0.0
2024-04-28T09:00:00,0.1908253,1.3480194
2024-04-28T10:00:00,0.13282841,-0.32942092
2024-04-28T11:00:00,0.0014303718,-0.7544623
2024-04-28T12:00:00,0.0,-0.008082203
2024-04-28T13:00:00,0.08892943,0.637256
2024-04-28T14:00:00,0.00546682,-0.47549433
2024-04-28T15:00:00,0.0,-0.03091161
2024-04-28T16:00:00,0.021861749,0.15821224
2024-04-28T17:00:00,0.07141752,0.35715675
2024-04-28T18:00:00,0.025869241,-0.25833285
2024-04-28T19:00:00,0.11134848,0.61283785
2024-04-28T20:00:00,0.0014695368,-0.63614964
2024-04-28T21:00:00,0.0,-0.008393976
2024-04-28T22:00:00,0.0,0.0
2024-04-28T23:00:00,0.00090195227,0.006548077
2024-04-29T00:00:00,2.124665e-06,-0.005088776
2024-04-29T01:00:00,0.0,-1.1989034e-05
2024-04-29T02:00:00,0.0,0.0
2024-04-29T03:00:00,0.0,0.0
2024-04-29T04:00:00,0.0,0.0
2024-04-29T05:00:00,0.0,0.0
2024-04-29T06:00:00,0.0,0.0
2024-04-29T07:00:00,0.0,0.0
2024-04-29T08:00:00,0.0,0.0
2024-04-29T09:00:00,0.0,0.0
2024-04-29T10:00:00,0.14511864,1.0316325
2024-04-29T11:00:00,0.33786234,1.3612152
2024-04-29T12:00:00,0.4890914,1.074154
2024-04-29T13:00:00,0.6519549,1.1549232
2024-04-29T14:00:00,0.78752005,0.9650098
2024-04-29T15:00:00,0.62933415,-0.9091919
2024-04-29T16:00:00,0.5632429,-0.3757558
2024-04-29T17:00:00,0.22705229,-1.9732596
2024-04-29T18:00:00,0.12999317,-0.553844
2024-04-29T19:00:00,0.0012184385,-0.7417741
2024-04-29T20:00:00,1.9036332e-05,-0.007018505
2024-04-29T21:00:00,0.0,-0.00010839758
2024-04-29T22:00:00,0.0,0.0
2024-04-29T23:00:00,0.0,0.0
2024-04-30T00:00:00,0.0,0.0
2024-04-30T01:00:00,0.0,0.0
2024-04-30T02:00:00,0.0,0.0
2024-04-30T03:00:00,0.0,0.0
2024-04-30T04:00:00,0.0,0.0
2024-04-30T05:00:00,0.0,0.0
2024-04-30T06:00:00,0.0,0.0
2024-04-30T07:00:00,0.0,0.0
2024-04-30T08:00:00,0.0,0.0
2024-04-30T09:00:00,0.0,0.0
2024-04-30T10:00:00,0.21227808,1.4952205
2024-04-30T11:00:00,0.42197657,1.4775629
2024-04-30T12:00:00,0.6544838,1.6332865
2024-04-30T13:00:00,0.81082076,1.1096454
2024-04-30T14:00:00,0.9098998,0.7089505
2024-04-30T15:00:00,0.8421709,-0.3851412
2024-04-30T16:00:00,0.5438318,-1.7433132
2024-04-30T17:00:00,0.3804281,-0.93976104
2024-04-30T18:00:00,0.15852065,-1.2850764
2024-04-30T19:00:00,0.0019990038,-0.9180006
2024-04-30T20:00:00,0.0,-0.011509736
2024-04-30T21:00:00,0.0,0.0
2024-04-30T22:00:00,0.0,0.0
2024-04-30T23:00:00,0.0,0.0
2024-05-01T00:00:00,0.0,0.0
2024-05-01T01:00:00,0.0,0.0
2024-05-01T02:00:00,0.0,0.0
2024-05-01T03:00:00,0.0,0.0
2024-05-01T04:00:00,0.0,0.0
2024-05-01T05:00:00,0.0,0.0
2024-05-01T06:00:00,0.0,0.0
2024-05-01T07:00:00,0.0,0.0
2024-05-01T08:00:00,0.0,0.0
2024-05-01T09:00:00,0.0,0.0
2024-05-01T10:00:00,0.16640945,1.17949
2024-05-01T11:00:00,0.32737762,1.1417826
2024-05-01T12:00:00,0.50483173,1.2558601
2024-05-01T13:00:00,0.7494217,1.7154144
2024-05-01T14:00:00,0.95373833,1.440686
2024-05-01T15:00:00,0.9943654,0.29042047
2024-05-01T16:00:00,0.8901807,-0.5950052
2024-05-01T17:00:00,0.75013185,-0.8032239
2024-05-01T18:00:00,0.566499,-1.0586289
2024-05-01T19:00:00,0.35652754,-1.2142414
2024-05-01T20:00:00,0.22394802,-0.75971425
2024-05-01T21:00:00,0.03873085,-1.0679624
2024-05-01T22:00:00,0.0,-0.2208075
2024-05-01T23:00:00,0.0,0.0
2024-05-02T00:00:00,0.0,0.0
2024-05-02T01:00:00,0.0,0.0
2024-05-02T02:00:00,0.0,0.0
2024-05-02T03:00:00,0.0,0.0
2024-05-02T04:00:00,0.0,0.0
2024-05-02T05:00:00,0.0,0.0
2024-05-02T06:00:00,0.0,0.0
2024-05-02T07:00:00,0.0,0.0
2024-05-02T08:00:00,0.0,0.0
2024-05-02T09:00:00,0.0,0.0
2024-05-02T10:00:00,0.20589086,1.4514781
2024-05-02T11:00:00,0.29441372,0.63437986
2024-05-02T12:00:00,0.38098228,0.6205499
2024-05-02T13:00:00,0.4133007,0.23352095
2024-05-02T14:00:00,0.49747956,0.6036284
2024-05-02T15:00:00,0.51731235,0.1435726
2024-05-02T16:00:00,0.6048698,0.6275488
2024-05-02T17:00:00,0.51565397,-0.50861657
2024-05-02T18:00:00,0.41323864,-0.5847779
2024-05-02T19:00:00,0.37155032,-0.23633286
2024-05-02T20:00:00,0.21810934,-0.8814256
2024-05-02T21:00:00,0.023301916,-1.1245332
2024-05-02T22:00:00,0.0,-0.1324025
2024-05-02T23:00:00,0.0,0.0
2024-05-03T00:00:00,0.0,0.0
2024-05-03T01:00:00,0.0,0.0
2024-05-03T02:00:00,0.0,0.0
2024-05-03T03:00:00,0.0,0.0
2024-05-03T04:00:00,0.0,0.0
2024-05-03T05:00:00,0.0,0.0
2024-05-03T06:00:00,0.01289292,0.09343137
2024-05-03T07:00:00,3.7183352e-05,-0.072873525
2024-05-03T08:00:00,5.676871e-07,-0.00021077611
2024-05-03T09:00:00,0.12598456,0.8980189
2024-05-03T10:00:00,0.19544671,0.49916452
2024-05-03T11:00:00,0.43355379,1.6713805
2024-05-03T12:00:00,0.6222549,1.3334006
2024-05-03T13:00:00,0.7971724,1.2383403
2024-05-03T14:00:00,0.94416773,1.0446993
2024-05-03T15:00:00,0.94203794,-0.012017735
2024-05-03T16:00:00,0.5976952,-2.0230467
2024-05-03T17:00:00,0.3106642,-1.675006
2024-05-03T18:00:00,0.023697766,-1.6746168
2024-05-03T19:00:00,5.4928772e-05,-0.1382903
2024-05-03T20:00:00,2.2109165e-07,-0.00032128618
2024-05-03T21:00:00,0.0,-1.2697141e-06
2024-05-03T22:00:00,0.0,0.0
2024-05-03T23:00:00,0.0,0.0
2024-05-04T00:00:00,0.0,0.0
2024-05-04T01:00:00,0.0,0.0
2024-05-04T02:00:00,0.0,0.0
2024-05-04T03:00:00,0.0,0.0
2024-05-04T04:00:00,0.0,0.0
2024-05-04T05:00:00,0.0,0.0
2024-05-04T06:00:00,0.0,0.0
2024-05-04T07:00:00,0.0,0.0
2024-05-04T08:00:00,0.0,0.0
2024-05-04T09:00:00,0.0,0.0
2024-05-04T10:00:00,0.0,0.0
2024-05-04T11:00:00,0.029347388,0.21214741
2024-05-04T12:00:00,0.0966218,0.48359767
2024-05-04T13:00:00,0.20149323,0.749775
2024-05-04T14:00:00,0.2176664,0.11714449
2024-05-04T15:00:00,0.34542644,0.9104503
2024-05-04T16:00:00,0.338936,-0.036641814
2024-05-04T17:00:00,0.3674723,0.20630917
2024-05-04T18:00:00,0.4276978,0.4333742
2024-05-04T19:00:00,0.32359752,-0.59451705
2024-05-04T20:00:00,0.28422117,-0.22316521
2024-05-04T21:00:00,0.1487514,-0.7765413
2024-05-04T22:00:00,0.0027729513,-0.85267437
2024-05-04T23:00:00,0.0,-0.016065506
2024-05-05T00:00:00,0.0,0.0
2024-05-05T01:00:00,0.0,0.0
2024-05-05T02:00:00,0.0,0.0
2024-05-05T03:00:00,0.0,0.0
2024-05-05T04:00:00,0.0,0.0
2024-05-05T05:00:00,0.0,0.0
2024-05-05T06:00:00,0.0,0.0
2024-05-05T07:00:00,0.0,0.0
2024-05-05T08:00:00,0.0,0.0
2024-05-05T09:00:00,0.0,0.0
2024-05-05T10:00:00,0.0047700196,0.034609497
2024-05-05T11:00:00,0.31381232,2.1493647
2024-05-05T12:00:00,0.58728236,1.910712
2024-05-05T13:00:00,0.82544017,1.6717255
2024-05-05T14:00:00,0.9826862,1.1113408
2024-05-05T15:00:00,0.99755925,0.10496051
2024-05-05T16:00:00,0.8566974,-0.80796444
2024-05-05T17:00:00,0.6734322,-1.0564637
2024-05-05T18:00:00,0.5737066,-0.5692387
2024-05-05T19:00:00,0.55439484,-0.109190196
2024-05-05T20:00:00,0.5573828,0.021685665
2024-05-05T21:00:00,0.5071997,-0.28477576
2024-05-05T22:00:00,0.43492714,-0.41119948
2024-05-05T23:00:00,0.3155508,-0.6829904
2024-05-06T00:00:00,0.23048237,-0.4847349
2024-05-06T01:00:00,0.22574304,-0.02675038
2024-05-06T02:00:00,0.22327052,-0.013952036
2024-05-06T03:00:00,0.10271056,-0.68985873
2024-05-06T04:00:00,0.0020175336,-0.5877223
2024-05-06T05:00:00,0.0,-0.011690272
2024-05-06T06:00:00,0.0,0.0
2024-05-06T07:00:00,0.0,0.0
2024-05-06T08:00:00,0.0,0.0
2024-05-06T09:00:00,0.0,0.0
2024-05-06T10:00:00,0.0,0.0
2024-05-06T11:00:00,0.0,0.0
2024-05-06T12:00:00,0.0,0.0
2024-05-06T13:00:00,0.14894031,1.0582353
2024-05-06T14:00:00,0.27698147,0.9124173
2024-05-06T15:00:00,0.27877715,0.013034599
2024-05-06T16:00:00,0.25992137,-0.10660613
2024-05-06T17:00:00,0.009249501,-1.4695348
2024-05-06T18:00:00,2.4328034e-05,-0.054224126
2024-05-06T19:00:00,0.0,-0.00014081178
2024-05-06T20:00:00,0.0,0.0
2024-05-06T21:00:00,0.0,0.0
2024-05-06T22:00:00,0.059468016,0.42797095
2024-05-06T23:00:00,0.11204176,0.37873912
2024-05-07T00:00:00,0.10561795,-0.036265407
2024-05-07T01:00:00,0.0024693971,-0.59626263
2024-05-07T02:00:00,4.7495646e-06,-0.014274647
2024-05-07T03:00:00,4.868805e-09,-2.7508338e-05
2024-05-07T04:00:00,9.9871174e-11,-2.8227888e-08
2024-05-07T05:00:00,0.0,-5.9073113e-10
2024-05-07T06:00:00,0.0,0.0
2024-05-07T07:00:00,0.0,0.0
2024-05-07T08:00:00,0.0,0.0
2024-05-07T09:00:00,0.0,0.0
2024-05-07T10:00:00,0.026915496,0.19463845
2024-05-07T11:00:00,0.027766386,0.006177422
2024-05-07T12:00:00,0.07642341,0.3507259
2024-05-07T13:00:00,0.0008290873,-0.4342742
2024-05-07T14:00:00,1.5659575e-06,-0.00476294
2024-05-07T15:00:00,0.0,-8.891757e-06
2024-05-07T16:00:00,0.0,0.0
2024-05-07T17:00:00,0.0,0.0
2024-05-07T18:00:00,0.0,0.0
2024-05-07T19:00:00,0.0,0.0
2024-05-07T20:00:00,0.0,0.0
2024-05-07T21:00:00,0.0,0.0
2024-05-07T22:00:00,0.0,0.0
2024-05-07T23:00:00,0.0,0.0
2024-05-08T00:00:00,0.0,0.0
2024-05-08T01:00:00,0.0,0.0
2024-05-08T02:00:00,0.0,0.0
2024-05-08T03:00:00,0.0,0.0
2024-05-08T04:00:00,0.0,0.0
2024-05-08T05:00:00,0.0,0.0
2024-05-08T06:00:00,0.0,0.0
2024-05-08T07:00:00,0.0,0.0
2024-05-08T08:00:00,0.0,0.0
2024-05-08T09:00:00,0.0,0.0
2024-05-08T10:00:00,0.0,0.0
2024-05-08T11:00:00,0.19746019,1.3936306
2024-05-08T12:00:00,0.5097944,2.1713464
2024-05-08T13:00:00,0.6438156,0.9542259
2024-05-08T14:00:00,0.8980623,1.7808735
2024-05-08T15:00:00,0.9903657,0.6464625
2024-05-08T16:00:00,0.77340657,-1.2556862
2024-05-08T17:00:00,0.5263433,-1.4350067
2024-05-08T18:00:00,0.38476408,-0.81214786
2024-05-08T19:00:00,0.043103706,-2.0066545
2024-05-08T20:00:00,0.21715778,1.232374
2024-05-08T21:00:00,0.12015988,-0.55349064
2024-05-08T22:00:00,0.03727985,-0.47214282
2024-05-08T23:00:00,0.12558442,0.63283557
2024-05-09T00:00:00,0.0070768883,-0.6779501
2024-05-09T01:00:00,0.0,-0.040239397
2024-05-09T02:00:00,0.0,0.0
2024-05-09T03:00:00,0.0,0.0
2024-05-09T04:00:00,0.0,0.0
2024-05-09T05:00:00,0.0,0.0
2024-05-09T06:00:00,0.0,0.0
2024-05-09T07:00:00,0.0,0.0
2024-05-09T08:00:00,0.0,0.0
2024-05-09T09:00:00,0.19999304,1.4110233
2024-05-09T10:00:00,0.37688106,1.2519513
2024-05-09T11:00:00,0.591204,1.5092094
2024-05-09T12:00:00,0.80575484,1.5107679
2024-05-09T13:00:00,0.98332584,1.2371528
2024-05-09T14:00:00,0.9975347,0.100692265
2024-05-09T15:00:00,0.9989107,0.009755097
2024-05-09T16:00:00,0.87831855,-0.6900457
2024-05-09T17:00:00,0.64691484,-1.341574
2024-05-09T18:00:00,0.30193266,-2.0269558
2024-05-09T19:00:00,0.0,-1.7711828
2024-05-09T20:00:00,0.0,0.0
2024-05-09T21:00:00,0.0,0.0
2024-05-09T22:00:00,0.16638157,1.1792969
2024-05-09T23:00:00,0.31893867,1.0833864
2024-05-10T00:00:00,0.41058603,0.65647495
2024-05-10T01:00:00,0.021342687,-2.2989473
2024-05-10T02:00:00,0.0,-0.12523285
2024-05-10T03:00:00,0.0,0.0
2024-05-10T04:00:00,0.0,0.0
2024-05-10T05:00:00,0.0,0.0
2024-05-10T06:00:00,0.0,0.0
2024-05-10T07:00:00,0.0,0.0
2024-05-10T08:00:00,0.0,0.0
2024-05-10T09:00:00,0.040466435,0.29204112
2024-05-10T10:00:00,0.12192185,0.58432966
2024-05-10T11:00:00,0.29479277,1.2241961
2024-05-10T12:00:00,0.5216394,1.5947242
2024-05-10T13:00:00,0.7985568,1.9339311
2024-05-10T14:00:00,0.9835079,1.2831295
2024-05-10T15:00:00,0.9975946,0.099436186
2024-05-10T16:00:00,0.7951822,-1.1694831
2024-05-10T17:00:00,0.37546593,-2.487823
2024-05-10T18:00:00,0.027117899,-2.0475423
2024-05-10T19:00:00,0.0,-0.15408745
2024-05-10T20:00:00,0.09349795,0.6695524
2024-05-10T21:00:00,0.003006683,-0.5347854
2024-05-10T22:00:00,0.0,-0.017740624
2024-05-10T23:00:00,0.0,0.0
2024-05-11T00:00:00,0.0,0.0
2024-05-11T01:00:00,0.072894126,0.5235652
2024-05-11T02:00:00,0.06626556,-0.037422232
2024-05-11T03:00:00,0.06878318,0.018273164
2024-05-11T04:00:00,0.002158703,-0.388167
2024-05-11T05:00:00,0.0,-0.012380396
2024-05-11T06:00:00,0.0,0.0
2024-05-11T07:00:00,0.0,0.0
2024-05-11T08:00:00,0.01606803,0.116384774
2024-05-11T09:00:00,0.0001489105,-0.090863414
2024-05-11T10:00:00,2.3869015e-06,-0.00084995385
2024-05-11T11:00:00,0.00514261,0.037293464
2024-05-11T12:00:00,2.2551281e-05,-0.02903306
2024-05-11T13:00:00,4.963542e-09,-0.000127876
2024-05-11T14:00:00,1.5917176e-10,-2.8151733e-08
2024-05-11T15:00:00,0.03835781,0.27691016
2024-05-11T16:00:00,0.00024239327,-0.21763495
2024-05-11T17:00:00,7.31723e-07,-0.0013840396
2024-05-11T18:00:00,4.5396797e-09,-4.1907106e-06
2024-05-11T19:00:00,0.07435487,0.5339434
2024-05-11T20:00:00,0.0013894173,-0.4241149
2024-05-11T21:00:00,2.3898148e-05,-0.008076049
2024-05-11T22:00:00,0.18097968,1.2800264
2024-05-11T23:00:00,0.001387973,-1.0479566
2024-05-12T00:00:00,0.0,-0.008094115
2024-05-12T01:00:00,0.048725765,0.35121784
2024-05-12T02:00:00,0.00040494773,-0.27688584
2024-05-12T03:00:00,4.887177e-06,-0.0023204137
2024-05-12T04:00:00,0.24269274,1.702502
2024-05-12T05:00:00,0.49803385,1.7882819
2024-05-12T06:00:00,0.8525078,2.4512146
2024-05-12T07:00:00,0.9882336,0.93774235
2024-05-12T08:00:00,0.9980076,0.06909255
2024-05-12T09:00:00,0.9989298,0.006538798
2024-05-12T10:00:00,0.99901956,0.00063666573
2024-05-12T11:00:00,0.9990283,6.216911e-05
2024-05-12T12:00:00,0.99902916,6.092748e-06
2024-05-12T13:00:00,0.9990293,7.521418e-07
2024-05-12T14:00:00,0.8166225,-1.0514084
2024-05-12T15:00:00,0.54364884,-1.5903411
2024-05-12T16:00:00,0.25535485,-1.6826265
2024-05-12T17:00:00,0.36720622,0.7988814
2024-05-12T18:00:00,0.100205846,-1.554448
2024-05-12T19:00:00,0.09871337,-0.008420838
2024-05-12T20:00:00,0.051759884,-0.2663469
2024-05-12T21:00:00,0.20803127,1.1091901
2024-05-12T22:00:00,0.20265462,-0.030349921
2024-05-12T23:00:00,0.16868898,-0.19237694
2024-05-13T00:00:00,0.030991111,-0.78952104
2024-05-13T01:00:00,0.097747795,0.4799123
2024-05-13T02:00:00,0.0027424798,-0.55692893
2024-05-13T03:00:00,2.7640748e-05,-0.016076641
2024-05-13T04:00:00,2.7933714e-08,-0.00016368204
2024-05-13T05:00:00,7.808695e-13,-1.6558424e-07
2024-05-13T06:00:00,0.0,-4.6247103e-12
2024-05-13T07:00:00,0.0,0.0
2024-05-13T08:00:00,0.0,0.0
2024-05-13T09:00:00,0.0,0.0
2024-05-13T10:00:00,0.16608284,1.1772282
2024-05-13T11:00:00,0.22084089,0.3943478
2024-05-13T12:00:00,0.37283716,1.0794879
2024-05-13T13:00:00,0.59110147,1.5361513
2024-05-13T14:00:00,0.8045844,1.5034635
2024-05-13T15:00:00,0.44746572,-2.101261
2024-05-13T16:00:00,0.05062157,-2.3459346
2024-05-13T17:00:00,0.0,-0.2991043
2024-05-13T18:00:00,0.0,0.0
2024-05-13T19:00:00,0.0,0.0
2024-05-13T20:00:00,0.0,0.0
2024-05-13T21:00:00,0.0,0.0
2024-05-13T22:00:00,0.0,0.0
2024-05-13T23:00:00,0.0,0.0
2024-05-14T00:00:00,0.0,0.0
2024-05-14T01:00:00,0.0,0.0
2024-05-14T02:00:00,0.0,0.0
2024-05-14T03:00:00,0.0,0.0
2024-05-14T04:00:00,0.0,0.0
2024-05-14T05:00:00,0.0,0.0
2024-05-14T06:00:00,0.0,0.0
2024-05-14T07:00:00,0.0,0.0
2024-05-14T08:00:00,0.0,0.0
2024-05-14T09:00:00,0.0,0.0
2024-05-14T10:00:00,0.09137478,0.65454817
2024-05-14T11:00:00,0.0989469,0.05491722
2024-05-14T12:00:00,0.38561663,1.9995098
2024-05-14T13:00:00,0.62382287,1.6720546
2024-05-14T14:00:00,0.8324322,1.4701045
2024-05-14T15:00:00,0.811647,-0.11754148
2024-05-14T16:00:00,0.46876052,-2.014146
2024-05-14T17:00:00,0.05467928,-2.4527965
2024-05-14T18:00:00,0.0,-0.32384014
2024-05-14T19:00:00,0.0,0.0
2024-05-14T20:00:00,0.0,0.0
2024-05-14T21:00:00,0.0,0.0
2024-05-14T22:00:00,0.0,0.0
2024-05-14T23:00:00,0.0,0.0
2024-05-15T00:00:00,0.0,0.0
2024-05-15T01:00:00,0.111041784,0.79319066
2024-05-15T02:00:00,0.23034078,0.85117334
2024-05-15T03:00:00,0.31170803,0.5837047
2024-05-15T04:00:00,0.010365609,-1.7797723
2024-05-15T05:00:00,0.0,-0.05944414
2024-05-15T06:00:00,0.0,0.0
2024-05-15T07:00:00,0.2734541,1.9106047
2024-05-15T08:00:00,0.0,-1.6029354
2024-05-15T09:00:00,0.0,0.0
2024-05-15T10:00:00,0.0,0.0
2024-05-15T11:00:00,0.13008033,0.92668176
2024-05-15T12:00:00,0.41986108,2.0203967
2024-05-15T13:00:00,0.76012313,2.3571386
2024-05-15T14:00:00,0.9802428,1.5287781
2024-05-15T15:00:00,0.99726015,0.12000461
2024-05-15T16:00:00,0.9988014,0.011092879
2024-05-15T17:00:00,0.79952437,-1.1509417
2024-05-15T18:00:00,0.5477058,-1.463445
2024-05-15T19:00:00,0.23036605,-1.8584905
2024-05-15T20:00:00,1.6558366e-05,-1.3491316
2024-05-15T21:00:00,0.0,-9.5304684e-05
2024-05-15T22:00:00,0.019633181,0.14213179
2024-05-15T23:00:00,0.0002786346,-0.11108363
2024-05-16T00:00:00,0.058658395,0.4202063
2024-05-16T01:00:00,0.2803788,1.559754
2024-05-16T02:00:00,0.5643149,1.9811437
2024-05-16T03:00:00,0.8498437,1.9918455
2024-05-16T04:00:00,0.97331583,0.88042736
2024-05-16T05:00:00,0.99665934,0.16427185
2024-05-16T06:00:00,0.99875784,0.014872608
2024-05-16T07:00:00,0.9989612,0.0014421283
2024-05-16T08:00:00,0.998981,0.00014054641
2024-05-16T09:00:00,0.99898297,1.3897757e-05
2024-05-16T10:00:00,0.99898314,1.3091865e-06
2024-05-16T11:00:00,0.99898314,1.6477073e-07
2024-05-16T12:00:00,0.99898314,1.6476989e-07
2024-05-16T13:00:00,0.99898314,1.6476906e-07
2024-05-16T14:00:00,0.80017847,-1.1481496
2024-05-16T15:00:00,0.5450587,-1.4832058
2024-05-16T16:00:00,0.23093188,-1.838979
2024-05-16T17:00:00,0.0007238733,-1.3519343
2024-05-16T18:00:00,0.0,-0.0041663125
2024-05-16T19:00:00,0.0,0.0
2024-05-16T20:00:00,0.0,0.0
2024-05-16T21:00:00,0.0,0.0
2024-05-16T22:00:00,0.0,0.0
2024-05-16T23:00:00,0.17313567,1.2260263
2024-05-17T00:00:00,0.41220474,1.6779191
2024-05-17T01:00:00,0.074269935,-1.9839039
2024-05-17T02:00:00,0.0,-0.43286932
2024-05-17T03:00:00,0.0,0.0
2024-05-17T04:00:00,0.0,0.0
2024-05-17T05:00:00,0.0,0.0
2024-05-17T06:00:00,0.0,0.0
2024-05-17T07:00:00,0.0,0.0
2024-05-17T08:00:00,0.0,0.0
2024-05-17T09:00:00,0.0,0.0
2024-05-17T10:00:00,0.04660346,0.33602554
2024-05-17T11:00:00,0.11074604,0.461296
2024-05-17T12:00:00,0.26545757,1.0983568
2024-05-17T13:00:00,0.5181897,1.7706175
2024-05-17T14:00:00,0.7828317,1.8511624
2024-05-17T15:00:00,0.84168416,0.4235793
2024-05-17T16:00:00,0.42146274,-2.490965
2024-05-17T17:00:00,0.18718292,-1.3587098
2024-05-17T18:00:00,0.21244954,0.1827597
2024-05-17T19:00:00,0.024265984,-1.0854468
2024-05-17T20:00:00,0.00015524394,-0.13996673
2024-05-17T21:00:00,2.7250471e-06,-0.00090121606
2024-05-17T22:00:00,6.8295987e-09,-1.610198e-05
2024-05-17T23:00:00,0.0,-3.921559e-08
2024-05-18T00:00:00,0.0,0.0
2024-05-18T01:00:00,0.0,0.0
2024-05-18T02:00:00,0.071364895,0.5126956
2024-05-18T03:00:00,0.17797026,0.7619828
2024-05-18T04:00:00,0.22236082,0.32017466
2024-05-18T05:00:00,0.34161788,0.8508793
2024-05-18T06:00:00,0.65053844,2.1485517
2024-05-18T07:00:00,0.97236246,2.2299113
2024-05-18T08:00:00,0.9965591,0.17022654
2024-05-18T09:00:00,0.99872744,0.015367299
2024-05-18T10:00:00,0.9989375,0.0014897352
2024-05-18T11:00:00,0.998958,0.00014542839
2024-05-18T12:00:00,0.99896,1.4202075e-05
2024-05-18T13:00:00,0.9989602,1.2320332e-06
2024-05-18T14:00:00,0.9989602,8.761788e-08
2024-05-18T15:00:00,0.9989602,8.761744e-08
2024-05-18T16:00:00,0.80009586,-1.1485021
2024-05-18T17:00:00,0.40103886,-2.3596296
2024-05-18T18:00:00,0.0007325496,-2.3713484
2024-05-18T19:00:00,0.0,-0.004250816
2024-05-18T20:00:00,0.0,0.0
2024-05-18T21:00:00,0.0,0.0
2024-05-18T22:00:00,0.0,0.0
2024-05-18T23:00:00,0.26515988,1.8546593
2024-05-19T00:00:00,0.20377783,-0.34878802
2024-05-19T01:00:00,0.051758777,-0.87311083
2024-05-19T02:00:00,0.0001597308,-0.29727292
2024-05-19T03:00:00,2.309017e-06,-0.0009202426
2024-05-19T04:00:00,0.0,-1.3224742e-05
2024-05-19T05:00:00,0.0,0.0
2024-05-19T06:00:00,0.0,0.0
2024-05-19T07:00:00,0.0,0.0
2024-05-19T08:00:00,0.0,0.0
2024-05-19T09:00:00,0.0,0.0
2024-05-19T10:00:00,0.05772977,0.4155675
2024-05-19T11:00:00,0.2557218,1.3972838
2024-05-19T12:00:00,0.3852612,0.92289865
2024-05-19T13:00:00,0.48904592,0.7421208
2024-05-19T14:00:00,0.53801423,0.35295358
2024-05-19T15:00:00,0.5380686,0.00039458275
2024-05-19T16:00:00,0.269099,-1.5662755
2024-05-19T17:00:00,0.069046415,-1.1555268
2024-05-19T18:00:00,0.05662701,-0.07016304
2024-05-19T19:00:00,0.0003988891,-0.31991246
2024-05-19T20:00:00,1.498393e-05,-0.0022694978
2024-05-19T21:00:00,0.13006668,0.9264815
2024-05-19T22:00:00,0.15483415,0.17916273
2024-05-19T23:00:00,0.09324574,-0.34996924
2024-05-20T00:00:00,0.048467074,-0.2539448
2024-05-20T01:00:00,0.08503446,0.26405516
2024-05-20T02:00:00,0.09953184,0.105033
2024-05-20T03:00:00,0.002884133,-0.5627113
2024-05-20T04:00:00,4.3839507e-05,-0.01679227
2024-05-20T05:00:00,0.0,-0.00025906332
2024-05-20T06:00:00,0.0,0.0
2024-05-20T07:00:00,0.0,0.0
2024-05-20T08:00:00,0.0,0.0
2024-05-20T09:00:00,0.028652528,0.2071459
2024-05-20T10:00:00,0.035054155,0.04643636
2024-05-20T11:00:00,0.0013095787,-0.19793916
2024-05-20T12:00:00,0.015384246,0.10197698
2024-05-20T13:00:00,0.06682747,0.3706567
2024-05-20T14:00:00,0.33192033,1.8542068
2024-05-20T15:00:00,0.4457496,0.8127794
2024-05-20T16:00:00,0.47300383,0.19707805
2024-05-20T17:00:00,0.10653423,-2.1586535
2024-05-20T18:00:00,0.00054114935,-0.62752944
2024-05-20T19:00:00,3.7931207e-07,-0.0032038616
2024-05-20T20:00:00,0.0,-2.2469335e-06
2024-05-20T21:00:00,0.0,0.0
2024-05-20T22:00:00,0.0,0.0
2024-05-20T23:00:00,0.037984684,0.27423176
2024-05-21T00:00:00,0.19433112,1.1097113
2024-05-21T01:00:00,0.060587995,-0.7664874
2024-05-21T02:00:00,0.00072684966,-0.3472323
2024-05-21T03:00:00,5.7356806e-06,-0.0042161853
2024-05-21T04:00:00,7.214112e-08,-3.3535187e-05
2024-05-21T05:00:00,0.0,-4.2645183e-07
2024-05-21T06:00:00,0.0,0.0
2024-05-21T07:00:00,0.0,0.0
2024-05-21T08:00:00,0.0,0.0
2024-05-21T09:00:00,0.0,0.0
2024-05-21T10:00:00,0.104826145,0.74945605
2024-05-21T11:00:00,0.22287828,0.8424263
2024-05-21T12:00:00,0.46788946,1.718273
2024-05-21T13:00:00,0.63553256,1.1880314
2024-05-21T14:00:00,0.67565036,0.28953987
2024-05-21T15:00:00,0.42514458,-1.4555912
2024-05-21T16:00:00,0.016822027,-2.4170485
2024-05-21T17:00:00,9.935538e-06,-0.099577285
2024-05-21T18:00:00,0.0,-5.8835296e-05
2024-05-21T19:00:00,0.0,0.0
2024-05-21T20:00:00,0.0,0.0
2024-05-21T21:00:00,0.0,0.0
2024-05-21T22:00:00,0.0,0.0
2024-05-21T23:00:00,0.0,0.0
2024-05-22T00:00:00,0.0,0.0
2024-05-22T01:00:00,0.1730164,1.2252018
2024-05-22T02:00:00,0.33066714,1.1187661
2024-05-22T03:00:00,0.45436576,0.88201374
2024-05-22T04:00:00,0.047706056,-2.4067347
2024-05-22T05:00:00,0.0,-0.28046653
2024-05-22T06:00:00,0.0,0.0
2024-05-22T07:00:00,0.0,0.0
2024-05-22T08:00:00,0.31065726,2.1601508
2024-05-22T09:00:00,0.61793464,2.1375725
2024-05-22T10:00:00,0.87736833,1.8159686
2024-05-22T11:00:00,0.9868774,0.77794415
2024-05-22T12:00:00,0.9540713,-0.18578419
2024-05-22T13:00:00,0.73499614,-1.2682502
2024-05-22T14:00:00,0.47529525,-1.5106535
2024-05-22T15:00:00,0.36898062,-0.6073221
2024-05-22T16:00:00,0.6101242,1.6920143
2024-05-22T17:00:00,0.6109388,0.0059139617
2024-05-22T18:00:00,0.3354667,-1.6053684
2024-05-22T19:00:00,0.06497189,-1.5754399
2024-05-22T20:00:00,0.0001407154,-0.378415
2024-05-22T21:00:00,0.0,-0.00081087684
2024-05-22T22:00:00,0.0,0.0
2024-05-22T23:00:00,0.03780576,0.27294722
2024-05-23T00:00:00,0.0005149349,-0.21448511
2024-05-23T01:00:00,0.2934675,2.0416756
2024-05-23T02:00:00,0.5477735,1.7812746
2024-05-23T03:00:00,0.8033239,1.7896986
2024-05-23T04:00:00,0.52384984,-1.6294576
2024-05-23T05:00:00,0.13259955,-2.3113463
2024-05-23T06:00:00,0.0,-0.78323144
2024-05-23T07:00:00,0.0,0.0
2024-05-23T08:00:00,0.0,0.0
2024-05-23T09:00:00,0.0,0.0
2024-05-23T10:00:00,0.0,0.0
2024-05-23T11:00:00,0.0,0.0
2024-05-23T12:00:00,0.0,0.0
2024-05-23T13:00:00,0.053087767,0.3824132
2024-05-23T14:00:00,0.0002338371,-0.30186725
2024-05-23T15:00:00,0.029370183,0.21062848
2024-05-23T16:00:00,0.0002348929,-0.16641198
2024-05-23T17:00:00,5.8444552e-06,-0.0013416373
2024-05-23T18:00:00,0.0,-3.4227796e-05
2024-05-23T19:00:00,0.0,0.0
2024-05-23T20:00:00,0.0,0.0
2024-05-23T21:00:00,0.0,0.0
2024-05-23T22:00:00,0.0,0.0
2024-05-23T23:00:00,0.21464616,1.5114199
2024-05-24T00:00:00,0.39747304,1.2929304
2024-05-24T01:00:00,0.008640477,-2.2964103
2024-05-24T02:00:00,0.0,-0.050455805
2024-05-24T03:00:00,0.0,0.0
2024-05-24T04:00:00,0.0,0.0
2024-05-24T05:00:00,0.0,0.0
2024-05-24T06:00:00,0.0,0.0
2024-05-24T07:00:00,0.0,0.0
2024-05-24T08:00:00,0.0,0.0
2024-05-24T09:00:00,0.0,0.0
2024-05-24T10:00:00,0.015668517,0.11349783
2024-05-24T11:00:00,0.0005917869,-0.08859887
2024-05-24T12:00:00,0.0,-0.003412986
2024-05-24T13:00:00,0.049470033,0.35654336
2024-05-24T14:00:00,0.0016134426,-0.28114605
2024-05-24T15:00:00,0.0,-0.009243861
2024-05-24T16:00:00,0.17315876,1.2261858
2024-05-24T17:00:00,0.07989347,-0.531957
2024-05-24T18:00:00,0.17745815,0.6982665
2024-05-24T19:00:00,0.0034895544,-1.0156109
2024-05-24T20:00:00,0.0,-0.019753985
2024-05-24T21:00:00,0.0,0.0
2024-05-24T22:00:00,0.0,0.0
2024-05-24T23:00:00,0.0,0.0
2024-05-25T00:00:00,0.0,0.0
2024-05-25T01:00:00,0.10721462,0.76627094
2024-05-25T02:00:00,0.12864102,0.15507177
2024-05-25T03:00:00,0.0842487,-0.25174236
2024-05-25T04:00:00,0.0031312963,-0.47776198
2024-05-25T05:00:00,0.0,-0.018157369
2024-05-25T06:00:00,0.0,0.0
2024-05-25T07:00:00,0.0,0.0
2024-05-25T08:00:00,0.0,0.0
2024-05-25T09:00:00,0.003355162,0.02434904
2024-05-25T10:00:00,3.2900855e-06,-0.018936735
2024-05-25T11:00:00,4.2235506e-08,-1.8587665e-05
2024-05-25T12:00:00,0.0414422,0.2990395
2024-05-25T13:00:00,0.05138497,0.072084576
2024-05-25T14:00:00,0.000515458,-0.2903094
2024-05-25T15:00:00,0.14842878,1.051089
2024-05-25T16:00:00,0.18123557,0.23703241
2024-05-25T17:00:00,0.0035551698,-1.0274469
2024-05-25T18:00:00,0.037732504,0.2468843
2024-05-25T19:00:00,0.06226837,0.17749347
2024-05-25T20:00:00,0.08644017,0.17486933
2024-05-25T21:00:00,0.0012699664,-0.48940775
2024-05-25T22:00:00,0.2830434,1.966605
2024-05-25T23:00:00,0.26000202,-0.13033521
2024-05-26T00:00:00,0.3112428,0.36920902
2024-05-26T01:00:00,0.011412384,-1.7693045
2024-05-26T02:00:00,0.021666536,0.074338585
2024-05-26T03:00:00,0.10849065,0.62235886
2024-05-26T04:00:00,0.00032319943,-0.619943
2024-05-26T05:00:00,0.10286743,0.733381
2024-05-26T06:00:00,0.0014959184,-0.58914125
2024-05-26T07:00:00,1.3566246e-05,-0.008693836
2024-05-26T08:00:00,4.4106187e-08,-7.956457e-05
2024-05-26T09:00:00,0.15765826,1.118818
2024-05-26T10:00:00,0.32628945,1.1948706
2024-05-26T11:00:00,0.6386754,2.1716914
2024-05-26T12:00:00,0.90434086,1.8580729
2024-05-26T13:00:00,0.9899173,0.6050697
2024-05-26T14:00:00,0.9980109,0.057377588
2024-05-26T15:00:00,0.9987812,0.0055782893
2024-05-26T16:00:00,0.89929444,-0.56785965
2024-05-26T17:00:00,0.8820076,-0.09771768
2024-05-26T18:00:00,0.5411134,-2.0019743
2024-05-26T19:00:00,0.12434098,-2.4695187
2024-05-26T20:00:00,0.0,-0.7362198
2024-05-26T21:00:00,0.0,0.0
2024-05-26T22:00:00,0.0,0.0
2024-05-26T23:00:00,0.0,0.0
2024-05-27T00:00:00,0.0,0.0
2024-05-27T01:00:00,0.10960689,0.7831012
2024-05-27T02:00:00,0.021782186,-0.50060356
2024-05-27T03:00:00,0.00055839453,-0.12415914
2024-05-27T04:00:00,6.7820392e-06,-0.003266607
2024-05-27T05:00:00,6.1319976e-09,-4.016272e-05
2024-05-27T06:00:00,0.0,-3.628656e-08
2024-05-27T07:00:00,0.0,0.0
2024-05-27T08:00:00,0.0,0.0
2024-05-27T09:00:00,0.0,0.0
2024-05-27T10:00:00,0.2067063,1.4570667
2024-05-27T11:00:00,0.4126087,1.4515574
2024-05-27T12:00:00,0.67330086,1.8244762
2024-05-27T13:00:00,0.9029418,1.6137671
2024-05-27T14:00:00,0.564025,-1.9898989
2024-05-27T15:00:00,0.25393453,-1.8144872
2024-05-27T16:00:00,0.003043794,-1.4858922
2024-05-27T17:00:00,1.3035478e-06,-0.018026771
2024-05-27T18:00:00,0.0,-7.722126e-06
2024-05-27T19:00:00,0.0,0.0
2024-05-27T20:00:00,0.0,0.0
2024-05-27T21:00:00,0.0,0.0
2024-05-27T22:00:00,0.0,0.0
2024-05-27T23:00:00,0.0,0.0
2024-05-28T00:00:00,0.0,0.0
2024-05-28T01:00:00,0.0,0.0
2024-05-28T02:00:00,0.0,0.0
2024-05-28T03:00:00,0.0,0.0
2024-05-28T04:00:00,0.0,0.0
2024-05-28T05:00:00,0.0,0.0
2024-05-28T06:00:00,0.0,0.0
2024-05-28T07:00:00,0.0,0.0
2024-05-28T08:00:00,0.0,0.0
2024-05-28T09:00:00,0.01177492,0.08534394
2024-05-28T10:00:00,0.18340516,1.2156179
2024-05-28T11:00:00,0.48068726,2.0706944
2024-05-28T12:00:00,0.7276107,1.7312467
2024-05-28T13:00:00,0.9667274,1.6782426
2024-05-28T14:00:00,0.99583936,0.2056639
2024-05-28T15:00:00,0.9985141,0.019346189
2024-05-28T16:00:00,0.79849046,-1.1553557
2024-05-28T17:00:00,0.44480467,-2.0802224
2024-05-28T18:00:00,0.03736533,-2.4115698
2024-05-28T19:00:00,0.22676992,1.3382428
2024-05-28T20:00:00,0.0039857756,-1.3146224
2024-05-28T21:00:00,0.0,-0.022875449
2024-05-28T22:00:00,0.0,0.0
2024-05-28T23:00:00,0.0,0.0
2024-05-29T00:00:00,0.0,0.0
2024-05-29T01:00:00,0.0,0.0
2024-05-29T02:00:00,0.0,0.0
2024-05-29T03:00:00,0.0,0.0
2024-05-29T04:00:00,0.0,0.0
2024-05-29T05:00:00,0.2626449,1.8376727
2024-05-29T06:00:00,0.4960241,1.6392218
2024-05-29T07:00:00,0.7079392,1.4927367
2024-05-29T08:00:00,0.9767296,1.8618405
2024-05-29T09:00:00,0.99682677,0.14157286
2024-05-29T10:00:00,0.9986539,0.012950096
2024-05-29T11:00:00,0.9988311,0.0012564585
2024-05-29T12:00:00,0.9988483,0.00012234271
2024-05-29T13:00:00,0.99885005,1.2097341e-05
2024-05-29T14:00:00,0.99885017,1.0346583e-06
2024-05-29T15:00:00,0.9988502,2.7171373e-07
2024-05-29T16:00:00,0.9988502,-1.0975735e-07
2024-05-29T17:00:00,0.7997001,-1.1501918
2024-05-29T18:00:00,0.4027512,-2.3465827
2024-05-29T19:00:00,0.06258038,-1.9975561
2024-05-29T20:00:00,0.0002261859,-0.3674854
2024-05-29T21:00:00,1.3257163e-06,-0.0013330302
2024-05-29T22:00:00,0.0,-7.760365e-06
2024-05-29T23:00:00,0.0,0.0
2024-05-30T00:00:00,0.0,0.0
2024-05-30T01:00:00,0.0,0.0
2024-05-30T02:00:00,0.0,0.0
2024-05-30T03:00:00,0.0,0.0
2024-05-30T04:00:00,0.0,0.0
2024-05-30T05:00:00,0.0,0.0
2024-05-30T06:00:00,0.0,0.0
2024-05-30T07:00:00,0.0,0.0
2024-05-30T08:00:00,0.0,0.0
2024-05-30T09:00:00,0.0,0.0
2024-05-30T10:00:00,0.0,0.0
2024-05-30T11:00:00,0.21543576,1.516819
2024-05-30T12:00:00,0.45483357,1.6801534
2024-05-30T13:00:00,0.7514278,2.0660863
2024-05-30T14:00:00,0.89902157,1.0488647
2024-05-30T15:00:00,0.98875743,0.63884234
2024-05-30T16:00:00,0.9978014,0.064529635
2024-05-30T17:00:00,0.7959263,-1.1663054
2024-05-30T18:00:00,0.44963232,-2.034977
2024-05-30T19:00:00,0.1816483,-1.5603553
2024-05-30T20:00:00,0.06656008,-0.65812314
2024-05-30T21:00:00,0.0022423957,-0.38061872
2024-05-30T22:00:00,0.0,-0.013219298
2024-05-30T23:00:00,0.0,0.0
2024-05-31T00:00:00,0.0,0.0
2024-05-31T01:00:00,0.0,0.0
2024-05-31T02:00:00,0.0,0.0
2024-05-31T03:00:00,0.0,0.0
2024-05-31T04:00:00,0.0,0.0
2024-05-31T05:00:00,0.0,0.0
2024-05-31T06:00:00,0.0,0.0
2024-05-31T07:00:00,0.0,0.0
2024-05-31T08:00:00,0.0,0.0
2024-05-31T09:00:00,0.0,0.0
2024-05-31T10:00:00,0.0,0.0
2024-05-31T11:00:00,0.0,0.0
2024-05-31T12:00:00,0.07717855,0.55399287
2024-05-31T13:00:00,0.0016130516,-0.4404018
2024-05-31T14:00:00,0.114415,0.8055618
2024-05-31T15:00:00,0.0019337174,-0.6562369
2024-05-31T16:00:00,0.0,-0.011276317
2024-05-31T17:00:00,0.0,0.0
2024-05-31T18:00:00,0.0,0.0
2024-05-31T19:00:00,0.0,0.0
2024-05-31T20:00:00,0.0,0.0
2024-05-31T21:00:00,0.0,0.0
2024-05-31T22:00:00,0.0,0.0
2024-05-31T23:00:00,0.0,0.0
2024-06-01T00:00:00,0.0,0.0
2024-06-01T01:00:00,0.0,0.0
2024-06-01T02:00:00,0.0,0.0
2024-06-01T03:00:00,0.0,0.0
2024-06-01T04:00:00,0.0,0.0
2024-06-01T05:00:00,0.0,0.0
2024-06-01T06:00:00,0.0,0.0
2024-06-01T07:00:00,0.0,0.0
2024-06-01T08:00:00,0.0,0.0
2024-06-01T09:00:00,0.0,0.0
2024-06-01T10:00:00,0.0,0.0
2024-06-01T11:00:00,0.0,0.0
2024-06-01T12:00:00,0.0,0.0
2024-06-01T13:00:00,0.0,0.0
2024-06-01T14:00:00,0.0,0.0
2024-06-01T15:00:00,0.0,0.0
2024-06-01T16:00:00,0.0,0.0
2024-06-01T17:00:00,0.0,0.0
2024-06-01T18:00:00,0.0,0.0
2024-06-01T19:00:00,0.0,0.0
2024-06-01T20:00:00,0.0,0.0
2024-06-01T21:00:00,0.0,0.0
2024-06-01T22:00:00,0.0,0.0
2024-06-01T23:00:00,0.0,0.0
2024-06-02T00:00:00,0.0,0.0
2024-06-02T01:00:00,0.03455821,0.24962144
2024-06-02T02:00:00,0.0004254135,-0.19596592
2024-06-02T03:00:00,2.3526252e-06,-0.0024424177
2024-06-02T04:00:00,4.7093096e-08,-1.358219e-05
2024-06-02T05:00:00,0.0,-2.7672687e-07
2024-06-02T06:00:00,0.0,0.0
2024-06-02T07:00:00,0.0,0.0
2024-06-02T08:00:00,0.0,0.0
2024-06-02T09:00:00,0.26293504,1.8396331
2024-06-02T10:00:00,0.3618779,0.70798975
2024-06-02T11:00:00,0.6379368,1.9281505
2024-06-02T12:00:00,0.76888114,0.9327234
2024-06-02T13:00:00,0.8559791,0.62429714
2024-06-02T14:00:00,0.4532839,-2.382161
2024-06-02T15:00:00,0.057728034,-2.337965
2024-06-02T16:00:00,0.017225115,-0.22958055
2024-06-02T17:00:00,0.12930419,0.8004819
2024-06-02T18:00:00,0.14888263,0.14173666
2024-06-02T19:00:00,0.0021576835,-0.8423641
2024-06-02T20:00:00,0.09821302,0.6876132
2024-06-02T21:00:00,0.063145906,-0.1986414
2024-06-02T22:00:00,0.06219463,-0.005366924
2024-06-02T23:00:00,0.00052053767,-0.35089073
2024-06-03T00:00:00,0.0,-0.0029444026
2024-06-03T01:00:00,0.14394978,1.0234905
2024-06-03T02:00:00,0.11708093,-0.15205412
2024-06-03T03:00:00,0.0022357926,-0.6625753
2024-06-03T04:00:00,2.3767527e-06,-0.012898944
2024-06-03T05:00:00,0.0,-1.358705e-05
2024-06-03T06:00:00,0.0,0.0
2024-06-03T07:00:00,0.0,0.0
2024-06-03T08:00:00,0.0,0.0
2024-06-03T09:00:00,0.0,0.0
2024-06-03T10:00:00,0.0,0.0
2024-06-03T11:00:00,0.0,0.0
2024-06-03T12:00:00,0.05140978,0.37041757
2024-06-03T13:00:00,0.1594455,0.7720488
2024-06-03T14:00:00,0.23775229,0.56199926
2024-06-03T15:00:00,0.10990643,-0.7321796
2024-06-03T16:00:00,0.0035885249,-0.62943953
2024-06-03T17:00:00,0.0,-0.021163879
2024-06-03T18:00:00,0.0,0.0
2024-06-03T19:00:00,0.0,0.0
2024-06-03T20:00:00,0.0,0.0
2024-06-03T21:00:00,0.0,0.0
2024-06-03T22:00:00,0.0,0.0
2024-06-03T23:00:00,0.0,0.0
2024-06-04T00:00:00,0.012111902,0.087781906
2024-06-04T01:00:00,3.386698e-05,-0.06845098
2024-06-04T02:00:00,8.603679e-09,-0.00019193752
2024-06-04T03:00:00,7.973903e-11,-4.8772822e-08
2024-06-04T04:00:00,1.6582933e-12,-4.5625587e-10
2024-06-04T05:00:00,1.6692407e-14,-9.690048e-12
2024-06-04T06:00:00,4.3569492e-17,-9.8532e-14
2024-06-04T07:00:00,0.0,-2.5718125e-16
2024-06-04T08:00:00,0.0,0.0
2024-06-04T09:00:00,0.0,0.0
2024-06-04T10:00:00,0.0,0.0
2024-06-04T11:00:00,0.0,0.0
2024-06-04T12:00:00,0.0,0.0
2024-06-04T13:00:00,0.005157691,0.037420098
2024-06-04T14:00:00,9.0036614e-05,-0.029118277
2024-06-04T15:00:00,0.014689685,0.10577232
2024-06-04T16:00:00,0.00053341035,-0.0830506
2024-06-04T17:00:00,0.0,-0.0030567974
2024-06-04T18:00:00,0.0,0.0
2024-06-04T19:00:00,0.014791925,0.10716223
2024-06-04T20:00:00,0.0,-0.08359956
2024-06-04T21:00:00,0.0,0.0
2024-06-04T22:00:00,0.0,0.0
2024-06-04T23:00:00,0.0,0.0
2024-06-05T00:00:00,0.0,0.0
2024-06-05T01:00:00,0.0119305,0.086469546
2024-06-05T02:00:00,0.041783497,0.21578608
2024-06-05T03:00:00,0.0008802897,-0.23677139
2024-06-05T04:00:00,1.0428664e-06,-0.0050956253
2024-06-05T05:00:00,4.9290843e-09,-6.0438733e-06
2024-06-05T06:00:00,0.01508143,0.109254785
2024-06-05T07:00:00,1.6523398e-05,-0.08527159
2024-06-05T08:00:00,4.073251e-08,-9.352706e-05
2024-06-05T09:00:00,2.0196925e-10,-2.3112717e-07
2024-06-05T10:00:00,5.1674624e-12,-1.1517385e-09
2024-06-05T11:00:00,0.0,-2.9853724e-11
2024-06-05T12:00:00,0.025877917,0.1871643
2024-06-05T13:00:00,0.0005667192,-0.1465533
2024-06-05T14:00:00,7.991006e-06,-0.0032813367
2024-06-05T15:00:00,0.14654277,1.0414935
2024-06-05T16:00:00,0.13760938,-0.050448127
2024-06-05T17:00:00,0.006233812,-0.7770996
2024-06-05T18:00:00,0.0,-0.035499472
2024-06-05T19:00:00,0.0,0.0
2024-06-05T20:00:00,0.0,0.0
2024-06-05T21:00:00,0.0,0.0
2024-06-05T22:00:00,0.031032959,0.22427566
2024-06-05T23:00:00,0.00084099936,-0.1709271
2024-06-06T00:00:00,0.061078917,0.4334627
2024-06-06T01:00:00,0.24796593,1.320909
2024-06-06T02:00:00,0.35442716,0.7609682
2024-06-06T03:00:00,0.27003205,-0.4808598
2024-06-06T04:00:00,0.008237002,-1.5385675
2024-06-06T05:00:00,3.927246e-05,-0.048408803
2024-06-06T06:00:00,0.0,-0.00023076392
2024-06-06T07:00:00,0.0,0.0
2024-06-06T08:00:00,0.0,0.0
2024-06-06T09:00:00,0.034719184,0.2507782
2024-06-06T10:00:00,0.00028763365,-0.19688345
2024-06-06T11:00:00,0.044993095,0.32243097
2024-06-06T12:00:00,0.1515558,0.7616826
2024-06-06T13:00:00,0.2664238,0.82007504
2024-06-06T14:00:00,0.2942922,0.20150076
2024-06-06T15:00:00,0.2657828,-0.16136959
2024-06-06T16:00:00,0.3518147,0.6167507
2024-06-06T17:00:00,0.011087048,-2.0101278
2024-06-06T18:00:00,0.0,-0.06375749
2024-06-06T19:00:00,0.0,0.0
2024-06-06T20:00:00,0.0,0.0
2024-06-06T21:00:00,0.0,0.0
2024-06-06T22:00:00,0.0,0.0
2024-06-06T23:00:00,0.0,0.0
2024-06-07T00:00:00,0.018367445,0.13299397
2024-06-07T01:00:00,0.077480115,0.42543587
2024-06-07T02:00:00,0.0005844595,-0.44095746
2024-06-07T03:00:00,5.435031e-06,-0.0033515778
2024-06-07T04:00:00,0.0,-3.112593e-05
2024-06-07T05:00:00,0.0,0.0
2024-06-07T06:00:00,0.0,0.0
2024-06-07T07:00:00,0.0,0.0
2024-06-07T08:00:00,0.0,0.0
2024-06-07T09:00:00,0.0,0.0
2024-06-07T10:00:00,0.054887522,0.3952728
2024-06-07T11:00:00,0.13618271,0.5831938
2024-06-07T12:00:00,0.35416794,1.5342447
2024-06-07T13:00:00,0.6046055,1.7550718
2024-06-07T14:00:00,0.89669436,2.0358827
2024-06-07T15:00:00,0.9906351,0.65348786
2024-06-07T16:00:00,0.9852787,-0.030235479
2024-06-07T17:00:00,0.75100017,-1.3587022
2024-06-07T18:00:00,0.3647181,-2.2806633
2024-06-07T19:00:00,0.08677097,-1.620264
2024-06-07T20:00:00,0.0,-0.49664313
2024-06-07T21:00:00,0.0,0.0
2024-06-07T22:00:00,0.0,0.0
2024-06-07T23:00:00,0.0,0.0
2024-06-08T00:00:00,0.0,0.0
2024-06-08T01:00:00,0.0,0.0
2024-06-08T02:00:00,0.0,0.0
2024-06-08T03:00:00,0.0,0.0
2024-06-08T04:00:00,0.0,0.0
2024-06-08T05:00:00,0.0,0.0
2024-06-08T06:00:00,0.0,0.0
2024-06-08T07:00:00,0.0,0.0
2024-06-08T08:00:00,0.0,0.0
2024-06-08T09:00:00,0.0,0.0
2024-06-08T10:00:00,0.0,0.0
2024-06-08T11:00:00,0.0,0.0
2024-06-08T12:00:00,0.0,0.0
2024-06-08T13:00:00,0.0,0.0
2024-06-08T14:00:00,0.0,0.0
2024-06-08T15:00:00,0.0,0.0
2024-06-08T16:00:00,0.0,0.0
2024-06-08T17:00:00,0.0,0.0
2024-06-08T18:00:00,0.0,0.0
2024-06-08T19:00:00,0.0,0.0
2024-06-08T20:00:00,0.0,0.0
2024-06-08T21:00:00,0.0,0.0
2024-06-08T22:00:00,0.0,0.0
2024-06-08T23:00:00,0.0,0.0
2024-06-09T00:00:00,0.0,0.0
2024-06-09T01:00:00,0.08190189,0.5874945
2024-06-09T02:00:00,0.00051295146,-0.46767488
2024-06-09T03:00:00,0.0,-0.0029238765
2024-06-09T04:00:00,0.0,0.0
2024-06-09T05:00:00,0.0,0.0
2024-06-09T06:00:00,0.0,0.0
2024-06-09T07:00:00,0.0,0.0
2024-06-09T08:00:00,0.0,0.0
2024-06-09T09:00:00,0.0,0.0
2024-06-09T10:00:00,0.061216284,0.44043964
2024-06-09T11:00:00,0.24356058,1.2896028
2024-06-09T12:00:00,0.49822053,1.7836709
2024-06-09T13:00:00,0.7192274,1.5548825
2024-06-09T14:00:00,0.9570551,1.6694814
2024-06-09T15:00:00,0.994756,0.26710793
2024-06-09T16:00:00,0.784978,-1.2130951
2024-06-09T17:00:00,0.6241991,-0.9243786
2024-06-09T18:00:00,0.38143378,-1.4093304
2024-06-09T19:00:00,0.29539007,-0.4903487
2024-06-09T20:00:00,0.2488483,-0.26399854
2024-06-09T21:00:00,0.30582696,0.41020596
2024-06-09T22:00:00,0.30395582,-0.0105577335
2024-06-09T23:00:00,0.36370662,0.4299882
2024-06-10T00:00:00,0.3302753,-0.18933877
2024-06-10T01:00:00,0.1704814,-0.91860855
2024-06-10T02:00:00,0.119613625,-0.2886845
2024-06-10T03:00:00,0.0021756925,-0.6788305
2024-06-10T04:00:00,4.677575e-05,-0.01257623
2024-06-10T05:00:00,1.222558e-08,-0.00027632015
2024-06-10T06:00:00,3.527462e-11,-7.223951e-08
2024-06-10T07:00:00,1.08900375e-14,-2.090367e-10
2024-06-10T08:00:00,0.0,-6.424723e-14
2024-06-10T09:00:00,0.0,0.0
2024-06-10T10:00:00,0.0713193,0.5123715
2024-06-10T11:00:00,0.21092667,0.9932199
2024-06-10T12:00:00,0.3541363,1.0183336
2024-06-10T13:00:00,0.46662268,0.8033444
2024-06-10T14:00:00,0.67290866,1.4541863
2024-06-10T15:00:00,0.4874551,-1.0693552
2024-06-10T16:00:00,0.4022434,-0.48555937
2024-06-10T17:00:00,0.015150935,-2.292092
2024-06-10T18:00:00,9.064098e-06,-0.0897133
2024-06-10T19:00:00,0.0,-5.3674346e-05
2024-06-10T20:00:00,0.0,0.0
2024-06-10T21:00:00,0.0,0.0
2024-06-10T22:00:00,0.0,0.0
2024-06-10T23:00:00,0.0,0.0
2024-06-11T00:00:00,0.0,0.0
2024-06-11T01:00:00,0.0,0.0
2024-06-11T02:00:00,0.0,0.0
2024-06-11T03:00:00,0.0,0.0
2024-06-11T04:00:00,0.0,0.0
2024-06-11T05:00:00,0.06579633,0.4730748
2024-06-11T06:00:00,0.17985317,0.81437796
2024-06-11T07:00:00,0.27308148,0.66764736
2024-06-11T08:00:00,0.0062745307,-1.5618986
2024-06-11T09:00:00,0.0,-0.036320828
2024-06-11T10:00:00,0.0,0.0
2024-06-11T11:00:00,0.0,0.0
2024-06-11T12:00:00,0.0,0.0
2024-06-11T13:00:00,0.0,0.0
2024-06-11T14:00:00,0.0,0.0
2024-06-11T15:00:00,0.0,0.0
2024-06-11T16:00:00,0.0,0.0
2024-06-11T17:00:00,0.16848987,1.1938925
2024-06-11T18:00:00,0.003439167,-0.97396266
2024-06-11T19:00:00,0.0,-0.019596087
2024-06-11T20:00:00,0.0012086328,0.008774135
2024-06-11T21:00:00,9.379942e-06,-0.006819372
2024-06-11T22:00:00,3.049035e-07,-5.3337637e-05
2024-06-11T23:00:00,0.0,-1.7853122e-06
2024-06-12T00:00:00,0.0,0.0
2024-06-12T01:00:00,0.08918463,0.6390613
2024-06-12T02:00:00,0.13864365,0.35646456
2024-06-12T03:00:00,0.08754703,-0.2899911
2024-06-12T04:00:00,0.0012984183,-0.4968598
2024-06-12T05:00:00,0.0,-0.0073531955
2024-06-12T06:00:00,0.18956615,1.3393546
2024-06-12T07:00:00,0.24746801,0.41679573
2024-06-12T08:00:00,0.17651096,-0.40365207
2024-06-12T09:00:00,0.045157056,-0.7525822
2024-06-12T10:00:00,0.0014344364,-0.2587239
2024-06-12T11:00:00,0.0,-0.008432008
2024-06-12T12:00:00,0.0,0.0
2024-06-12T13:00:00,0.2981952,2.0768108
2024-06-12T14:00:00,0.5856281,2.004635
2024-06-12T15:00:00,0.7244349,0.9876355
2024-06-12T16:00:00,0.66347,-0.34640092
2024-06-12T17:00:00,0.36244568,-1.7595596
2024-06-12T18:00:00,0.0031376856,-2.1185825
2024-06-12T19:00:00,0.038141776,0.25282535
2024-06-12T20:00:00,0.14109495,0.73626256
2024-06-12T21:00:00,0.00054270506,-0.80812484
2024-06-12T22:00:00,0.05584039,0.39820254
2024-06-12T23:00:00,8.794338e-05,-0.31762254
2024-06-13T00:00:00,0.0,-0.00050056877
2024-06-13T01:00:00,0.04671065,0.3367931
2024-06-13T02:00:00,0.00110678,-0.26535583
2024-06-13T03:00:00,6.854099e-06,-0.0064400346
2024-06-13T04:00:00,7.1261326e-08,-4.013055e-05
2024-06-13T05:00:00,0.0,-4.2116648e-07
2024-06-13T06:00:00,0.0,0.0
2024-06-13T07:00:00,0.0,0.0
2024-06-13T08:00:00,0.0,0.0
2024-06-13T09:00:00,0.0,0.0
2024-06-13T10:00:00,0.0,0.0
2024-06-13T11:00:00,0.0,0.0
2024-06-13T12:00:00,0.0,0.0
2024-06-13T13:00:00,0.0,0.0
2024-06-13T14:00:00,0.0,0.0
2024-06-13T15:00:00,0.0,0.0
2024-06-13T16:00:00,0.0,0.0
2024-06-13T17:00:00,0.0,0.0
2024-06-13T18:00:00,0.0,0.0
2024-06-13T19:00:00,0.0,0.0
2024-06-13T20:00:00,0.0,0.0
2024-06-13T21:00:00,0.0,0.0
2024-06-13T22:00:00,0.05958251,0.42878774
2024-06-13T23:00:00,0.13465314,0.5390271
2024-06-14T00:00:00,0.09581029,-0.22012769
2024-06-14T01:00:00,0.001941296,-0.5429699
2024-06-14T02:00:00,5.7531533e-06,-0.01122911
2024-06-14T03:00:00,0.0,-3.328815e-05
2024-06-14T04:00:00,0.0,0.0
2024-06-14T05:00:00,0.0,0.0
2024-06-14T06:00:00,0.0,0.0
2024-06-14T07:00:00,0.0,0.0
2024-06-14T08:00:00,0.0,0.0
2024-06-14T09:00:00,0.0,0.0
2024-06-14T10:00:00,0.01370023,0.09926963
2024-06-14T11:00:00,0.20828679,1.3738852
2024-06-14T12:00:00,0.45703217,1.7436017
2024-06-14T13:00:00,0.57888293,0.8690654
2024-06-14T14:00:00,0.6138704,0.2527059
2024-06-14T15:00:00,0.48579425,-0.73351836
2024-06-14T16:00:00,0.16723977,-1.8658708
2024-06-14T17:00:00,0.0017725123,-0.9795744
2024-06-14T18:00:00,0.0,-0.01022314
2024-06-14T19:00:00,0.0,0.0
2024-06-14T20:00:00,0.0,0.0
2024-06-14T21:00:00,0.0,0.0
2024-06-14T22:00:00,0.0,0.0
2024-06-14T23:00:00,0.0,0.0
2024-06-15T00:00:00,0.0,0.0
2024-06-15T01:00:00,0.0,0.0
2024-06-15T02:00:00,0.0,0.0
2024-06-15T03:00:00,0.0,0.0
2024-06-15T04:00:00,0.0,0.0
2024-06-15T05:00:00,0.0,0.0
2024-06-15T06:00:00,0.0,0.0
2024-06-15T07:00:00,0.0,0.0
2024-06-15T08:00:00,0.0,0.0
2024-06-15T09:00:00,0.0,0.0
2024-06-15T10:00:00,0.0,0.0
2024-06-15T11:00:00,0.0,0.0
2024-06-15T12:00:00,0.0039033827,0.028325224
2024-06-15T13:00:00,0.00014903882,-0.022032758
2024-06-15T14:00:00,0.11165926,0.79648364
2024-06-15T15:00:00,0.19061664,0.5666149
2024-06-15T16:00:00,0.0035809549,-1.0879914
2024-06-15T17:00:00,4.1420008e-05,-0.020830506
2024-06-15T18:00:00,0.0,-0.00023907339
2024-06-15T19:00:00,0.0,0.0
2024-06-15T20:00:00,0.0,0.0
2024-06-15T21:00:00,0.0,0.0
2024-06-15T22:00:00,0.0,0.0
2024-06-15T23:00:00,0.0,0.0
2024-06-16T00:00:00,0.2692481,1.8822491
2024-06-16T01:00:00,0.024239803,-1.422727
2024-06-16T02:00:00,0.00017894595,-0.14075695
2024-06-16T03:00:00,0.0,-0.0010344454
2024-06-16T04:00:00,0.0,0.0
2024-06-16T05:00:00,0.0,0.0
2024-06-16T06:00:00,0.0,0.0
2024-06-16T07:00:00,0.0,0.0
2024-06-16T08:00:00,0.0,0.0
2024-06-16T09:00:00,0.10935034,0.7812968
2024-06-16T10:00:00,0.22264732,0.80904
2024-06-16T11:00:00,0.45081577,1.6037338
2024-06-16T12:00:00,0.6949278,1.7121708
2024-06-16T13:00:00,0.9082032,1.5020441
2024-06-16T14:00:00,0.9908006,0.5794527
2024-06-16T15:00:00,0.9034799,-0.49770138
2024-06-16T16:00:00,0.63639444,-1.5549588
2024-06-16T17:00:00,0.57698727,-0.33748758
2024-06-16T18:00:00,0.41342962,-0.94066346
2024-06-16T19:00:00,0.012144688,-2.3777432
2024-06-16T20:00:00,0.0,-0.06904709
2024-06-16T21:00:00,0.0,0.0
2024-06-16T22:00:00,0.041129585,0.2967978
2024-06-16T23:00:00,0.18254057,1.0057971
2024-06-17T00:00:00,0.22686249,0.31968293
2024-06-17T01:00:00,0.19998509,-0.15210268
2024-06-17T02:00:00,0.03106523,-0.9721185
2024-06-17T03:00:00,0.00024213828,-0.17877759
2024-06-17T04:00:00,8.070376e-07,-0.0014044308
2024-06-17T05:00:00,4.1775907e-09,-4.6965674e-06
2024-06-17T06:00:00,0.0,-2.4112804e-08
2024-06-17T07:00:00,0.0,0.0
2024-06-17T08:00:00,0.0,0.0
2024-06-17T09:00:00,0.0,0.0
2024-06-17T10:00:00,0.11581482,0.82672346
2024-06-17T11:00:00,0.32563862,1.4784211
2024-06-17T12:00:00,0.6293153,2.1134992
2024-06-17T13:00:00,0.95058954,2.230955
2024-06-17T14:00:00,0.99467003,0.30810028
2024-06-17T15:00:00,0.9983385,0.02598356
2024-06-17T16:00:00,0.83230853,-0.95516133
2024-06-17T17:00:00,0.64505166,-1.0799836
2024-06-17T18:00:00,0.39052573,-1.4796503
2024-06-17T19:00:00,0.018788729,-2.1910372
2024-06-17T20:00:00,0.0,-0.1101433
2024-06-17T21:00:00,0.0,0.0
2024-06-17T22:00:00,0.02742121,0.1982805
2024-06-17T23:00:00,0.05554256,0.20332186
2024-06-18T00:00:00,0.030070528,-0.14412555
2024-06-18T01:00:00,0.00040671264,-0.17014472
2024-06-18T02:00:00,0.075841375,0.5416124
2024-06-18T03:00:00,0.15138257,0.5423688
2024-06-18T04:00:00,0.0033023402,-0.86362445
2024-06-18T05:00:00,4.720263e-05,-0.019259706
2024-06-18T06:00:00,0.0,-0.00027821146
2024-06-18T07:00:00,0.0,0.0
2024-06-18T08:00:00,0.0,0.0
2024-06-18T09:00:00,0.0,0.0
2024-06-18T10:00:00,0.21627812,1.5225779
2024-06-18T11:00:00,0.41971087,1.4346248
2024-06-18T12:00:00,0.58496386,1.1714803
2024-06-18T13:00:00,0.7986135,1.5046041
2024-06-18T14:00:00,0.98018897,1.2806746
2024-06-18T15:00:00,0.99700534,0.1185851
2024-06-18T16:00:00,0.7930629,-1.1785362
2024-06-18T17:00:00,0.39228907,-2.3702598
2024-06-18T18:00:00,0.00019230683,-2.320079
2024-06-18T19:00:00,0.0,-0.0011073634
2024-06-18T20:00:00,0.0,0.0
2024-06-18T21:00:00,0.07889179,0.5661497
2024-06-18T22:00:00,0.0020883805,-0.45029002
2024-06-18T23:00:00,0.0,-0.0121216085
2024-06-19T00:00:00,0.0,0.0
2024-06-19T01:00:00,0.0,0.0
2024-06-19T02:00:00,0.0,0.0
2024-06-19T03:00:00,0.0,0.0
2024-06-19T04:00:00,0.0,0.0
2024-06-19T05:00:00,0.0,0.0
2024-06-19T06:00:00,0.0084476145,0.06125863
2024-06-19T07:00:00,0.000101891106,-0.047715653
2024-06-19T08:00:00,0.063035116,0.45267877
2024-06-19T09:00:00,0.00028270137,-0.35894868
2024-06-19T10:00:00,0.0,-0.0016082808
2024-06-19T11:00:00,0.27739748,1.937163
2024-06-19T12:00:00,0.56523716,2.0073667
2024-06-19T13:00:00,0.8908778,2.2600224
2024-06-19T14:00:00,0.99032515,0.69010586
2024-06-19T15:00:00,0.99790823,0.053639237
2024-06-19T16:00:00,0.7963105,-1.1646644
2024-06-19T17:00:00,0.3777866,-2.4804072
2024-06-19T18:00:00,0.1370845,-1.3970137
2024-06-19T19:00:00,0.04060999,-0.55047005
2024-06-19T20:00:00,0.0,-0.23096718
2024-06-19T21:00:00,0.0,0.0
2024-06-19T22:00:00,0.018886365,0.13674067
2024-06-19T23:00:00,0.019141598,0.0018531454
2024-06-20T00:00:00,0.0005483361,-0.10798545
2024-06-20T01:00:00,0.0,-0.0031639985
2024-06-20T02:00:00,0.0,0.0
2024-06-20T03:00:00,0.0,0.0
2024-06-20T04:00:00,0.0,0.0
2024-06-20T05:00:00,0.0,0.0
2024-06-20T06:00:00,0.0,0.0
2024-06-20T07:00:00,0.0,0.0
2024-06-20T08:00:00,0.0,0.0
2024-06-20T09:00:00,0.010116045,0.07333889
2024-06-20T10:00:00,6.233875e-06,-0.057154067
2024-06-20T11:00:00,0.20570435,1.450157
2024-06-20T12:00:00,0.4405499,1.6491998
2024-06-20T13:00:00,0.5651524,0.8883452
2024-06-20T14:00:00,0.4661829,-0.5648727
2024-06-20T15:00:00,0.32706508,-0.79779637
2024-06-20T16:00:00,0.46495563,0.98124206
2024-06-20T17:00:00,0.43238017,-0.1844728
2024-06-20T18:00:00,0.2586818,-1.0001829
2024-06-20T19:00:00,0.28010777,0.15506865
2024-06-20T20:00:00,0.3109158,0.22265752
2024-06-20T21:00:00,0.010524291,-1.7620944
2024-06-20T22:00:00,0.0,-0.060038388
2024-06-20T23:00:00,0.124168314,0.885304
2024-06-21T00:00:00,0.28079194,1.1116358
2024-06-21T01:00:00,0.04592273,-1.3622227
2024-06-21T02:00:00,0.00012181224,-0.26634818
2024-06-21T03:00:00,0.0,-0.0007076876
2024-06-21T04:00:00,0.05268741,0.37955165
2024-06-21T05:00:00,0.06475109,0.08743301
2024-06-21T06:00:00,0.0018386862,-0.36594114
2024-06-21T07:00:00,0.05374856,0.37399325
2024-06-21T08:00:00,0.00060727965,-0.3055716
2024-06-21T09:00:00,7.329679e-06,-0.0034919635
2024-06-21T10:00:00,0.014146479,0.10244318
2024-06-21T11:00:00,1.1302469e-05,-0.07997394
2024-06-21T12:00:00,0.0,-6.384402e-05
2024-06-21T13:00:00,0.0,0.0
2024-06-21T14:00:00,0.0,0.0
2024-06-21T15:00:00,0.06304448,0.45347166
2024-06-21T16:00:00,0.0019174357,-0.35900784
2024-06-21T17:00:00,0.0,-0.011104598
2024-06-21T18:00:00,0.0,0.0
2024-06-21T19:00:00,0.0,0.0
2024-06-21T20:00:00,0.0,0.0
2024-06-21T21:00:00,0.0,0.0
2024-06-21T22:00:00,0.0,0.0
2024-06-21T23:00:00,0.0,0.0
2024-06-22T00:00:00,0.0,0.0
2024-06-22T01:00:00,0.0,0.0
2024-06-22T02:00:00,0.0,0.0
2024-06-22T03:00:00,0.0,0.0
2024-06-22T04:00:00,0.0,0.0
2024-06-22T05:00:00,0.0,0.0
2024-06-22T06:00:00,0.0,0.0
2024-06-22T07:00:00,0.0,0.0
2024-06-22T08:00:00,0.0,0.0
2024-06-22T09:00:00,0.0,0.0
2024-06-22T10:00:00,0.0,0.0
2024-06-22T11:00:00,0.0,0.0
2024-06-22T12:00:00,0.0,0.0
2024-06-22T13:00:00,0.0,0.0
2024-06-22T14:00:00,0.0,0.0
2024-06-22T15:00:00,0.0,0.0
2024-06-22T16:00:00,0.0,0.0
2024-06-22T17:00:00,0.0,0.0
2024-06-22T18:00:00,0.0,0.0
2024-06-22T19:00:00,0.0,0.0
2024-06-22T20:00:00,0.0,0.0
2024-06-22T21:00:00,0.0,0.0
2024-06-22T22:00:00,0.0,0.0
2024-06-22T23:00:00,0.0,0.0
2024-06-23T00:00:00,0.0,0.0
2024-06-23T01:00:00,0.024409482,0.17658256
2024-06-23T02:00:00,0.00056002237,-0.13820675
2024-06-23T03:00:00,8.494054e-06,-0.0032453095
2024-06-23T04:00:00,4.6380773e-08,-4.9980812e-05
2024-06-23T05:00:00,2.337019e-12,-2.7441268e-07
2024-06-23T06:00:00,0.0,-1.3804873e-11
2024-06-23T07:00:00,0.0,0.0
2024-06-23T08:00:00,0.0,0.0
2024-06-23T09:00:00,0.0,0.0
2024-06-23T10:00:00,0.0,0.0
2024-06-23T11:00:00,0.0,0.0
2024-06-23T12:00:00,0.0,0.0
2024-06-23T13:00:00,0.0,0.0
2024-06-23T14:00:00,0.0,0.0
2024-06-23T15:00:00,0.0,0.0
2024-06-23T16:00:00,0.0,0.0
2024-06-23T17:00:00,0.0,0.0
2024-06-23T18:00:00,0.08550907,0.6130491
2024-06-23T19:00:00,0.001997099,-0.48852754
2024-06-23T20:00:00,0.076899335,0.53783125
2024-06-23T21:00:00,0.0,-0.438626
2024-06-23T22:00:00,0.0,0.0
2024-06-23T23:00:00,0.0,0.0
2024-06-24T00:00:00,0.011482505,0.08322821
2024-06-24T01:00:00,0.14607365,0.9582075
2024-06-24T02:00:00,0.2385471,0.6623136
2024-06-24T03:00:00,0.20644157,-0.18180165
2024-06-24T04:00:00,0.008541367,-1.1690012
2024-06-24T05:00:00,9.839337e-06,-0.05045406
2024-06-24T06:00:00,7.444227e-09,-5.818823e-05
2024-06-24T07:00:00,0.0,-4.4022862e-08
2024-06-24T08:00:00,0.0,0.0
2024-06-24T09:00:00,0.0,0.0
2024-06-24T10:00:00,0.14151141,1.0064973
2024-06-24T11:00:00,0.06383053,-0.44225302
2024-06-24T12:00:00,0.00020260025,-0.3634002
2024-06-24T13:00:00,0.09632068,0.68805623
2024-06-24T14:00:00,0.3303112,1.6433821
2024-06-24T15:00:00,0.03313482,-1.7362816
2024-06-24T16:00:00,7.38577e-05,-0.19359338
2024-06-24T17:00:00,8.917422e-07,-0.00043248473
2024-06-24T18:00:00,0.0,-5.2822597e-06
2024-06-24T19:00:00,0.0,0.0
2024-06-24T20:00:00,0.0,0.0
2024-06-24T21:00:00,0.0,0.0
2024-06-24T22:00:00,0.07752598,0.5564586
2024-06-24T23:00:00,0.13344242,0.40262154
2024-06-25T00:00:00,0.14680515,0.09682911
2024-06-25T01:00:00,0.004955833,-0.8298328
2024-06-25T02:00:00,0.0,-0.028022392
2024-06-25T03:00:00,0.027942121,0.20203142
2024-06-25T04:00:00,0.0012273983,-0.1582923
2024-06-25T05:00:00,4.2968313e-07,-0.007272682
2024-06-25T06:00:00,0.0,-2.518629e-06
2024-06-25T07:00:00,0.0,0.0
2024-06-25T08:00:00,0.0,0.0
2024-06-25T09:00:00,0.0,0.0
2024-06-25T10:00:00,0.24452524,1.7149751
2024-06-25T11:00:00,0.48588192,1.693462
2024-06-25T12:00:00,0.53257984,0.33670178
2024-06-25T13:00:00,0.54559284,0.09429982
2024-06-25T14:00:00,0.6472301,0.726989
2024-06-25T15:00:00,0.5554997,-0.5231077
2024-06-25T16:00:00,0.4000469,-0.8931944
2024-06-25T17:00:00,0.21529089,-1.0652454
2024-06-25T18:00:00,0.0030048795,-1.2412999
2024-06-25T19:00:00,0.05270409,0.35818297
2024-06-25T20:00:00,0.0006413972,-0.29953584
2024-06-25T21:00:00,0.0,-0.0036380035
2024-06-25T22:00:00,0.0,0.0
2024-06-25T23:00:00,0.0,0.0
2024-06-26T00:00:00,0.0,0.0
2024-06-26T01:00:00,0.0,0.0
2024-06-26T02:00:00,0.0,0.0
2024-06-26T03:00:00,0.08958838,0.641917
2024-06-26T04:00:00,0.11113599,0.1559462
2024-06-26T05:00:00,0.041566797,-0.3956921
2024-06-26T06:00:00,0.0687357,0.19646347
2024-06-26T07:00:00,0.00073311746,-0.3893431
2024-06-26T08:00:00,6.010054e-06,-0.0041974033
2024-06-26T09:00:00,3.8462623e-08,-3.469449e-05
2024-06-26T10:00:00,0.0,-2.1935527e-07
2024-06-26T11:00:00,0.14992793,1.0651056
2024-06-26T12:00:00,0.35327357,1.4340274
2024-06-26T13:00:00,0.6401361,2.0008047
2024-06-26T14:00:00,0.9465358,2.1317067
2024-06-26T15:00:00,0.9943255,0.33362386
2024-06-26T16:00:00,0.9982464,0.027768156
2024-06-26T17:00:00,0.85367495,-0.8296055
2024-06-26T18:00:00,0.576669,-1.6145986
2024-06-26T19:00:00,0.2443111,-1.9498844
2024-06-26T20:00:00,0.009296921,-1.3630868
2024-06-26T21:00:00,3.1099917e-05,-0.053922325
2024-06-26T22:00:00,0.0,-0.00017689995
2024-06-26T23:00:00,0.0,0.0
2024-06-27T00:00:00,0.001527509,0.011088496
2024-06-27T01:00:00,0.23502582,1.6400324
2024-06-27T02:00:00,0.11033914,-0.71382034
2024-06-27T03:00:00,0.0016446646,-0.6316819
2024-06-27T04:00:00,3.133568e-05,-0.009558028
2024-06-27T05:00:00,0.0,-0.00018470833
2024-06-27T06:00:00,0.0,0.0
2024-06-27T07:00:00,0.0,0.0
2024-06-27T08:00:00,0.0,0.0
2024-06-27T09:00:00,0.12608196,0.89870477
2024-06-27T10:00:00,0.38891038,1.8389127
2024-06-27T11:00:00,0.6667269,1.9399837
2024-06-27T12:00:00,0.8127862,1.0381832
2024-06-27T13:00:00,0.9815577,1.1895467
2024-06-27T14:00:00,0.9967711,0.10940316
2024-06-27T15:00:00,0.9984695,0.012037044
2024-06-27T16:00:00,0.9986309,0.001167386
2024-06-27T17:00:00,0.7989107,-1.1535617
2024-06-27T18:00:00,0.46336958,-1.9692968
2024-06-27T19:00:00,0.33814502,-0.7169452
2024-06-27T20:00:00,0.33682078,-0.0074713645
2024-06-27T21:00:00,0.09537266,-1.4014664
2024-06-27T22:00:00,0.097950235,0.01870815
2024-06-27T23:00:00,0.25691977,1.1279184
2024-06-28T00:00:00,0.2910221,0.24634519
2024-06-28T01:00:00,0.0624749,-1.324566
2024-06-28T02:00:00,0.0,-0.357723
2024-06-28T03:00:00,0.0,0.0
2024-06-28T04:00:00,0.0,0.0
2024-06-28T05:00:00,0.0,0.0
2024-06-28T06:00:00,0.0,0.0
2024-06-28T07:00:00,0.0,0.0
2024-06-28T08:00:00,0.033285547,0.24047433
2024-06-28T09:00:00,0.10650931,0.5259076
2024-06-28T10:00:00,0.19939856,0.66525173
2024-06-28T11:00:00,0.362988,1.1599545
2024-06-28T12:00:00,0.4411383,0.560889
2024-06-28T13:00:00,0.61394566,1.2237568
2024-06-28T14:00:00,0.79622394,1.2891474
2024-06-28T15:00:00,0.9676082,1.2139171
2024-06-28T16:00:00,0.6880127,-1.6301892
2024-06-28T17:00:00,0.28176633,-2.404172
2024-06-28T18:00:00,0.0,-1.6665666
2024-06-28T19:00:00,0.0,0.0
2024-06-28T20:00:00,0.0,0.0
2024-06-28T21:00:00,0.0,0.0
2024-06-28T22:00:00,0.0,0.0
2024-06-28T23:00:00,0.0,0.0
2024-06-29T00:00:00,0.0,0.0
2024-06-29T01:00:00,0.0,0.0
2024-06-29T02:00:00,0.0,0.0
2024-06-29T03:00:00,0.0,0.0
2024-06-29T04:00:00,0.0,0.0
2024-06-29T05:00:00,0.0,0.0
2024-06-29T06:00:00,0.0,0.0
2024-06-29T07:00:00,0.0,0.0
2024-06-29T08:00:00,0.0,0.0
2024-06-29T09:00:00,0.0,0.0
2024-06-29T10:00:00,0.0,0.0
2024-06-29T11:00:00,0.2372411,1.6654931
2024-06-29T12:00:00,0.4905655,1.7746283
2024-06-29T13:00:00,0.68373686,1.3641558
2024-06-29T14:00:00,0.8598403,1.2465327
2024-06-29T15:00:00,0.9875914,0.8882593
2024-06-29T16:00:00,0.7592786,-1.3231708
2024-06-29T17:00:00,0.35348868,-2.4013414
2024-06-29T18:00:00,0.0,-2.0870976
2024-06-29T19:00:00,0.0,0.0
2024-06-29T20:00:00,0.0,0.0
2024-06-29T21:00:00,0.0,0.0
2024-06-29T22:00:00,0.0,0.0
2024-06-29T23:00:00,0.0,0.0
2024-06-30T00:00:00,0.0,0.0
2024-06-30T01:00:00,0.10080421,0.72111636
2024-06-30T02:00:00,0.0,-0.5769722
2024-06-30T03:00:00,0.0,0.0
2024-06-30T04:00:00,0.0,0.0
2024-06-30T05:00:00,0.0,0.0
2024-06-30T06:00:00,0.0,0.0
2024-06-30T07:00:00,0.0,0.0
2024-06-30T08:00:00,0.0,0.0
2024-06-30T09:00:00,0.27663696,1.9320431
2024-06-30T10:00:00,0.4754595,1.4029871
2024-06-30T11:00:00,0.5863263,0.7919606
2024-06-30T12:00:00,0.71620625,0.9252805
2024-06-30T13:00:00,0.79022163,0.531532
2024-06-30T14:00:00,0.97170395,1.2836584
2024-06-30T15:00:00,0.9960997,0.17225735
2024-06-30T16:00:00,0.93908966,-0.323778
2024-06-30T17:00:00,0.7514678,-1.082135
2024-06-30T18:00:00,0.33581632,-2.4625525
2024-06-30T19:00:00,0.13115387,-1.1827979
2024-06-30T20:00:00,0.19414248,0.45307353
2024-06-30T21:00:00,0.0985913,-0.5451422
2024-06-30T22:00:00,0.047922052,-0.28755105
2024-06-30T23:00:00,0.031033529,-0.09546157
2024-07-01T00:00:00,0.07088964,0.28766254
2024-07-01T01:00:00,0.00037834258,-0.4023039
2024-07-01T02:00:00,1.3683646e-06,-0.0021586427
2024-07-01T03:00:00,7.467392e-09,-7.835577e-06
2024-07-01T04:00:00,1.5648818e-10,-4.2994667e-08
2024-07-01T05:00:00,1.4231516e-13,-9.202908e-10
2024-07-01T06:00:00,1.4589782e-17,-8.377025e-13
2024-07-01T07:00:00,0.0,-8.5424186e-17
2024-07-01T08:00:00,0.0,0.0
2024-07-01T09:00:00,0.0,0.0
2024-07-01T10:00:00,0.26284003,1.8389912
2024-07-01T11:00:00,0.5021542,1.6795849
2024-07-01T12:00:00,0.76979077,1.871377
2024-07-01T13:00:00,0.98052377,1.4644382
2024-07-01T14:00:00,0.99693495,0.11573966
2024-07-01T15:00:00,0.8094263,-1.0814679
2024-07-01T16:00:00,0.40744174,-2.3777585
2024-07-01T17:00:00,0.40242425,-0.028321315
2024-07-01T18:00:00,0.38881078,-0.07691973
2024-07-01T19:00:00,0.28951076,-0.5667812
2024-07-01T20:00:00,0.18441321,-0.6002832
2024-07-01T21:00:00,0.09193708,-0.52740663
2024-07-01T22:00:00,0.05218092,-0.22532785
2024-07-01T23:00:00,0.027912145,-0.13729778
2024-07-02T00:00:00,2.8837994e-05,-0.15790972
2024-07-02T01:00:00,5.587452e-07,-0.00016331633
2024-07-02T02:00:00,0.04810014,0.34673634
2024-07-02T03:00:00,0.00037795852,-0.2733054
2024-07-02T04:00:00,4.9741343e-06,-0.0021645722
2024-07-02T05:00:00,0.0,-2.8643395e-05
2024-07-02T06:00:00,0.0,0.0
2024-07-02T07:00:00,0.0,0.0
2024-07-02T08:00:00,0.0,0.0
2024-07-02T09:00:00,0.0,0.0
2024-07-02T10:00:00,0.18744954,1.324783
2024-07-02T11:00:00,0.44779667,1.8221442
2024-07-02T12:00:00,0.5990812,1.0745397
2024-07-02T13:00:00,0.84718513,1.7392523
2024-07-02T14:00:00,0.9860632,0.9690444
2024-07-02T15:00:00,0.9974188,0.08022006
2024-07-02T16:00:00,0.99848294,0.007543572
2024-07-02T17:00:00,0.7983783,-1.1558347
2024-07-02T18:00:00,0.48099482,-1.858756
2024-07-02T19:00:00,0.1484917,-1.9507699
2024-07-02T20:00:00,0.0,-0.8670269
2024-07-02T21:00:00,0.0,0.0
2024-07-02T22:00:00,0.0,0.0
2024-07-02T23:00:00,0.0,0.0
2024-07-03T00:00:00,0.0,0.0
2024-07-03T01:00:00,0.0,0.0
2024-07-03T02:00:00,0.0,0.0
2024-07-03T03:00:00,0.0,0.0
2024-07-03T04:00:00,0.0,0.0
2024-07-03T05:00:00,0.052894443,0.38103145
2024-07-03T06:00:00,0.0009866299,-0.3007594
2024-07-03T07:00:00,2.2056004e-06,-0.0057166386
2024-07-03T08:00:00,0.0,-1.26333625e-05
2024-07-03T09:00:00,0.0,0.0
2024-07-03T10:00:00,0.02965823,0.2143845
2024-07-03T11:00:00,0.15869407,0.9193764
2024-07-03T12:00:00,0.43467236,1.9276078
2024-07-03T13:00:00,0.74910724,2.185364
2024-07-03T14:00:00,0.9786674,1.5966787
2024-07-03T15:00:00,0.9967543,0.12748586
2024-07-03T16:00:00,0.8935913,-0.589099
2024-07-03T17:00:00,0.75632524,-0.78700477
2024-07-03T18:00:00,0.60160893,-0.88888544
2024-07-03T19:00:00,0.37661114,-1.3034486
2024-07-03T20:00:00,0.118728526,-1.499756
2024-07-03T21:00:00,0.00021458731,-0.690484
2024-07-03T22:00:00,0.0,-0.0012320156
2024-07-03T23:00:00,0.0,0.0
2024-07-04T00:00:00,0.0,0.0
2024-07-04T01:00:00,0.0,0.0
2024-07-04T02:00:00,0.0,0.0
2024-07-04T03:00:00,0.0,0.0
2024-07-04T04:00:00,0.0,0.0
2024-07-04T05:00:00,0.0,0.0
2024-07-04T06:00:00,0.0,0.0
2024-07-04T07:00:00,0.0,0.0
2024-07-04T08:00:00,0.0,0.0
2024-07-04T09:00:00,0.0,0.0
2024-07-04T10:00:00,0.20300244,1.4316733
2024-07-04T11:00:00,0.3707554,1.1887919
2024-07-04T12:00:00,0.5772984,1.4559478
2024-07-04T13:00:00,0.801943,1.579708
2024-07-04T14:00:00,0.9114685,0.78252876
2024-07-04T15:00:00,0.9179417,0.046955112
2024-07-04T16:00:00,0.83206046,-0.4894132
2024-07-04T17:00:00,0.70493335,-0.72800136
2024-07-04T18:00:00,0.6719636,-0.18671466
2024-07-04T19:00:00,0.72078675,0.35191506
2024-07-04T20:00:00,0.5414464,-1.0333588
2024-07-04T21:00:00,0.15287654,-2.294788
2024-07-04T22:00:00,0.0,-0.90097874
2024-07-04T23:00:00,0.0,0.0
2024-07-05T00:00:00,0.0,0.0
2024-07-05T01:00:00,0.009546458,0.069215484
2024-07-05T02:00:00,1.8681994e-05,-0.05393134
2024-07-05T03:00:00,3.4071132e-07,-0.000105748186
2024-07-05T04:00:00,8.924009e-10,-1.9643994e-06
2024-07-05T05:00:00,9.201268e-12,-5.158723e-09
2024-07-05T06:00:00,5.7071616e-14,-5.374413e-11
2024-07-05T07:00:00,1.1786318e-16,-3.3543288e-13
2024-07-05T08:00:00,0.0,-6.9372263e-16
2024-07-05T09:00:00,0.0,0.0
2024-07-05T10:00:00,0.0,0.0
2024-07-05T11:00:00,0.0,0.0
2024-07-05T12:00:00,0.0,0.0
2024-07-05T13:00:00,0.0,0.0
2024-07-05T14:00:00,0.05439905,0.39178324
2024-07-05T15:00:00,0.0009355969,-0.3093832
2024-07-05T16:00:00,9.714131e-06,-0.005414128
2024-07-05T17:00:00,0.0,-5.599142e-05
2024-07-05T18:00:00,0.0,0.0
2024-07-05T19:00:00,0.0,0.0
2024-07-05T20:00:00,0.0,0.0
2024-07-05T21:00:00,0.0,0.0
2024-07-05T22:00:00,0.0,0.0
2024-07-05T23:00:00,0.0,0.0
2024-07-06T00:00:00,0.0,0.0
2024-07-06T01:00:00,0.0,0.0
2024-07-06T02:00:00,0.0,0.0
2024-07-06T03:00:00,0.0,0.0
2024-07-06T04:00:00,0.0,0.0
2024-07-06T05:00:00,0.0,0.0
2024-07-06T06:00:00,0.0,0.0
2024-07-06T07:00:00,0.0,0.0
2024-07-06T08:00:00,0.0,0.0
2024-07-06T09:00:00,0.0,0.0
2024-07-06T10:00:00,0.011949003,0.0866034
2024-07-06T11:00:00,0.02411144,0.08814749
2024-07-06T12:00:00,0.00047659938,-0.13626797
2024-07-06T13:00:00,0.0,-0.0027172451
2024-07-06T14:00:00,0.18727511,1.3235818
2024-07-06T15:00:00,0.3643746,1.2534117
2024-07-06T16:00:00,0.10616914,-1.5016906
2024-07-06T17:00:00,0.0,-0.60848105
2024-07-06T18:00:00,0.0,0.0
2024-07-06T19:00:00,0.0,0.0
2024-07-06T20:00:00,0.0,0.0
2024-07-06T21:00:00,0.0,0.0
2024-07-06T22:00:00,0.0,0.0
2024-07-06T23:00:00,0.0,0.0
2024-07-07T00:00:00,0.0,0.0
2024-07-07T01:00:00,0.039627768,0.2860242
2024-07-07T02:00:00,0.08615969,0.33551332
2024-07-07T03:00:00,0.0008241908,-0.48627198
2024-07-07T04:00:00,6.842165e-06,-0.0046965317
2024-07-07T05:00:00,0.0,-3.911721e-05
2024-07-07T06:00:00,0.0,0.0
2024-07-07T07:00:00,0.0,0.0
2024-07-07T08:00:00,0.0,0.0
2024-07-07T09:00:00,0.03447859,0.24904929
2024-07-07T10:00:00,0.0013875434,-0.1955121
2024-07-07T11:00:00,0.0,-0.007967569
2024-07-07T12:00:00,0.14327554,1.0187929
2024-07-07T13:00:00,0.38628542,1.7046885
2024-07-07T14:00:00,0.54477185,1.1245661
2024-07-07T15:00:00,0.33826676,-1.1937069
2024-07-07T16:00:00,0.007264489,-1.9553577
2024-07-07T17:00:00,0.0,-0.041821655
2024-07-07T18:00:00,0.0,0.0
2024-07-07T19:00:00,0.0,0.0
2024-07-07T20:00:00,0.0865969,0.62075055
2024-07-07T21:00:00,0.0037039784,-0.47221696
2024-07-07T22:00:00,0.0,-0.021062912
2024-07-07T23:00:00,0.0070834127,0.051376604
2024-07-08T00:00:00,0.06986569,0.45160297
2024-07-08T01:00:00,0.0004378911,-0.39783606
2024-07-08T02:00:00,1.7823859e-06,-0.002509209
2024-07-08T03:00:00,0.0,-1.0214918e-05
2024-07-08T04:00:00,0.0,0.0
2024-07-08T05:00:00,0.0,0.0
2024-07-08T06:00:00,0.0,0.0
2024-07-08T07:00:00,0.0,0.0
2024-07-08T08:00:00,0.0,0.0
2024-07-08T09:00:00,0.13356361,0.95102954
2024-07-08T10:00:00,0.1566054,0.16672255
2024-07-08T11:00:00,0.2456527,0.6380899
2024-07-08T12:00:00,0.38810584,1.0130615
2024-07-08T13:00:00,0.40676168,0.13507624
2024-07-08T14:00:00,0.52612585,0.8516304
2024-07-08T15:00:00,0.6078798,0.58644575
2024-07-08T16:00:00,0.540226,-0.3847108
2024-07-08T17:00:00,0.18430984,-2.0938892
2024-07-08T18:00:00,0.033720993,-0.8647504
2024-07-08T19:00:00,0.0002100779,-0.19364144
2024-07-08T20:00:00,0.0,-0.0012075305
2024-07-08T21:00:00,0.0043951087,0.031891096
2024-07-08T22:00:00,0.00012269846,-0.02481017
2024-07-08T23:00:00,0.0,-0.0007047067
2024-07-09T00:00:00,0.0,0.0
2024-07-09T01:00:00,0.013187122,0.09555913
2024-07-09T02:00:00,0.0002729318,-0.07453973
2024-07-09T03:00:00,0.0,-0.0015603342
2024-07-09T04:00:00,0.0,0.0
2024-07-09T05:00:00,0.0,0.0
2024-07-09T06:00:00,0.029498765,0.21323688
2024-07-09T07:00:00,0.0006800829,-0.16714959
2024-07-09T08:00:00,9.966367e-07,-0.0039445097
2024-07-09T09:00:00,0.0,-5.740514e-06
2024-07-09T10:00:00,0.0,0.0
2024-07-09T11:00:00,0.0,0.0
2024-07-09T12:00:00,0.0,0.0
2024-07-09T13:00:00,0.04240321,0.30593067
2024-07-09T14:00:00,0.00033624517,-0.24073231
2024-07-09T15:00:00,0.0,-0.0019180821
2024-07-09T16:00:00,0.0,0.0
2024-07-09T17:00:00,0.0,0.0
2024-07-09T18:00:00,0.0,0.0
2024-07-09T19:00:00,0.0,0.0
2024-07-09T20:00:00,0.0,0.0
2024-07-09T21:00:00,0.0,0.0
2024-07-09T22:00:00,0.0,0.0
2024-07-09T23:00:00,0.0,0.0
2024-07-10T00:00:00,0.041178238,0.29714674
2024-07-10T01:00:00,0.00044216323,-0.2337354
2024-07-10T02:00:00,1.0559506e-05,-0.0025370438
2024-07-10T03:00:00,0.0,-6.0605646e-05
2024-07-10T04:00:00,0.0,0.0
2024-07-10T05:00:00,0.0,0.0
2024-07-10T06:00:00,0.0,0.0
2024-07-10T07:00:00,0.020462096,0.14811416
2024-07-10T08:00:00,0.00026422265,-0.115788005
2024-07-10T09:00:00,0.0,-0.0015074477
2024-07-10T10:00:00,0.0,0.0
2024-07-10T11:00:00,0.0,0.0
2024-07-10T12:00:00,0.22228228,1.5635893
2024-07-10T13:00:00,0.48550323,1.8415645
2024-07-10T14:00:00,0.77151304,1.9950773
2024-07-10T15:00:00,0.9776331,1.453023
2024-07-10T16:00:00,0.9810848,0.02504916
2024-07-10T17:00:00,0.736008,-1.4231366
2024-07-10T18:00:00,0.37035263,-2.153651
2024-07-10T19:00:00,0.06595549,-1.7799807
2024-07-10T20:00:00,0.0,-0.38059545
2024-07-10T21:00:00,0.0,0.0
2024-07-10T22:00:00,0.0,0.0
2024-07-10T23:00:00,0.0,0.0
2024-07-11T00:00:00,0.0,0.0
2024-07-11T01:00:00,0.0,0.0
2024-07-11T02:00:00,0.0,0.0
2024-07-11T03:00:00,0.0,0.0
2024-07-11T04:00:00,0.0,0.0
2024-07-11T05:00:00,0.0,0.0
2024-07-11T06:00:00,0.0,0.0
2024-07-11T07:00:00,0.008843203,0.06412344
2024-07-11T08:00:00,0.004011016,-0.027274823
2024-07-11T09:00:00,0.055393275,0.37022078
2024-07-11T10:00:00,0.13956498,0.60357773
2024-07-11T11:00:00,0.3497148,1.4806533
2024-07-11T12:00:00,0.62887216,1.9490075
2024-07-11T13:00:00,0.80414057,1.2407647
2024-07-11T14:00:00,0.9823156,1.2441419
2024-07-11T15:00:00,0.95007694,-0.18255846
2024-07-11T16:00:00,0.9930726,0.31014207
2024-07-11T17:00:00,0.7789326,-1.2389579
2024-07-11T18:00:00,0.51190823,-1.5545918
2024-07-11T19:00:00,0.29369867,-1.26311
2024-07-11T20:00:00,0.037519652,-1.4895499
2024-07-11T21:00:00,0.00043278327,-0.21815757
2024-07-11T22:00:00,0.0,-0.0025388186
2024-07-11T23:00:00,0.0,0.0
2024-07-12T00:00:00,0.0,0.0
2024-07-12T01:00:00,0.0,0.0
2024-07-12T02:00:00,0.0,0.0
2024-07-12T03:00:00,0.0,0.0
2024-07-12T04:00:00,0.0,0.0
2024-07-12T05:00:00,0.0,0.0
2024-07-12T06:00:00,0.0,0.0
2024-07-12T07:00:00,0.0,0.0
2024-07-12T08:00:00,0.0,0.0
2024-07-12T09:00:00,0.033835184,0.2444252
2024-07-12T10:00:00,0.02473587,-0.051386125
2024-07-12T11:00:00,0.11352716,0.63627887
2024-07-12T12:00:00,0.19006957,0.5494774
2024-07-12T13:00:00,0.22595735,0.25917393
2024-07-12T14:00:00,0.3069624,0.58113676
2024-07-12T15:00:00,0.36490276,0.41707066
2024-07-12T16:00:00,0.30106047,-0.36287326
2024-07-12T17:00:00,0.07302495,-1.3215207
2024-07-12T18:00:00,0.00062648486,-0.42319715
2024-07-12T19:00:00,0.0,-0.0036428336
2024-07-12T20:00:00,0.0,0.0
2024-07-12T21:00:00,0.0,0.0
2024-07-12T22:00:00,0.0,0.0
2024-07-12T23:00:00,0.0,0.0
2024-07-13T00:00:00,0.0,0.0
2024-07-13T01:00:00,0.0,0.0
2024-07-13T02:00:00,0.0,0.0
2024-07-13T03:00:00,0.0,0.0
2024-07-13T04:00:00,0.0,0.0
2024-07-13T05:00:00,0.0,0.0
2024-07-13T06:00:00,0.0,0.0
2024-07-13T07:00:00,0.0,0.0
2024-07-13T08:00:00,0.0,0.0
2024-07-13T09:00:00,0.0,0.0
2024-07-13T10:00:00,0.0,0.0
2024-07-13T11:00:00,0.21062675,1.4839184
2024-07-13T12:00:00,0.109115936,-0.57955134
2024-07-13T13:00:00,0.2986551,1.3391688
2024-07-13T14:00:00,0.5637394,1.8541493
2024-07-13T15:00:00,0.81640476,1.7701648
2024-07-13T16:00:00,0.96354103,1.0456808
2024-07-13T17:00:00,0.68431795,-1.6279464
2024-07-13T18:00:00,0.36536735,-1.868278
2024-07-13T19:00:00,0.11941048,-1.4283946
2024-07-13T20:00:00,0.053627335,-0.37399065
2024-07-13T21:00:00,0.0019118956,-0.30488238
2024-07-13T22:00:00,3.2114483e-06,-0.011271359
2024-07-13T23:00:00,0.0,-1.8900324e-05
2024-07-14T00:00:00,0.0,0.0
2024-07-14T01:00:00,0.12577556,0.89655966
2024-07-14T02:00:00,0.00060562213,-0.72272533
2024-07-14T03:00:00,0.069307715,0.49375746
2024-07-14T04:00:00,0.00060585106,-0.39500064
2024-07-14T05:00:00,0.0,-0.0034780242
2024-07-14T06:00:00,0.0,0.0
2024-07-14T07:00:00,0.0,0.0
2024-07-14T08:00:00,0.0,0.0
2024-07-14T09:00:00,0.2053835,1.4480004
2024-07-14T10:00:00,0.45437086,1.745242
2024-07-14T11:00:00,0.33208245,-0.699892
2024-07-14T12:00:00,0.5593278,1.597442
2024-07-14T13:00:00,0.7674527,1.4667864
2024-07-14T14:00:00,0.9761992,1.4710437
2024-07-14T15:00:00,0.9964163,0.14278148
2024-07-14T16:00:00,0.9458719,-0.28683814
2024-07-14T17:00:00,0.79470044,-0.86815566
2024-07-14T18:00:00,0.56155246,-1.351965
2024-07-14T19:00:00,0.41337714,-0.8506483
2024-07-14T20:00:00,0.10183546,-1.8232903
2024-07-14T21:00:00,0.004264917,-0.55679595
2024-07-14T22:00:00,1.7998795e-05,-0.024338173
2024-07-14T23:00:00,8.031128e-08,-0.000103147206
2024-07-15T00:00:00,0.0,-4.568415e-07
2024-07-15T01:00:00,0.0,0.0
2024-07-15T02:00:00,0.0,0.0
2024-07-15T03:00:00,0.0,0.0
2024-07-15T04:00:00,0.0,0.0
2024-07-15T05:00:00,0.0,0.0
2024-07-15T06:00:00,0.0,0.0
2024-07-15T07:00:00,0.0,0.0
2024-07-15T08:00:00,0.0,0.0
2024-07-15T09:00:00,0.12166242,0.86774516
2024-07-15T10:00:00,0.33869517,1.527736
2024-07-15T11:00:00,0.56124294,1.5654014
2024-07-15T12:00:00,0.8381906,1.9341348
2024-07-15T13:00:00,0.9854112,1.0259774
2024-07-15T14:00:00,0.99727035,0.08376035
2024-07-15T15:00:00,0.9983794,0.007861572
2024-07-15T16:00:00,0.87270516,-0.719558
2024-07-15T17:00:00,0.70225334,-0.9811125
2024-07-15T18:00:00,0.65194315,-0.28550142
2024-07-15T19:00:00,0.47836718,-0.9994637
2024-07-15T20:00:00,0.3426368,-0.77805907
2024-07-15T21:00:00,0.19398893,-0.8534086
2024-07-15T22:00:00,0.012444304,-1.0463324
2024-07-15T23:00:00,3.1937783e-05,-0.071722746
2024-07-16T00:00:00,0.0,-0.00018239816
2024-07-16T01:00:00,0.0,0.0
2024-07-16T02:00:00,0.0,0.0
2024-07-16T03:00:00,0.0,0.0
2024-07-16T04:00:00,0.0,0.0
2024-07-16T05:00:00,0.0,0.0
2024-07-16T06:00:00,0.0,0.0
2024-07-16T07:00:00,0.0,0.0
2024-07-16T08:00:00,0.0,0.0
2024-07-16T09:00:00,0.14905724,1.0590488
2024-07-16T10:00:00,0.30582175,1.112614
2024-07-16T11:00:00,0.5451134,1.6794317
2024-07-16T12:00:00,0.7609493,1.519555
2024-07-16T13:00:00,0.9795176,1.5202606
2024-07-16T14:00:00,0.9967198,0.12141601
2024-07-16T15:00:00,0.99829817,0.011321335
2024-07-16T16:00:00,0.9984693,0.0012195782
2024-07-16T17:00:00,0.8127011,-1.0712094
2024-07-16T18:00:00,0.617326,-1.1278857
2024-07-16T19:00:00,0.3334312,-1.6560936
2024-07-16T20:00:00,0.12838459,-1.185072
2024-07-16T21:00:00,0.00013137156,-0.74200183
2024-07-16T22:00:00,0.0,-0.0007552846
2024-07-16T23:00:00,0.0,0.0
2024-07-17T00:00:00,0.0,0.0
2024-07-17T01:00:00,0.0,0.0
2024-07-17T02:00:00,0.0,0.0
2024-07-17T03:00:00,0.0,0.0
2024-07-17T04:00:00,0.0,0.0
2024-07-17T05:00:00,0.0,0.0
2024-07-17T06:00:00,0.0,0.0
2024-07-17T07:00:00,0.0,0.0
2024-07-17T08:00:00,0.04481273,0.32319948
2024-07-17T09:00:00,0.08473049,0.2881049
2024-07-17T10:00:00,0.28403622,1.4063047
2024-07-17T11:00:00,0.584362,2.0910766
2024-07-17T12:00:00,0.81736,1.6366272
2024-07-17T13:00:00,0.9814544,1.1591662
2024-07-17T14:00:00,0.99689937,0.10895633
2024-07-17T15:00:00,0.99832547,0.010107825
2024-07-17T16:00:00,0.9984606,0.000980729
2024-07-17T17:00:00,0.83118945,-0.9624427
2024-07-17T18:00:00,0.51822686,-1.8319123
2024-07-17T19:00:00,0.25392985,-1.53822
2024-07-17T20:00:00,0.051740006,-1.1681668
2024-07-17T21:00:00,0.00048554948,-0.29893172
2024-07-17T22:00:00,0.0,-0.0028175223
2024-07-17T23:00:00,0.0,0.0
2024-07-18T00:00:00,0.0,0.0
2024-07-18T01:00:00,0.0,0.0
2024-07-18T02:00:00,0.0,0.0
2024-07-18T03:00:00,0.0,0.0
2024-07-18T04:00:00,0.0,0.0
2024-07-18T05:00:00,0.0,0.0
2024-07-18T06:00:00,0.0,0.0
2024-07-18T07:00:00,0.0,0.0
2024-07-18T08:00:00,0.0,0.0
2024-07-18T09:00:00,0.0,0.0
2024-07-18T10:00:00,0.23789334,1.6699276
2024-07-18T11:00:00,0.46542,1.5993596
2024-07-18T12:00:00,0.702168,1.6621399
2024-07-18T13:00:00,0.86228424,1.1358739
2024-07-18T14:00:00,0.98748946,0.87158513
2024-07-18T15:00:00,0.99732965,0.07026735
2024-07-18T16:00:00,0.98353416,-0.07794989
2024-07-18T17:00:00,0.87970823,-0.59293115
2024-07-18T18:00:00,0.7869553,-0.52900255
2024-07-18T19:00:00,0.71975607,-0.38210538
2024-07-18T20:00:00,0.6610123,-0.3336926
2024-07-18T21:00:00,0.32900843,-1.9477262
2024-07-18T22:00:00,0.0018264678,-1.9301534
2024-07-18T23:00:00,0.0,-0.010717731
2024-07-19T00:00:00,0.0,0.0
2024-07-19T01:00:00,0.0,0.0
2024-07-19T02:00:00,0.08158054,0.58521664
2024-07-19T03:00:00,0.0,-0.46525374
2024-07-19T04:00:00,0.0,0.0
2024-07-19T05:00:00,0.0,0.0
2024-07-19T06:00:00,0.0,0.0
2024-07-19T07:00:00,0.0,0.0
2024-07-19T08:00:00,0.0,0.0
2024-07-19T09:00:00,0.0,0.0
2024-07-19T10:00:00,0.0,0.0
2024-07-19T11:00:00,0.06895069,0.49552616
2024-07-19T12:00:00,0.06716347,-0.010084185
2024-07-19T13:00:00,0.12322934,0.40368867
2024-07-19T14:00:00,0.20030823,0.55328554
2024-07-19T15:00:00,0.23152782,0.22561812
2024-07-19T16:00:00,0.005893599,-1.3122491
2024-07-19T17:00:00,9.457924e-05,-0.034276135
2024-07-19T18:00:00,0.0,-0.0005514435
2024-07-19T19:00:00,0.0,0.0
2024-07-19T20:00:00,0.0,0.0
2024-07-19T21:00:00,0.0,0.0
2024-07-19T22:00:00,0.0,0.0
2024-07-19T23:00:00,0.0,0.0
2024-07-20T00:00:00,0.0,0.0
2024-07-20T01:00:00,0.0,0.0
2024-07-20T02:00:00,0.0,0.0
2024-07-20T03:00:00,0.0,0.0
2024-07-20T04:00:00,0.0,0.0
2024-07-20T05:00:00,0.0,0.0
2024-07-20T06:00:00,0.0,0.0
2024-07-20T07:00:00,0.0,0.0
2024-07-20T08:00:00,0.0,0.0
2024-07-20T09:00:00,0.0,0.0
2024-07-20T10:00:00,0.0003238815,0.0023515515
2024-07-20T11:00:00,0.2923438,2.0354202
2024-07-20T12:00:00,0.35003465,0.41528985
2024-07-20T13:00:00,0.013106979,-1.991713
2024-07-20T14:00:00,0.0,-0.077172875
2024-07-20T15:00:00,0.0,0.0
2024-07-20T16:00:00,0.06508252,0.46799138
2024-07-20T17:00:00,0.0003628124,-0.3707241
2024-07-20T18:00:00,4.512855e-07,-0.0020782433
2024-07-20T19:00:00,0.0,-2.5879744e-06
2024-07-20T20:00:00,0.0,0.0
2024-07-20T21:00:00,0.0,0.0
2024-07-20T22:00:00,0.0,0.0
2024-07-20T23:00:00,0.0,0.0
2024-07-21T00:00:00,0.0,0.0
2024-07-21T01:00:00,0.15346104,1.0896686
2024-07-21T02:00:00,0.0024275794,-0.8852415
2024-07-21T03:00:00,0.0,-0.014136928
2024-07-21T04:00:00,0.0,0.0
2024-07-21T05:00:00,0.0,0.0
2024-07-21T06:00:00,0.0,0.0
2024-07-21T07:00:00,0.0,0.0
2024-07-21T08:00:00,0.0,0.0
2024-07-21T09:00:00,0.07156537,0.5141208
2024-07-21T10:00:00,0.12837201,0.40897784
2024-07-21T11:00:00,0.18095794,0.37882626
2024-07-21T12:00:00,0.27101547,0.6452348
2024-07-21T13:00:00,0.15062544,-0.6888726
2024-07-21T14:00:00,0.0011302407,-0.86187977
2024-07-21T15:00:00,0.0,-0.0064730262
2024-07-21T16:00:00,0.0,0.0
2024-07-21T17:00:00,0.0,0.0
2024-07-21T18:00:00,0.0,0.0
2024-07-21T19:00:00,0.019995507,0.14474691
2024-07-21T20:00:00,0.038141858,0.13139746
2024-07-21T21:00:00,0.00032957282,-0.21575661
2024-07-21T22:00:00,4.6887044e-06,-0.00188054
2024-07-21T23:00:00,1.9885867e-08,-2.713982e-05
2024-07-22T00:00:00,0.0,-1.132454e-07
2024-07-22T01:00:00,0.0,0.0
2024-07-22T02:00:00,0.0,0.0
2024-07-22T03:00:00,0.0,0.0
2024-07-22T04:00:00,0.0,0.0
2024-07-22T05:00:00,0.0,0.0
2024-07-22T06:00:00,0.0,0.0
2024-07-22T07:00:00,0.0,0.0
2024-07-22T08:00:00,0.0,0.0
2024-07-22T09:00:00,0.0,0.0
2024-07-22T10:00:00,0.23486164,1.6493094
2024-07-22T11:00:00,0.071465164,-0.93971854
2024-07-22T12:00:00,0.33128002,1.8185457
2024-07-22T13:00:00,0.5578905,1.5931139
2024-07-22T14:00:00,0.8535447,2.059787
2024-07-22T15:00:00,0.9849133,0.9273667
2024-07-22T16:00:00,0.8529847,-0.7559261
2024-07-22T17:00:00,0.6810704,-0.9897017
2024-07-22T18:00:00,0.44988808,-1.3402551
2024-07-22T19:00:00,0.32416758,-0.7198268
2024-07-22T20:00:00,0.3318194,0.05549454
2024-07-22T21:00:00,0.23506297,-0.5520969
2024-07-22T22:00:00,0.121122375,-0.6514722
2024-07-22T23:00:00,0.00042053688,-0.6906822
2024-07-23T00:00:00,0.0,-0.0023879989
2024-07-23T01:00:00,0.0,0.0
2024-07-23T02:00:00,0.0,0.0
2024-07-23T03:00:00,0.0,0.0
2024-07-23T04:00:00,0.0,0.0
2024-07-23T05:00:00,0.0,0.0
2024-07-23T06:00:00,0.0,0.0
2024-07-23T07:00:00,0.0,0.0
2024-07-23T08:00:00,0.0,0.0
2024-07-23T09:00:00,0.0,0.0
2024-07-23T10:00:00,0.0,0.0
2024-07-23T11:00:00,0.13312395,0.94795763
2024-07-23T12:00:00,0.3514451,1.5365399
2024-07-23T13:00:00,0.4719321,0.8595047
2024-07-23T14:00:00,0.45213854,-0.11192055
2024-07-23T15:00:00,0.33219683,-0.6862709
2024-07-23T16:00:00,0.3062835,-0.14663021
2024-07-23T17:00:00,0.19576374,-0.6316578
2024-07-23T18:00:00,0.002487713,-1.1188558
2024-07-23T19:00:00,0.0,-0.014046039
2024-07-23T20:00:00,0.0,0.0
2024-07-23T21:00:00,0.0,0.0
2024-07-23T22:00:00,0.0,0.0
2024-07-23T23:00:00,0.0,0.0
2024-07-24T00:00:00,0.0,0.0
2024-07-24T01:00:00,0.0,0.0
2024-07-24T02:00:00,0.0,0.0
2024-07-24T03:00:00,0.0,0.0
2024-07-24T04:00:00,0.0,0.0
2024-07-24T05:00:00,0.0,0.0
2024-07-24T06:00:00,0.0,0.0
2024-07-24T07:00:00,0.0,0.0
2024-07-24T08:00:00,0.0,0.0
2024-07-24T09:00:00,0.12623504,0.89977646
2024-07-24T10:00:00,0.32263067,1.3863171
2024-07-24T11:00:00,0.56143725,1.6761352
2024-07-24T12:00:00,0.8311357,1.8852867
2024-07-24T13:00:00,0.95282644,0.8679435
2024-07-24T14:00:00,0.99394876,0.29186618
2024-07-24T15:00:00,0.9767728,-0.09708972
2024-07-24T16:00:00,0.9849626,0.059391484
2024-07-24T17:00:00,0.8363719,-0.8530747
2024-07-24T18:00:00,0.56908506,-1.5561682
2024-07-24T19:00:00,0.14825888,-2.4947271
2024-07-24T20:00:00,0.0,-0.876683
2024-07-24T21:00:00,0.0,0.0
2024-07-24T22:00:00,0.0,0.0
2024-07-24T23:00:00,0.0,0.0
2024-07-25T00:00:00,0.0,0.0
2024-07-25T01:00:00,0.0,0.0
2024-07-25T02:00:00,0.0,0.0
2024-07-25T03:00:00,0.0,0.0
2024-07-25T04:00:00,0.0,0.0
2024-07-25T05:00:00,0.0,0.0
2024-07-25T06:00:00,0.0,0.0
2024-07-25T07:00:00,0.0,0.0
2024-07-25T08:00:00,0.0,0.0
2024-07-25T09:00:00,0.06070797,0.43681502
2024-07-25T10:00:00,0.30291453,1.699234
2024-07-25T11:00:00,0.51564664,1.4983271
2024-07-25T12:00:00,0.8195365,2.114925
2024-07-25T13:00:00,0.97762144,1.1217797
2024-07-25T14:00:00,0.9965126,0.13311261
2024-07-25T15:00:00,0.9982353,0.012208548
2024-07-25T16:00:00,0.998401,0.001183249
2024-07-25T17:00:00,0.79808336,-1.1570938
2024-07-25T18:00:00,0.6110932,-1.0784111
2024-07-25T19:00:00,0.5093093,-0.5811293
2024-07-25T20:00:00,0.49069864,-0.1052172
2024-07-25T21:00:00,0.26884618,-1.2847496
2024-07-25T22:00:00,0.036450885,-1.3474804
2024-07-25T23:00:00,0.0,-0.20908222
2024-07-26T00:00:00,0.0,0.0
2024-07-26T01:00:00,0.0,0.0
2024-07-26T02:00:00,0.0,0.0
2024-07-26T03:00:00,0.0,0.0
2024-07-26T04:00:00,0.0,0.0
2024-07-26T05:00:00,0.0,0.0
2024-07-26T06:00:00,0.0,0.0
2024-07-26T07:00:00,0.0,0.0
2024-07-26T08:00:00,0.0,0.0
2024-07-26T09:00:00,0.0,0.0
2024-07-26T10:00:00,0.15631709,1.1095074
2024-07-26T11:00:00,0.37462404,1.536443
2024-07-26T12:00:00,0.5786937,1.4389925
2024-07-26T13:00:00,0.83168125,1.772347
2024-07-26T14:00:00,0.9832762,1.0670708
2024-07-26T15:00:00,0.9969986,0.09685793
2024-07-26T16:00:00,0.99824876,0.009033954
2024-07-26T17:00:00,0.79753566,-1.1594326
2024-07-26T18:00:00,0.46654174,-1.9415708
2024-07-26T19:00:00,0.20195626,-1.5399513
2024-07-26T20:00:00,0.0028803071,-1.1754341
2024-07-26T21:00:00,0.0,-0.016736388
2024-07-26T22:00:00,0.0,0.0
2024-07-26T23:00:00,0.0,0.0
2024-07-27T00:00:00,0.0,0.0
2024-07-27T01:00:00,0.0,0.0
2024-07-27T02:00:00,0.0,0.0
2024-07-27T03:00:00,0.0,0.0
2024-07-27T04:00:00,0.0,0.0
2024-07-27T05:00:00,0.0,0.0
2024-07-27T06:00:00,0.0,0.0
2024-07-27T07:00:00,0.0,0.0
2024-07-27T08:00:00,0.0,0.0
2024-07-27T09:00:00,0.01710181,0.12385342
2024-07-27T10:00:00,9.498599e-05,-0.096724406
2024-07-27T11:00:00,6.943675e-07,-0.0005402222
2024-07-27T12:00:00,0.3343458,2.3178782
2024-07-27T13:00:00,0.50809884,1.2302934
2024-07-27T14:00:00,0.60766274,0.7123702
2024-07-27T15:00:00,0.56692475,-0.23091942
2024-07-27T16:00:00,0.3484463,-1.2647065
2024-07-27T17:00:00,0.11291087,-1.3661944
2024-07-27T18:00:00,0.0008356526,-0.6549256
2024-07-27T19:00:00,0.0,-0.00483001
2024-07-27T20:00:00,0.0,0.0
2024-07-27T21:00:00,0.00999969,0.072496615
2024-07-27T22:00:00,0.0003618826,-0.05649568
2024-07-27T23:00:00,0.0,-0.0020545279
2024-07-28T00:00:00,0.0,0.0
2024-07-28T01:00:00,0.0,0.0
2024-07-28T02:00:00,0.0,0.0
2024-07-28T03:00:00,0.0,0.0
2024-07-28T04:00:00,0.0,0.0
2024-07-28T05:00:00,0.0,0.0
2024-07-28T06:00:00,0.0,0.0
2024-07-28T07:00:00,0.0,0.0
2024-07-28T08:00:00,0.0,0.0
2024-07-28T09:00:00,0.0,0.0
2024-07-28T10:00:00,0.0,0.0
2024-07-28T11:00:00,0.2150002,1.5138409
2024-07-28T12:00:00,0.34976074,0.9593906
2024-07-28T13:00:00,0.6579952,2.1439679
2024-07-28T14:00:00,0.8947314,1.6620595
2024-07-28T15:00:00,0.94067776,0.3313199
2024-07-28T16:00:00,0.68275774,-1.4999801
2024-07-28T17:00:00,0.26416212,-2.4808533
2024-07-28T18:00:00,0.0,-1.5563276
2024-07-28T19:00:00,0.0,0.0
2024-07-28T20:00:00,0.031342644,0.2265033
2024-07-28T21:00:00,0.00065721053,-0.17764652
2024-07-28T22:00:00,6.4570946e-07,-0.0038047745
2024-07-28T23:00:00,0.0,-3.7290501e-06
2024-07-29T00:00:00,0.023143543,0.1674563
2024-07-29T01:00:00,0.09578185,0.5217471
2024-07-29T02:00:00,0.13879043,0.3102704
2024-07-29T03:00:00,0.094022915,-0.25388125
2024-07-29T04:00:00,0.022994643,-0.40406063
2024-07-29T05:00:00,0.0,-0.13032825
2024-07-29T06:00:00,0.0,0.0
2024-07-29T07:00:00,0.0,0.0
2024-07-29T08:00:00,0.02401754,0.17375739
2024-07-29T09:00:00,0.15140663,0.9078543
2024-07-29T10:00:00,0.1710385,0.14212224
2024-07-29T11:00:00,0.23786452,0.480406
2024-07-29T12:00:00,0.2518518,0.10134506
2024-07-29T13:00:00,0.23467837,-0.09707521
2024-07-29T14:00:00,0.18141723,-0.3023528
2024-07-29T15:00:00,0.14748538,-0.19218488
2024-07-29T16:00:00,0.003321825,-0.8353347
2024-07-29T17:00:00,0.0315265,0.20392177
2024-07-29T18:00:00,0.0006494496,-0.17860483
2024-07-29T19:00:00,5.2439136e-06,-0.0037566684
2024-07-29T20:00:00,0.0,-3.0262108e-05
2024-07-29T21:00:00,0.0,0.0
2024-07-29T22:00:00,0.02143147,0.15510836
2024-07-29T23:00:00,0.034944735,0.097917676
2024-07-30T00:00:00,0.032583192,-0.01332561
2024-07-30T01:00:00,0.021856591,-0.06058747
2024-07-30T02:00:00,0.009125982,-0.071923815
2024-07-30T03:00:00,0.0001682941,-0.05155884
2024-07-30T04:00:00,8.9482126e-07,-0.00096867053
2024-07-30T05:00:00,7.677462e-09,-5.177961e-06
2024-07-30T06:00:00,0.0,-4.3919428e-08
2024-07-30T07:00:00,0.0,0.0
2024-07-30T08:00:00,0.0,0.0
2024-07-30T09:00:00,0.0,0.0
2024-07-30T10:00:00,0.0,0.0
2024-07-30T11:00:00,0.2199893,1.5479345
2024-07-30T12:00:00,0.42692563,1.458643
2024-07-30T13:00:00,0.70112187,1.9156051
2024-07-30T14:00:00,0.93855006,1.6667651
2024-07-30T15:00:00,0.99183774,0.38290948
2024-07-30T16:00:00,0.9873197,-0.025500571
2024-07-30T17:00:00,0.75830567,-1.3273448
2024-07-30T18:00:00,0.35822338,-2.3659775
2024-07-30T19:00:00,0.1204491,-1.3795452
2024-07-30T20:00:00,0.08084375,-0.22446916
2024-07-30T21:00:00,0.0017049917,-0.45819375
2024-07-30T22:00:00,0.0,-0.009703521
2024-07-30T23:00:00,0.0,0.0
2024-07-31T00:00:00,0.0,0.0
2024-07-31T01:00:00,0.0,0.0
2024-07-31T02:00:00,0.0,0.0
2024-07-31T03:00:00,0.0,0.0
2024-07-31T04:00:00,0.0,0.0
2024-07-31T05:00:00,0.0,0.0
2024-07-31T06:00:00,0.0,0.0
2024-07-31T07:00:00,0.0,0.0
2024-07-31T08:00:00,0.05819113,0.4188602
2024-07-31T09:00:00,0.19148794,0.94916534
2024-07-31T10:00:00,0.40328622,1.4919372
2024-07-31T11:00:00,0.62912685,1.5878649
2024-07-31T12:00:00,0.92916834,2.0891738
2024-07-31T13:00:00,0.991242,0.4428888
2024-07-31T14:00:00,0.99759126,0.04561522
2024-07-31T15:00:00,0.9982937,0.004979689
2024-07-31T16:00:00,0.99836195,0.00048404332
2024-07-31T17:00:00,0.9886031,-0.05511474
2024-07-31T18:00:00,0.8516245,-0.78533036
2024-07-31T19:00:00,0.4602099,-2.3123612
2024-07-31T20:00:00,0.1853709,-1.6015599
2024-07-31T21:00:00,0.0,-1.0699726
2024-07-31T22:00:00,0.01705183,0.1234924
2024-07-31T23:00:00,0.00030278493,-0.096441016
2024-08-01T00:00:00,3.8664908e-07,-0.0017434357
2024-08-01T01:00:00,0.0,-2.2278641e-06
2024-08-01T02:00:00,0.0,0.0
2024-08-01T03:00:00,0.0,0.0
2024-08-01T04:00:00,0.0,0.0
2024-08-01T05:00:00,0.0,0.0
2024-08-01T06:00:00,0.0,0.0
2024-08-01T07:00:00,0.0,0.0
2024-08-01T08:00:00,0.0,0.0
2024-08-01T09:00:00,0.0,0.0
2024-08-01T10:00:00,0.11006638,0.7863325
2024-08-01T11:00:00,0.37997004,1.8866707
2024-08-01T12:00:00,0.68625414,2.1309335
2024-08-01T13:00:00,0.97353256,1.9974829
2024-08-01T14:00:00,0.9961071,0.15889099
2024-08-01T15:00:00,0.9981411,0.014413119
2024-08-01T16:00:00,0.9983358,0.001395393
2024-08-01T17:00:00,0.8991899,-0.565891
2024-08-01T18:00:00,0.637152,-1.5246665
2024-08-01T19:00:00,0.2995877,-1.9816425
2024-08-01T20:00:00,0.10602591,-1.1171782
2024-08-01T21:00:00,0.0013397873,-0.6119485
2024-08-01T22:00:00,0.0,-0.0076429066
2024-08-01T23:00:00,0.0,0.0
2024-08-02T00:00:00,0.0,0.0
2024-08-02T01:00:00,0.0,0.0
2024-08-02T02:00:00,0.0,0.0
2024-08-02T03:00:00,0.0,0.0
2024-08-02T04:00:00,0.0,0.0
2024-08-02T05:00:00,0.0,0.0
2024-08-02T06:00:00,0.0,0.0
2024-08-02T07:00:00,0.0,0.0
2024-08-02T08:00:00,0.0,0.0
2024-08-02T09:00:00,0.0650172,0.46752617
2024-08-02T10:00:00,0.16391116,0.70764506
2024-08-02T11:00:00,0.46805292,2.1166096
2024-08-02T12:00:00,0.7303613,1.8353988
2024-08-02T13:00:00,0.9673714,1.6639225
2024-08-02T14:00:00,0.9954181,0.1982584
2024-08-02T15:00:00,0.9980659,0.018758733
2024-08-02T16:00:00,0.97237116,-0.1453893
2024-08-02T17:00:00,0.70494384,-1.557012
2024-08-02T18:00:00,0.41787633,-1.6752266
2024-08-02T19:00:00,0.10213587,-1.8487763
2024-08-02T20:00:00,0.0,-0.59389037
2024-08-02T21:00:00,0.0,0.0
2024-08-02T22:00:00,0.0,0.0
2024-08-02T23:00:00,0.0,0.0
2024-08-03T00:00:00,0.0,0.0
2024-08-03T01:00:00,0.0,0.0
2024-08-03T02:00:00,0.0,0.0
2024-08-03T03:00:00,0.0,0.0
2024-08-03T04:00:00,0.0,0.0
2024-08-03T05:00:00,0.0,0.0
2024-08-03T06:00:00,0.0,0.0
2024-08-03T07:00:00,0.0,0.0
2024-08-03T08:00:00,0.0,0.0
2024-08-03T09:00:00,0.10506241,0.75111985
2024-08-03T10:00:00,0.14443219,0.284173
2024-08-03T11:00:00,0.41712844,1.9054978
2024-08-03T12:00:00,0.63206124,1.51338
2024-08-03T13:00:00,0.77578926,1.0219454
2024-08-03T14:00:00,0.84227645,0.47799394
2024-08-03T15:00:00,0.6765478,-0.9533939
2024-08-03T16:00:00,0.4231928,-1.4726405
2024-08-03T17:00:00,0.16746464,-1.4868495
2024-08-03T18:00:00,0.0,-0.9708584
2024-08-03T19:00:00,0.0,0.0
2024-08-03T20:00:00,0.0,0.0
2024-08-03T21:00:00,0.0,0.0
2024-08-03T22:00:00,0.0,0.0
2024-08-03T23:00:00,0.0,0.0
2024-08-04T00:00:00,0.0,0.0
2024-08-04T01:00:00,0.064612575,0.46464407
2024-08-04T02:00:00,0.078884356,0.10340206
2024-08-04T03:00:00,0.03999509,-0.22039196
2024-08-04T04:00:00,0.07815025,0.27545553
2024-08-04T05:00:00,0.001071844,-0.44339636
2024-08-04T06:00:00,0.0,-0.0061208294
2024-08-04T07:00:00,0.0,0.0
2024-08-04T08:00:00,0.0,0.0
2024-08-04T09:00:00,0.14127126,1.004823
2024-08-04T10:00:00,0.39223778,1.758656
2024-08-04T11:00:00,0.64404815,1.7643733
2024-08-04T12:00:00,0.7682503,0.88554084
2024-08-04T13:00:00,0.38444582,-2.2653751
2024-08-04T14:00:00,0.10337241,-1.6390909
2024-08-04T15:00:00,0.0,-0.59795064
2024-08-04T16:00:00,0.0031830217,0.023100391
2024-08-04T17:00:00,7.005626e-05,-0.017964695
2024-08-04T18:00:00,0.0,-0.00039635968
2024-08-04T19:00:00,0.0062904083,0.04563036
2024-08-04T20:00:00,0.06694969,0.4364678
2024-08-04T21:00:00,0.001933049,-0.3811128
2024-08-04T22:00:00,0.0,-0.010987743
2024-08-04T23:00:00,0.0,0.0
2024-08-05T00:00:00,0.0,0.0
2024-08-05T01:00:00,0.0,0.0
2024-08-05T02:00:00,0.0,0.0
2024-08-05T03:00:00,0.0,0.0
2024-08-05T04:00:00,0.0,0.0
2024-08-05T05:00:00,0.0,0.0
2024-08-05T06:00:00,0.0,0.0
2024-08-05T07:00:00,0.0,0.0
2024-08-05T08:00:00,0.0,0.0
2024-08-05T09:00:00,0.080671996,0.57877547
2024-08-05T10:00:00,0.27732143,1.3880609
2024-08-05T11:00:00,0.5701723,2.0409935
2024-08-05T12:00:00,0.78815055,1.5341969
2024-08-05T13:00:00,0.9432631,1.1011425
2024-08-05T14:00:00,0.99251723,0.35237184
2024-08-05T15:00:00,0.9977648,0.037143715
2024-08-05T16:00:00,0.9982668,0.0035589344
2024-08-05T17:00:00,0.80761856,-1.0999836
2024-08-05T18:00:00,0.45692676,-2.0618868
2024-08-05T19:00:00,0.30937606,-0.8469999
2024-08-05T20:00:00,0.19960518,-0.6273221
2024-08-05T21:00:00,0.048067663,-0.87029564
2024-08-05T22:00:00,0.013804494,-0.19406897
2024-08-05T23:00:00,0.0,-0.07814366
2024-08-06T00:00:00,0.0,0.0
2024-08-06T01:00:00,0.0,0.0
2024-08-06T02:00:00,0.0,0.0
2024-08-06T03:00:00,0.0,0.0
2024-08-06T04:00:00,0.0,0.0
2024-08-06T05:00:00,0.0,0.0
2024-08-06T06:00:00,0.0,0.0
2024-08-06T07:00:00,0.0,0.0
2024-08-06T08:00:00,0.0,0.0
2024-08-06T09:00:00,0.053593528,0.38602763
2024-08-06T10:00:00,0.28817835,1.647426
2024-08-06T11:00:00,0.5885921,2.0916657
2024-08-06T12:00:00,0.85775715,1.8816887
2024-08-06T13:00:00,0.98695403,0.899549
2024-08-06T14:00:00,0.9969941,0.07268446
2024-08-06T15:00:00,0.9981801,0.008427805
2024-08-06T16:00:00,0.998298,0.00083727855
2024-08-06T17:00:00,0.8003099,-1.1433232
2024-08-06T18:00:00,0.4521341,-2.0464885
2024-08-06T19:00:00,0.18219079,-1.5721257
2024-08-06T20:00:00,0.0,-1.0568767
2024-08-06T21:00:00,0.0,0.0
2024-08-06T22:00:00,0.0,0.0
2024-08-06T23:00:00,0.024694864,0.17863943
2024-08-07T00:00:00,0.06360014,0.28083953
2024-08-07T01:00:00,0.0014645108,-0.3608845
2024-08-07T02:00:00,1.5275029e-05,-0.008505897
2024-08-07T03:00:00,0.0,-8.920839e-05
2024-08-07T04:00:00,0.0,0.0
2024-08-07T05:00:00,0.0,0.0
2024-08-07T06:00:00,0.0,0.0
2024-08-07T07:00:00,0.0,0.0
2024-08-07T08:00:00,0.0,0.0
2024-08-07T09:00:00,0.1579258,1.1206753
2024-08-07T10:00:00,0.4105005,1.7695508
2024-08-07T11:00:00,0.7504295,2.35493
2024-08-07T12:00:00,0.9630706,1.497704
2024-08-07T13:00:00,0.9951422,0.22547114
2024-08-07T14:00:00,0.9979954,0.020211445
2024-08-07T15:00:00,0.9982706,0.0019511518
2024-08-07T16:00:00,0.9982972,0.00018989627
2024-08-07T17:00:00,0.9190221,-0.45141432
2024-08-07T18:00:00,0.6795578,-1.3896271
2024-08-07T19:00:00,0.5599281,-0.6844602
2024-08-07T20:00:00,0.4708737,-0.5076867
2024-08-07T21:00:00,0.11196229,-2.1122546
2024-08-07T22:00:00,0.0,-0.6407247
2024-08-07T23:00:00,0.0,0.0
2024-08-08T00:00:00,0.0,0.0
2024-08-08T01:00:00,0.0,0.0
2024-08-08T02:00:00,0.0,0.0
2024-08-08T03:00:00,0.0,0.0
2024-08-08T04:00:00,0.0,0.0
2024-08-08T05:00:00,0.0,0.0
2024-08-08T06:00:00,0.0,0.0
2024-08-08T07:00:00,0.0,0.0
2024-08-08T08:00:00,0.0,0.0
2024-08-08T09:00:00,0.14230564,1.0120336
2024-08-08T10:00:00,0.3677291,1.58502
2024-08-08T11:00:00,0.58824766,1.5515487
2024-08-08T12:00:00,0.75960743,1.2137476
2024-08-08T13:00:00,0.9572098,1.3946073
2024-08-08T14:00:00,0.99458116,0.26291585
2024-08-08T15:00:00,0.99790967,0.023737969
2024-08-08T16:00:00,0.99824905,0.002435436
2024-08-08T17:00:00,0.79753673,-1.159428
2024-08-08T18:00:00,0.4610716,-1.9749345
2024-08-08T19:00:00,0.20086555,-1.513682
2024-08-08T20:00:00,0.08213785,-0.67922723
2024-08-08T21:00:00,0.0014141318,-0.46990103
2024-08-08T22:00:00,0.0,-0.0082164025
2024-08-08T23:00:00,0.0,0.0
2024-08-09T00:00:00,0.0,0.0
2024-08-09T01:00:00,0.0,0.0
2024-08-09T02:00:00,0.0,0.0
2024-08-09T03:00:00,0.0,0.0
2024-08-09T04:00:00,0.0,0.0
2024-08-09T05:00:00,0.0,0.0
2024-08-09T06:00:00,0.0,0.0
2024-08-09T07:00:00,0.0,0.0
2024-08-09T08:00:00,0.0,0.0
2024-08-09T09:00:00,0.051528174,0.37126416
2024-08-09T10:00:00,0.24135982,1.3411819
2024-08-09T11:00:00,0.49918532,1.8050923
2024-08-09T12:00:00,0.7863266,2.0026765
2024-08-09T13:00:00,0.87495655,0.6351376
2024-08-09T14:00:00,0.9175661,0.30741015
2024-08-09T15:00:00,0.99110293,0.51657265
2024-08-09T16:00:00,0.7929238,-1.144452
2024-08-09T17:00:00,0.5347865,-1.501282
2024-08-09T18:00:00,0.36090028,-1.0012869
2024-08-09T19:00:00,0.19140658,-0.9754871
2024-08-09T20:00:00,0.0030655945,-1.1016023
2024-08-09T21:00:00,0.0,-0.017617553
2024-08-09T22:00:00,0.0,0.0
2024-08-09T23:00:00,0.0,0.0
2024-08-10T00:00:00,0.0,0.0
2024-08-10T01:00:00,0.0,0.0
2024-08-10T02:00:00,0.0,0.0
2024-08-10T03:00:00,0.0,0.0
2024-08-10T04:00:00,0.0,0.0
2024-08-10T05:00:00,0.0,0.0
2024-08-10T06:00:00,0.0,0.0
2024-08-10T07:00:00,0.0,0.0
2024-08-10T08:00:00,0.0,0.0
2024-08-10T09:00:00,0.11014581,0.78689104
2024-08-10T10:00:00,0.0017058835,-0.6315115
2024-08-10T11:00:00,0.24600083,1.713412
2024-08-10T12:00:00,0.50131625,1.7881081
2024-08-10T13:00:00,0.75605464,1.784202
2024-08-10T14:00:00,0.97673106,1.5501813
2024-08-10T15:00:00,0.99629897,0.13784435
2024-08-10T16:00:00,0.9980783,0.012609055
2024-08-10T17:00:00,0.79692227,-1.1620517
2024-08-10T18:00:00,0.5163879,-1.6358438
2024-08-10T19:00:00,0.29677194,-1.271462
2024-08-10T20:00:00,0.0030245758,-1.7181551
2024-08-10T21:00:00,2.6357746e-05,-0.01769102
2024-08-10T22:00:00,0.0,-0.00015089188
2024-08-10T23:00:00,0.0,0.0
2024-08-11T00:00:00,0.0,0.0
2024-08-11T01:00:00,0.030208966,0.21834752
2024-08-11T02:00:00,0.041803785,0.08404086
2024-08-11T03:00:00,0.03530892,-0.036666848
2024-08-11T04:00:00,0.00035978958,-0.199337
2024-08-11T05:00:00,0.0,-0.0020455683
2024-08-11T06:00:00,0.0,0.0
2024-08-11T07:00:00,0.0,0.0
2024-08-11T08:00:00,0.0,0.0
2024-08-11T09:00:00,0.22095688,1.5545416
2024-08-11T10:00:00,0.43151906,1.4834763
2024-08-11T11:00:00,0.17958204,-1.464154
2024-08-11T12:00:00,0.11181052,-0.3853855
2024-08-11T13:00:00,0.41251317,2.0935993
2024-08-11T14:00:00,0.46081823,0.3482071
2024-08-11T15:00:00,0.71487385,1.7795796
2024-08-11T16:00:00,0.7511471,0.2619426
2024-08-11T17:00:00,0.5513296,-1.1541369
2024-08-11T18:00:00,0.20595634,-2.0293472
2024-08-11T19:00:00,0.0,-1.2024629
2024-08-11T20:00:00,0.0,0.0
2024-08-11T21:00:00,0.0,0.0
2024-08-11T22:00:00,0.0,0.0
2024-08-11T23:00:00,0.0,0.0
2024-08-12T00:00:00,0.0,0.0
2024-08-12T01:00:00,0.0,0.0
2024-08-12T02:00:00,0.0,0.0
2024-08-12T03:00:00,0.0,0.0
2024-08-12T04:00:00,0.0,0.0
2024-08-12T05:00:00,0.0,0.0
2024-08-12T06:00:00,0.0,0.0
2024-08-12T07:00:00,0.0,0.0
2024-08-12T08:00:00,0.0,0.0
2024-08-12T09:00:00,0.010509923,0.076189876
2024-08-12T10:00:00,0.17301664,1.1524501
2024-08-12T11:00:00,0.347958,1.2385051
2024-08-12T12:00:00,0.6722271,2.2508953
2024-08-12T13:00:00,0.89983004,1.5998795
2024-08-12T14:00:00,0.9890872,0.6298778
2024-08-12T15:00:00,0.9972869,0.05862867
2024-08-12T16:00:00,0.85543686,-0.81372774
2024-08-12T17:00:00,0.7849573,-0.4009134
2024-08-12T18:00:00,0.620553,-0.94562703
2024-08-12T19:00:00,0.5108707,-0.6268095
2024-08-12T20:00:00,0.39138305,-0.6836361
2024-08-12T21:00:00,0.07364088,-1.8609351
2024-08-12T22:00:00,7.0889175e-05,-0.43129593
2024-08-12T23:00:00,0.0,-0.00040421778
2024-08-13T00:00:00,0.0,0.0
2024-08-13T01:00:00,0.0,0.0
2024-08-13T02:00:00,0.0,0.0
2024-08-13T03:00:00,0.0,0.0
2024-08-13T04:00:00,0.0,0.0
2024-08-13T05:00:00,0.0,0.0
2024-08-13T06:00:00,0.0,0.0
2024-08-13T07:00:00,0.0,0.0
2024-08-13T08:00:00,0.0,0.0
2024-08-13T09:00:00,0.0,0.0
2024-08-13T10:00:00,0.11557117,0.8250128
2024-08-13T11:00:00,0.34285223,1.5976856
2024-08-13T12:00:00,0.62576896,1.9742918
2024-08-13T13:00:00,0.91144836,1.9928576
2024-08-13T14:00:00,0.9899674,0.5554562
2024-08-13T15:00:00,0.99736804,0.05293156
2024-08-13T16:00:00,0.9019836,-0.5441801
2024-08-13T17:00:00,0.7256106,-1.0159048
2024-08-13T18:00:00,0.43008175,-1.7263212
2024-08-13T19:00:00,0.20999853,-1.2742376
2024-08-13T20:00:00,0.0843516,-0.71939933
2024-08-13T21:00:00,0.0020133215,-0.48296028
2024-08-13T22:00:00,8.241258e-06,-0.011809262
2024-08-13T23:00:00,0.0,-4.853639e-05
2024-08-14T00:00:00,0.0,0.0
2024-08-14T01:00:00,0.0,0.0
2024-08-14T02:00:00,0.0,0.0
2024-08-14T03:00:00,0.0,0.0
2024-08-14T04:00:00,0.0,0.0
2024-08-14T05:00:00,0.0,0.0
2024-08-14T06:00:00,0.0,0.0
2024-08-14T07:00:00,0.0,0.0
2024-08-14T08:00:00,0.0,0.0
2024-08-14T09:00:00,0.07383724,0.5302663
2024-08-14T10:00:00,0.24278791,1.1970816
2024-08-14T11:00:00,0.36998546,0.9065137
2024-08-14T12:00:00,0.6986582,2.2801895
2024-08-14T13:00:00,0.8788021,1.2744251
2024-08-14T14:00:00,0.98762465,0.7643292
2024-08-14T15:00:00,0.99711174,0.06786121
2024-08-14T16:00:00,0.8819408,-0.65860283
2024-08-14T17:00:00,0.7778495,-0.5944652
2024-08-14T18:00:00,0.46818975,-1.8118752
2024-08-14T19:00:00,0.1503212,-1.8617029
2024-08-14T20:00:00,0.00018270212,-0.88040614
2024-08-14T21:00:00,6.811772e-07,-0.0010713579
2024-08-14T22:00:00,2.2334739e-09,-4.009344e-06
2024-08-14T23:00:00,0.0,-1.3003503e-08
2024-08-15T00:00:00,0.0,0.0
2024-08-15T01:00:00,0.0,0.0
2024-08-15T02:00:00,0.0,0.0
2024-08-15T03:00:00,0.0,0.0
2024-08-15T04:00:00,0.0,0.0
2024-08-15T05:00:00,0.0,0.0
2024-08-15T06:00:00,0.015065236,0.10913777
2024-08-15T07:00:00,0.00033977238,-0.08517982
2024-08-15T08:00:00,0.0,-0.0019582976
2024-08-15T09:00:00,0.0,0.0
2024-08-15T10:00:00,0.12097112,0.86289895
2024-08-15T11:00:00,0.41915527,2.0767367
2024-08-15T12:00:00,0.70421785,1.9887136
2024-08-15T13:00:00,0.97415227,1.8816096
2024-08-15T14:00:00,0.99603343,0.1540199
2024-08-15T15:00:00,0.99800634,0.01397969
2024-08-15T16:00:00,0.99819404,0.0013529719
2024-08-15T17:00:00,0.9982153,0.000151717
2024-08-15T18:00:00,0.99821746,1.5531543e-05
2024-08-15T19:00:00,0.79742306,-1.1599134
2024-08-15T20:00:00,0.5927704,-1.1827399
2024-08-15T21:00:00,0.26500735,-1.9218886
2024-08-15T22:00:00,0.0,-1.5448216
2024-08-15T23:00:00,0.0,0.0
2024-08-16T00:00:00,0.0,0.0
2024-08-16T01:00:00,0.0,0.0
2024-08-16T02:00:00,0.0,0.0
2024-08-16T03:00:00,0.0,0.0
2024-08-16T04:00:00,0.0,0.0
2024-08-16T05:00:00,0.0,0.0
2024-08-16T06:00:00,0.0,0.0
2024-08-16T07:00:00,0.0,0.0
2024-08-16T08:00:00,0.0,0.0
2024-08-16T09:00:00,0.0015027974,0.01090915
2024-08-16T10:00:00,0.11221816,0.79089576
2024-08-16T11:00:00,0.37289372,1.8243644
2024-08-16T12:00:00,0.656107,1.9762852
2024-08-16T13:00:00,0.8969042,1.6896613
2024-08-16T14:00:00,0.98860294,0.64834625
2024-08-16T15:00:00,0.99729776,0.06147091
2024-08-16T16:00:00,0.99810755,0.0058237053
2024-08-16T17:00:00,0.7970276,-1.161602
2024-08-16T18:00:00,0.45474923,-2.01043
2024-08-16T19:00:00,0.2397164,-1.2442544
2024-08-16T20:00:00,0.0007783993,-1.387082
2024-08-16T21:00:00,0.0,-0.0044367663
2024-08-16T22:00:00,0.0,0.0
2024-08-16T23:00:00,0.0,0.0
2024-08-17T00:00:00,0.0,0.0
2024-08-17T01:00:00,0.0,0.0
2024-08-17T02:00:00,0.0,0.0
2024-08-17T03:00:00,0.0,0.0
2024-08-17T04:00:00,0.0,0.0
2024-08-17T05:00:00,0.0,0.0
2024-08-17T06:00:00,0.0,0.0
2024-08-17T07:00:00,0.0,0.0
2024-08-17T08:00:00,0.0,0.0
2024-08-17T09:00:00,0.0,0.0
2024-08-17T10:00:00,0.0,0.0
2024-08-17T11:00:00,0.19717768,1.39169
2024-08-17T12:00:00,0.43570453,1.6742339
2024-08-17T13:00:00,0.6055043,1.2029566
2024-08-17T14:00:00,0.48832884,-0.6702239
2024-08-17T15:00:00,0.61028117,0.8697771
2024-08-17T16:00:00,0.65750885,0.34049493
2024-08-17T17:00:00,0.7043415,0.33766645
2024-08-17T18:00:00,0.5696265,-0.7721458
2024-08-17T19:00:00,0.25157496,-1.8628149
2024-08-17T20:00:00,0.021564206,-1.3332787
2024-08-17T21:00:00,0.00044625308,-0.12499892
2024-08-17T22:00:00,0.0,-0.002632965
2024-08-17T23:00:00,0.0,0.0
2024-08-18T00:00:00,0.0,0.0
2024-08-18T01:00:00,0.0,0.0
2024-08-18T02:00:00,0.0,0.0
2024-08-18T03:00:00,0.0,0.0
2024-08-18T04:00:00,0.0,0.0
2024-08-18T05:00:00,0.0,0.0
2024-08-18T06:00:00,0.0,0.0
2024-08-18T07:00:00,0.0,0.0
2024-08-18T08:00:00,0.0,0.0
2024-08-18T09:00:00,0.14844106,1.0547615
2024-08-18T10:00:00,0.25373492,0.7527495
2024-08-18T11:00:00,0.54027706,1.9986529
2024-08-18T12:00:00,0.75677127,1.524055
2024-08-18T13:00:00,0.9765276,1.5450845
2024-08-18T14:00:00,0.9776359,0.008046376
2024-08-18T15:00:00,0.79729724,-1.0392339
2024-08-18T16:00:00,0.5576833,-1.3905202
2024-08-18T17:00:00,0.5544571,-0.01820627
2024-08-18T18:00:00,0.21610713,-1.9864384
2024-08-18T19:00:00,0.13692126,-0.45090142
2024-08-18T20:00:00,0.1390766,0.015644582
2024-08-18T21:00:00,0.004013928,-0.78481364
2024-08-18T22:00:00,0.0,-0.023075467
2024-08-18T23:00:00,0.0,0.0
2024-08-19T00:00:00,0.0,0.0
2024-08-19T01:00:00,0.0,0.0
2024-08-19T02:00:00,0.0,0.0
2024-08-19T03:00:00,0.0,0.0
2024-08-19T04:00:00,0.0,0.0
2024-08-19T05:00:00,0.0,0.0
2024-08-19T06:00:00,0.0,0.0
2024-08-19T07:00:00,0.0,0.0
2024-08-19T08:00:00,0.0,0.0
2024-08-19T09:00:00,0.09757406,0.69833267
2024-08-19T10:00:00,0.16933629,0.5155203
2024-08-19T11:00:00,0.30220583,0.9461799
2024-08-19T12:00:00,0.638611,2.3315537
2024-08-19T13:00:00,0.92170113,1.9754572
2024-08-19T14:00:00,0.9911683,0.48946455
2024-08-19T15:00:00,0.9975104,0.044872094
2024-08-19T16:00:00,0.9981145,0.004282727
2024-08-19T17:00:00,0.99817204,0.0004161281
2024-08-19T18:00:00,0.842668,-0.8934943
2024-08-19T19:00:00,0.6893338,-0.8808012
2024-08-19T20:00:00,0.50167686,-1.0823419
2024-08-19T21:00:00,0.22589006,-1.607262
2024-08-19T22:00:00,0.0,-1.3122269
2024-08-19T23:00:00,0.0,0.0
2024-08-20T00:00:00,0.0,0.0
2024-08-20T01:00:00,0.0,0.0
2024-08-20T02:00:00,0.0,0.0
2024-08-20T03:00:00,0.0,0.0
2024-08-20T04:00:00,0.0,0.0
2024-08-20T05:00:00,0.0,0.0
2024-08-20T06:00:00,0.0,0.0
2024-08-20T07:00:00,0.0,0.0
2024-08-20T08:00:00,0.0,0.0
2024-08-20T09:00:00,0.0083509935,0.060558856
2024-08-20T10:00:00,0.062742695,0.3917307
2024-08-20T11:00:00,0.12739387,0.46491903
2024-08-20T12:00:00,0.20307851,0.54338735
2024-08-20T13:00:00,0.11501821,-0.5019604
2024-08-20T14:00:00,0.09715738,-0.100969076
2024-08-20T15:00:00,0.046965957,-0.2848233
2024-08-20T16:00:00,0.10084642,0.38807794
2024-08-20T17:00:00,0.035982322,-0.36872563
2024-08-20T18:00:00,8.492184e-05,-0.20454466
2024-08-20T19:00:00,8.336877e-07,-0.00048388768
2024-08-20T20:00:00,2.097163e-10,-4.7974795e-06
2024-08-20T21:00:00,2.0598631e-12,-1.2071221e-09
2024-08-20T22:00:00,7.213206e-15,-1.1974135e-11
2024-08-20T23:00:00,0.0,-4.135723e-14
2024-08-21T00:00:00,0.0,0.0
2024-08-21T01:00:00,0.0,0.0
2024-08-21T02:00:00,0.0,0.0
2024-08-21T03:00:00,0.0,0.0
2024-08-21T04:00:00,0.0,0.0
2024-08-21T05:00:00,0.0,0.0
2024-08-21T06:00:00,0.0,0.0
2024-08-21T07:00:00,0.06865556,0.49342638
2024-08-21T08:00:00,0.02463473,-0.24962468
2024-08-21T09:00:00,0.19060424,1.1764432
2024-08-21T10:00:00,0.31840095,0.9107068
2024-08-21T11:00:00,0.60668015,2.0103173
2024-08-21T12:00:00,0.917767,2.163019
2024-08-21T13:00:00,0.9911672,0.51455975
2024-08-21T14:00:00,0.99749845,0.04479592
2024-08-21T15:00:00,0.9981016,0.0042755986
2024-08-21T16:00:00,0.99815893,0.00041548518
2024-08-21T17:00:00,0.99816567,4.8509224e-05
2024-08-21T18:00:00,0.7972367,-1.1607091
2024-08-21T19:00:00,0.40451545,-2.3204372
2024-08-21T20:00:00,0.103140526,-1.7616818
2024-08-21T21:00:00,0.00033108352,-0.6029061
2024-08-21T22:00:00,0.0,-0.0019407785
2024-08-21T23:00:00,0.0,0.0
2024-08-22T00:00:00,0.0,0.0
2024-08-22T01:00:00,0.0,0.0
2024-08-22T02:00:00,0.0,0.0
2024-08-22T03:00:00,0.0,0.0
2024-08-22T04:00:00,0.0,0.0
2024-08-22T05:00:00,0.0,0.0
2024-08-22T06:00:00,0.0,0.0
2024-08-22T07:00:00,0.021276,0.15398677
2024-08-22T08:00:00,0.00010065252,-0.12040834
2024-08-22T09:00:00,0.03433865,0.2473203
2024-08-22T10:00:00,0.104066245,0.5010527
2024-08-22T11:00:00,0.19994749,0.68638414
2024-08-22T12:00:00,0.47420824,1.9160396
2024-08-22T13:00:00,0.78412026,2.1551738
2024-08-22T14:00:00,0.980901,1.3698378
2024-08-22T15:00:00,0.9965581,0.110434145
2024-08-22T16:00:00,0.9979774,0.010227979
2024-08-22T17:00:00,0.99813855,0.0011447523
2024-08-22T18:00:00,0.9981543,0.00011325241
2024-08-22T19:00:00,0.90390974,-0.53760463
2024-08-22T20:00:00,0.6634306,-1.3956832
2024-08-22T21:00:00,0.4102152,-1.4718045
2024-08-22T22:00:00,0.08165353,-1.9267523
2024-08-22T23:00:00,0.0,-0.47210717
2024-08-23T00:00:00,0.0,0.0
2024-08-23T01:00:00,0.0,0.0
2024-08-23T02:00:00,0.0,0.0
2024-08-23T03:00:00,0.0,0.0
2024-08-23T04:00:00,0.0,0.0
2024-08-23T05:00:00,0.0,0.0
2024-08-23T06:00:00,0.0,0.0
2024-08-23T07:00:00,0.0,0.0
2024-08-23T08:00:00,0.0,0.0
2024-08-23T09:00:00,0.0,0.0
2024-08-23T10:00:00,0.23915234,1.6784852
2024-08-23T11:00:00,0.34977344,0.79023296
2024-08-23T12:00:00,0.61573064,1.8600426
2024-08-23T13:00:00,0.9186446,2.1083968
2024-08-23T14:00:00,0.9897437,0.50881314
2024-08-23T15:00:00,0.99734753,0.053776342
2024-08-23T16:00:00,0.9980523,0.0051115993
2024-08-23T17:00:00,0.86853933,-0.74187344
2024-08-23T18:00:00,0.56740683,-1.7602146
2024-08-23T19:00:00,0.29698777,-1.5749846
2024-08-23T20:00:00,0.030755889,-1.5498339
2024-08-23T21:00:00,0.0,-0.17793076
2024-08-23T22:00:00,0.0,0.0
2024-08-23T23:00:00,0.0,0.0
2024-08-24T00:00:00,0.0,0.0
2024-08-24T01:00:00,0.0,0.0
2024-08-24T02:00:00,0.0,0.0
2024-08-24T03:00:00,0.0,0.0
2024-08-24T04:00:00,0.0,0.0
2024-08-24T05:00:00,0.0,0.0
2024-08-24T06:00:00,0.0,0.0
2024-08-24T07:00:00,0.0,0.0
2024-08-24T08:00:00,0.0,0.0
2024-08-24T09:00:00,0.0,0.0
2024-08-24T10:00:00,0.0,0.0
2024-08-24T11:00:00,0.1513014,1.0746571
2024-08-24T12:00:00,0.34722075,1.3830444
2024-08-24T13:00:00,0.38408482,0.26618588
2024-08-24T14:00:00,0.45750055,0.52727145
2024-08-24T15:00:00,0.4412616,-0.09178293
2024-08-24T16:00:00,0.3755865,-0.37337145
2024-08-24T17:00:00,0.09710402,-1.623487
2024-08-24T18:00:00,0.0007054513,-0.56609344
2024-08-24T19:00:00,0.0,-0.004123706
2024-08-24T20:00:00,0.0,0.0
2024-08-24T21:00:00,0.0,0.0
2024-08-24T22:00:00,0.0,0.0
2024-08-24T23:00:00,0.0,0.0
2024-08-25T00:00:00,0.0,0.0
2024-08-25T01:00:00,0.0,0.0
2024-08-25T02:00:00,0.0,0.0
2024-08-25T03:00:00,0.0,0.0
2024-08-25T04:00:00,0.0,0.0
2024-08-25T05:00:00,0.0,0.0
2024-08-25T06:00:00,0.0,0.0
2024-08-25T07:00:00,0.0,0.0
2024-08-25T08:00:00,0.0,0.0
2024-08-25T09:00:00,0.26699302,1.867034
2024-08-25T10:00:00,0.56767374,2.0934525
2024-08-25T11:00:00,0.81362736,1.7246677
2024-08-25T12:00:00,0.9828663,1.1808335
2024-08-25T13:00:00,0.9967095,0.09769847
2024-08-25T14:00:00,0.99799365,0.0091012595
2024-08-25T15:00:00,0.99811816,0.0008828297
2024-08-25T16:00:00,0.841548,-0.8997331
2024-08-25T17:00:00,0.61014473,-1.3415712
2024-08-25T18:00:00,0.2895197,-1.8784562
2024-08-25T19:00:00,0.0,-1.6901939
2024-08-25T20:00:00,0.0,0.0
2024-08-25T21:00:00,0.0,0.0
2024-08-25T22:00:00,0.0,0.0
2024-08-25T23:00:00,0.0,0.0
2024-08-26T00:00:00,0.0,0.0
2024-08-26T01:00:00,0.0,0.0
2024-08-26T02:00:00,0.0,0.0
2024-08-26T03:00:00,0.0,0.0
2024-08-26T04:00:00,0.0,0.0
2024-08-26T05:00:00,0.0,0.0
2024-08-26T06:00:00,0.0,0.0
2024-08-26T07:00:00,0.0,0.0
2024-08-26T08:00:00,0.0,0.0
2024-08-26T09:00:00,0.06881418,0.49455494
2024-08-26T10:00:00,0.18516168,0.83046293
2024-08-26T11:00:00,0.38795975,1.4302716
2024-08-26T12:00:00,0.683618,2.059814
2024-08-26T13:00:00,0.97281015,2.0128336
2024-08-26T14:00:00,0.99583346,0.1619939
2024-08-26T15:00:00,0.9979002,0.014643932
2024-08-26T16:00:00,0.99809825,0.001416777
2024-08-26T17:00:00,0.9981193,0.00014914598
2024-08-26T18:00:00,0.85416454,-0.8260066
2024-08-26T19:00:00,0.6363085,-1.2610109
2024-08-26T20:00:00,0.406252,-1.3335509
2024-08-26T21:00:00,0.18747012,-1.2665083
2024-08-26T22:00:00,0.004694874,-1.0535783
2024-08-26T23:00:00,0.0,-0.0269549
2024-08-27T00:00:00,0.0,0.0
2024-08-27T01:00:00,0.0,0.0
2024-08-27T02:00:00,0.0,0.0
2024-08-27T03:00:00,0.0,0.0
2024-08-27T04:00:00,0.0,0.0
2024-08-27T05:00:00,0.0,0.0
2024-08-27T06:00:00,0.0,0.0
2024-08-27T07:00:00,0.0,0.0
2024-08-27T08:00:00,0.0,0.0
2024-08-27T09:00:00,0.0,0.0
2024-08-27T10:00:00,0.25178406,1.7641951
2024-08-27T11:00:00,0.5513703,2.0861259
2024-08-27T12:00:00,0.86661154,2.190743
2024-08-27T13:00:00,0.98642683,0.84160495
2024-08-27T14:00:00,0.99700195,0.074782886
2024-08-27T15:00:00,0.9980039,0.0071017724
2024-08-27T16:00:00,0.9981011,0.0006892309
2024-08-27T17:00:00,0.9981106,6.705033e-05
2024-08-27T18:00:00,0.9486964,-0.2803871
2024-08-27T19:00:00,0.6885125,-1.5135491
2024-08-27T20:00:00,0.41946167,-1.5667635
2024-08-27T21:00:00,0.16149999,-1.5002297
2024-08-27T22:00:00,0.0004156472,-0.93923676
2024-08-27T23:00:00,0.0,-0.0024053217
2024-08-28T00:00:00,0.0,0.0
2024-08-28T01:00:00,0.0,0.0
2024-08-28T02:00:00,0.0,0.0
2024-08-28T03:00:00,0.0,0.0
2024-08-28T04:00:00,0.0,0.0
2024-08-28T05:00:00,0.0,0.0
2024-08-28T06:00:00,0.0,0.0
2024-08-28T07:00:00,0.0,0.0
2024-08-28T08:00:00,0.0,0.0
2024-08-28T09:00:00,0.07909175,0.5675682
2024-08-28T10:00:00,0.322523,1.7075492
2024-08-28T11:00:00,0.56940705,1.7309792
2024-08-28T12:00:00,0.7877105,1.5364189
2024-08-28T13:00:00,0.9790575,1.3465103
2024-08-28T14:00:00,0.9959937,0.12188267
2024-08-28T15:00:00,0.99789757,0.013490486
2024-08-28T16:00:00,0.99807996,0.0013055126
2024-08-28T17:00:00,0.99809927,0.00013820872
2024-08-28T18:00:00,0.8257111,-0.99248505
2024-08-28T19:00:00,0.5652157,-1.5154165
2024-08-28T20:00:00,0.3563572,-1.2076465
2024-08-28T21:00:00,0.08120227,-1.6034603
2024-08-28T22:00:00,0.0,-0.4689732
2024-08-28T23:00:00,0.0,0.0
2024-08-29T00:00:00,0.0,0.0
2024-08-29T01:00:00,0.0,0.0
2024-08-29T02:00:00,0.0,0.0
2024-08-29T03:00:00,0.0,0.0
2024-08-29T04:00:00,0.0,0.0
2024-08-29T05:00:00,0.016528413,0.119711146
2024-08-29T06:00:00,0.0003080859,-0.09347332
2024-08-29T07:00:00,0.0,-0.0017569399
2024-08-29T08:00:00,0.0,0.0
2024-08-29T09:00:00,0.0,0.0
2024-08-29T10:00:00,0.18647486,1.3180702
2024-08-29T11:00:00,0.4225099,1.6572915
2024-08-29T12:00:00,0.7164846,2.0485291
2024-08-29T13:00:00,0.9747764,1.8022932
2024-08-29T14:00:00,0.9959334,0.14921677
2024-08-29T15:00:00,0.99788254,0.013811062
2024-08-29T16:00:00,0.9980693,0.0013365513
2024-08-29T17:00:00,0.99808896,0.0001413999
2024-08-29T18:00:00,0.8255855,-0.99316233
2024-08-29T19:00:00,0.7632555,-0.35421434
2024-08-29T20:00:00,0.5490657,-1.2392526
2024-08-29T21:00:00,0.34108818,-1.2024274
2024-08-29T22:00:00,0.14444092,-1.1354004
2024-08-29T23:00:00,0.0,-0.82950777
2024-08-30T00:00:00,0.0,0.0
2024-08-30T01:00:00,0.0,0.0
2024-08-30T02:00:00,0.0,0.0
2024-08-30T03:00:00,0.0,0.0
2024-08-30T04:00:00,0.0,0.0
2024-08-30T05:00:00,0.0,0.0
2024-08-30T06:00:00,0.0,0.0
2024-08-30T07:00:00,0.0,0.0
2024-08-30T08:00:00,0.0,0.0
2024-08-30T09:00:00,0.037642654,0.27177626
2024-08-30T10:00:00,0.060086124,0.16240796
2024-08-30T11:00:00,0.33676434,1.9323207
2024-08-30T12:00:00,0.57812923,1.6935179
2024-08-30T13:00:00,0.76009244,1.2869747
2024-08-30T14:00:00,0.97056925,1.4828919
2024-08-30T15:00:00,0.9956112,0.17607857
2024-08-30T16:00:00,0.9963415,0.0053021978
2024-08-30T17:00:00,0.99788886,0.011135113
2024-08-30T18:00:00,0.7962408,-1.1649619
2024-08-30T19:00:00,0.44298217,-2.0776055
2024-08-30T20:00:00,0.12218431,-1.8795068
2024-08-30T21:00:00,0.0,-0.70710486
2024-08-30T22:00:00,0.0,0.0
2024-08-30T23:00:00,0.0,0.0
2024-08-31T00:00:00,0.0,0.0
2024-08-31T01:00:00,0.0,0.0
2024-08-31T02:00:00,0.0,0.0
2024-08-31T03:00:00,0.0,0.0
2024-08-31T04:00:00,0.0,0.0
2024-08-31T05:00:00,0.0,0.0
2024-08-31T06:00:00,0.0,0.0
2024-08-31T07:00:00,0.0,0.0
2024-08-31T08:00:00,0.0,0.0
2024-08-31T09:00:00,0.0,0.0
2024-08-31T10:00:00,0.052583978,0.37881228
2024-08-31T11:00:00,0.26496968,1.4959569
2024-08-31T12:00:00,0.4254669,1.1385162
2024-08-31T13:00:00,0.6882648,1.8387066
2024-08-31T14:00:00,0.9596083,1.8963795
2024-08-31T15:00:00,0.9945172,0.24616459
2024-08-31T16:00:00,0.99528784,0.0055947807
2024-08-31T17:00:00,0.997756,0.017814409
2024-08-31T18:00:00,0.79576284,-1.1670032
2024-08-31T19:00:00,0.45884806,-1.9776784
2024-08-31T20:00:00,0.28803527,-0.983232
2024-08-31T21:00:00,0.006795929,-1.6579877
2024-08-31T22:00:00,0.0,-0.039812922
2024-08-31T23:00:00,0.0,0.0
2024-09-01T00:00:00,0.0,0.0
2024-09-01T01:00:00,0.0,0.0
2024-09-01T02:00:00,0.0,0.0
2024-09-01T03:00:00,0.0,0.0
2024-09-01T04:00:00,0.0,0.0
2024-09-01T05:00:00,0.0,0.0
2024-09-01T06:00:00,0.0,0.0
2024-09-01T07:00:00,0.0,0.0
2024-09-01T08:00:00,0.0,0.0
2024-09-01T09:00:00,0.20988265,1.478824
2024-09-01T10:00:00,0.39762363,1.3267899
2024-09-01T11:00:00,0.65998787,1.8357767
2024-09-01T12:00:00,0.91353023,1.7761045
2024-09-01T13:00:00,0.9898633,0.5410017
2024-09-01T14:00:00,0.9972446,0.052467454
2024-09-01T15:00:00,0.99798197,0.005226743
2024-09-01T16:00:00,0.99805313,0.00050755474
2024-09-01T17:00:00,0.99806035,5.207736e-05
2024-09-01T18:00:00,0.7968577,-1.1623273
2024-09-01T19:00:00,0.4560124,-2.0016756
2024-09-01T20:00:00,0.15975551,-1.7307222
2024-09-01T21:00:00,0.0,-0.9291696
2024-09-01T22:00:00,0.0,0.0
2024-09-01T23:00:00,0.0,0.0
2024-09-02T00:00:00,0.0,0.0
2024-09-02T01:00:00,0.0,0.0
2024-09-02T02:00:00,0.0,0.0
2024-09-02T03:00:00,0.0,0.0
2024-09-02T04:00:00,0.0,0.0
2024-09-02T05:00:00,0.0,0.0
2024-09-02T06:00:00,0.0,0.0
2024-09-02T07:00:00,0.0,0.0
2024-09-02T08:00:00,0.0,0.0
2024-09-02T09:00:00,0.045006298,0.3245862
2024-09-02T10:00:00,0.18749441,1.0133053
2024-09-02T11:00:00,0.45428964,1.8656992
2024-09-02T12:00:00,0.7476677,2.0445285
2024-09-02T13:00:00,0.953683,1.4523313
2024-09-02T14:00:00,0.9938481,0.28395808
2024-09-02T15:00:00,0.997627,0.026900219
2024-09-02T16:00:00,0.99800956,0.0027149033
2024-09-02T17:00:00,0.9980468,0.0002666169
2024-09-02T18:00:00,0.99805075,2.8196993e-05
2024-09-02T19:00:00,0.7968232,-1.1624748
2024-09-02T20:00:00,0.5690425,-1.3200043
2024-09-02T21:00:00,0.29939303,-1.5703601
2024-09-02T22:00:00,0.08349692,-1.249377
2024-09-02T23:00:00,0.0,-0.4793988
2024-09-03T00:00:00,0.0,0.0
2024-09-03T01:00:00,0.0,0.0
2024-09-03T02:00:00,0.0,0.0
2024-09-03T03:00:00,0.0,0.0
2024-09-03T04:00:00,0.0,0.0
2024-09-03T05:00:00,0.0,0.0
2024-09-03T06:00:00,0.0,0.0
2024-09-03T07:00:00,0.0,0.0
2024-09-03T08:00:00,0.0,0.0
2024-09-03T09:00:00,0.0,0.0
2024-09-03T10:00:00,0.22905482,1.6097738
2024-09-03T11:00:00,0.49455544,1.8569599
2024-09-03T12:00:00,0.77410847,1.9516697
2024-09-03T13:00:00,0.9309736,1.1133127
2024-09-03T14:00:00,0.99097854,0.42923516
2024-09-03T15:00:00,0.99736744,0.045201328
2024-09-03T16:00:00,0.99797577,0.004312125
2024-09-03T17:00:00,0.99803406,0.00041882318
2024-09-03T18:00:00,0.8023895,-1.1294773
2024-09-03T19:00:00,0.56602925,-1.371112
2024-09-03T20:00:00,0.2586761,-1.7978911
2024-09-03T21:00:00,0.03163273,-1.3156168
2024-09-03T22:00:00,0.0,-0.18290593
2024-09-03T23:00:00,0.0,0.0
2024-09-04T00:00:00,0.0,0.0
2024-09-04T01:00:00,0.0,0.0
2024-09-04T02:00:00,0.0,0.0
2024-09-04T03:00:00,0.0,0.0
2024-09-04T04:00:00,0.0,0.0
2024-09-04T05:00:00,0.0,0.0
2024-09-04T06:00:00,0.0,0.0
2024-09-04T07:00:00,0.0,0.0
2024-09-04T08:00:00,0.0,0.0
2024-09-04T09:00:00,0.1266051,0.902367
2024-09-04T10:00:00,0.36854222,1.6974041
2024-09-04T11:00:00,0.71554565,2.4018023
2024-09-04T12:00:00,0.97599655,1.8079175
2024-09-04T13:00:00,0.99574405,0.14102262
2024-09-04T14:00:00,0.99781,0.014637948
2024-09-04T15:00:00,0.98179615,-0.09050819
2024-09-04T16:00:00,0.9372283,-0.25274268
2024-09-04T17:00:00,0.8315689,-0.60353273
2024-09-04T18:00:00,0.71475184,-0.6681458
2024-09-04T19:00:00,0.31759652,-2.34786
2024-09-04T20:00:00,0.0,-1.8639129
2024-09-04T21:00:00,0.0,0.0
2024-09-04T22:00:00,0.0,0.0
2024-09-04T23:00:00,0.0,0.0
2024-09-05T00:00:00,0.0,0.0
2024-09-05T01:00:00,0.0,0.0
2024-09-05T02:00:00,0.0,0.0
2024-09-05T03:00:00,0.0,0.0
2024-09-05T04:00:00,0.0,0.0
2024-09-05T05:00:00,0.0,0.0
2024-09-05T06:00:00,0.0,0.0
2024-09-05T07:00:00,0.0,0.0
2024-09-05T08:00:00,0.0,0.0
2024-09-05T09:00:00,0.019451916,0.1408234
2024-09-05T10:00:00,0.29766318,1.9426407
2024-09-05T11:00:00,0.5661639,1.8772076
2024-09-05T12:00:00,0.87515295,2.149009
2024-09-05T13:00:00,0.98537666,0.78636116
2024-09-05T14:00:00,0.9967365,0.08092545
2024-09-05T15:00:00,0.9978966,0.008221877
2024-09-05T16:00:00,0.9980075,0.0007972905
2024-09-05T17:00:00,0.93525475,-0.35663438
2024-09-05T18:00:00,0.873208,-0.35259303
2024-09-05T19:00:00,0.64749503,-1.3077022
2024-09-05T20:00:00,0.3924574,-1.4827143
2024-09-05T21:00:00,0.038000252,-2.084948
2024-09-05T22:00:00,0.0,-0.2228388
2024-09-05T23:00:00,0.0,0.0
2024-09-06T00:00:00,0.0,0.0
2024-09-06T01:00:00,0.0,0.0
2024-09-06T02:00:00,0.0,0.0
2024-09-06T03:00:00,0.0,0.0
2024-09-06T04:00:00,0.0,0.0
2024-09-06T05:00:00,0.0,0.0
2024-09-06T06:00:00,0.0,0.0
2024-09-06T07:00:00,0.0,0.0
2024-09-06T08:00:00,0.0,0.0
2024-09-06T09:00:00,0.104025654,0.74381816
2024-09-06T10:00:00,0.33636963,1.632175
2024-09-06T11:00:00,0.55500567,1.5386909
2024-09-06T12:00:00,0.82669437,1.8987066
2024-09-06T13:00:00,0.9818183,1.0964334
2024-09-06T14:00:00,0.99637103,0.10363465
2024-09-06T15:00:00,0.99785227,0.010496772
2024-09-06T16:00:00,0.9979957,0.0010168155
2024-09-06T17:00:00,0.9980095,9.89943e-05
2024-09-06T18:00:00,0.81177837,-1.0739375
2024-09-06T19:00:00,0.52346224,-1.68276
2024-09-06T20:00:00,0.2675603,-1.4878904
2024-09-06T21:00:00,0.024533939,-1.4108891
2024-09-06T22:00:00,0.0,-0.1421818
2024-09-06T23:00:00,0.0,0.0
2024-09-07T00:00:00,0.0,0.0
2024-09-07T01:00:00,0.0,0.0
2024-09-07T02:00:00,0.0,0.0
2024-09-07T03:00:00,0.0,0.0
2024-09-07T04:00:00,0.0,0.0
2024-09-07T05:00:00,0.0,0.0
2024-09-07T06:00:00,0.0,0.0
2024-09-07T07:00:00,0.0,0.0
2024-09-07T08:00:00,0.019537227,0.14143918
2024-09-07T09:00:00,0.0004664791,-0.11053913
2024-09-07T10:00:00,0.0,-0.0026657202
2024-09-07T11:00:00,0.0,0.0
2024-09-07T12:00:00,0.2326728,1.6344135
2024-09-07T13:00:00,0.39932972,1.1812036
2024-09-07T14:00:00,0.66026396,1.8261127
2024-09-07T15:00:00,0.6985087,0.27609864
2024-09-07T16:00:00,0.5235915,-1.007346
2024-09-07T17:00:00,0.39450526,-0.7393918
2024-09-07T18:00:00,0.2621499,-0.75840974
2024-09-07T19:00:00,0.1301522,-0.75632834
2024-09-07T20:00:00,0.028723147,-0.57907885
2024-09-07T21:00:00,0.0,-0.16395621
2024-09-07T22:00:00,0.0,0.0
2024-09-07T23:00:00,0.0,0.0
2024-09-08T00:00:00,0.0,0.0
2024-09-08T01:00:00,0.0,0.0
2024-09-08T02:00:00,0.0,0.0
2024-09-08T03:00:00,0.0,0.0
2024-09-08T04:00:00,0.00025801387,0.0018733365
2024-09-08T05:00:00,1.5909249e-06,-0.0014555606
2024-09-08T06:00:00,0.00043990876,0.0031823646
2024-09-08T07:00:00,0.004268506,0.027782852
2024-09-08T08:00:00,3.598575e-06,-0.024093434
2024-09-08T09:00:00,0.20928054,1.4746764
2024-09-08T10:00:00,0.22778682,0.13399655
2024-09-08T11:00:00,0.517797,2.0219364
2024-09-08T12:00:00,0.82598656,2.1436682
2024-09-08T13:00:00,0.98288393,1.1008531
2024-09-08T14:00:00,0.99658626,0.0967044
2024-09-08T15:00:00,0.99785745,0.009008982
2024-09-08T16:00:00,0.99797827,0.0008733325
2024-09-08T17:00:00,0.9608096,-0.21059814
2024-09-08T18:00:00,0.66390437,-1.7346421
2024-09-08T19:00:00,0.40307233,-1.5174352
2024-09-08T20:00:00,0.19365984,-1.2109289
2024-09-08T21:00:00,0.036010835,-0.9060485
2024-09-08T22:00:00,1.5849093e-05,-0.20696333
2024-09-08T23:00:00,0.0,-9.0802554e-05
2024-09-09T00:00:00,0.0,0.0
2024-09-09T01:00:00,0.0,0.0
2024-09-09T02:00:00,0.0,0.0
2024-09-09T03:00:00,0.0,0.0
2024-09-09T04:00:00,0.0,0.0
2024-09-09T05:00:00,0.0,0.0
2024-09-09T06:00:00,0.0,0.0
2024-09-09T07:00:00,0.0,0.0
2024-09-09T08:00:00,0.0,0.0
2024-09-09T09:00:00,0.0,0.0
2024-09-09T10:00:00,0.14373478,1.0219927
2024-09-09T11:00:00,0.45620763,2.1722717
2024-09-09T12:00:00,0.7563982,2.0901713
2024-09-09T13:00:00,0.9768594,1.5461571
2024-09-09T14:00:00,0.9960347,0.1351977
2024-09-09T15:00:00,0.9977952,0.012475163
2024-09-09T16:00:00,0.99796414,0.0012076291
2024-09-09T17:00:00,0.9979818,0.00012653781
2024-09-09T18:00:00,0.9979837,1.3622142e-05
2024-09-09T19:00:00,0.87062585,-0.7293427
2024-09-09T20:00:00,0.62796843,-1.4086862
2024-09-09T21:00:00,0.37872696,-1.4480293
2024-09-09T22:00:00,0.16794617,-1.219038
2024-09-09T23:00:00,0.0,-0.966487
2024-09-10T00:00:00,0.0,0.0
2024-09-10T01:00:00,0.0,0.0
2024-09-10T02:00:00,0.0,0.0
2024-09-10T03:00:00,0.0,0.0
2024-09-10T04:00:00,0.0,0.0
2024-09-10T05:00:00,0.0,0.0
2024-09-10T06:00:00,0.0,0.0
2024-09-10T07:00:00,0.0,0.0
2024-09-10T08:00:00,0.0,0.0
2024-09-10T09:00:00,0.007438481,0.053949043
2024-09-10T10:00:00,0.29517308,2.006661
2024-09-10T11:00:00,0.5817982,1.9992102
2024-09-10T12:00:00,0.8899699,2.1435483
2024-09-10T13:00:00,0.98765695,0.6912298
2024-09-10T14:00:00,0.99678546,0.06602911
2024-09-10T15:00:00,0.99785864,0.0076063112
2024-09-10T16:00:00,0.9979627,0.0007379105
2024-09-10T17:00:00,0.99797285,7.1860646e-05
2024-09-10T18:00:00,0.9979738,7.01043e-06
2024-09-10T19:00:00,0.7965464,-1.1636571
2024-09-10T20:00:00,0.5774892,-1.2681435
2024-09-10T21:00:00,0.21921587,-2.1083412
2024-09-10T22:00:00,0.1291183,-0.5136969
2024-09-10T23:00:00,0.14253674,0.097232044
2024-09-11T00:00:00,0.08999468,-0.29824543
2024-09-11T01:00:00,0.0017699533,-0.51083827
2024-09-11T02:00:00,1.3397775e-05,-0.010248373
2024-09-11T03:00:00,0.0,-7.7903e-05
2024-09-11T04:00:00,0.0,0.0
2024-09-11T05:00:00,0.0,0.0
2024-09-11T06:00:00,0.0,0.0
2024-09-11T07:00:00,0.0,0.0
2024-09-11T08:00:00,0.0,0.0
2024-09-11T09:00:00,0.19143252,1.3521969
2024-09-11T10:00:00,0.3355978,1.024992
2024-09-11T11:00:00,0.6075636,1.9005742
2024-09-11T12:00:00,0.903212,2.059748
2024-09-11T13:00:00,0.98879033,0.6064147
2024-09-11T14:00:00,0.9970197,0.05871039
2024-09-11T15:00:00,0.9978667,0.0060420954
2024-09-11T16:00:00,0.9870006,-0.061376557
2024-09-11T17:00:00,0.996702,0.07016415
2024-09-11T18:00:00,0.81962055,-1.020071
2024-09-11T19:00:00,0.50281674,-1.8552349
2024-09-11T20:00:00,0.15524544,-2.0427902
2024-09-11T21:00:00,0.0,-0.9027668
2024-09-11T22:00:00,0.0,0.0
2024-09-11T23:00:00,0.0,0.0
2024-09-12T00:00:00,0.0,0.0
2024-09-12T01:00:00,0.0,0.0
2024-09-12T02:00:00,0.0,0.0
2024-09-12T03:00:00,0.0,0.0
2024-09-12T04:00:00,0.0,0.0
2024-09-12T05:00:00,0.0,0.0
2024-09-12T06:00:00,0.0,0.0
2024-09-12T07:00:00,0.0,0.0
2024-09-12T08:00:00,0.0,0.0
2024-09-12T09:00:00,0.0,0.0
2024-09-12T10:00:00,0.122526266,0.87379944
2024-09-12T11:00:00,0.0,-0.7025873
2024-09-12T12:00:00,0.0,0.0
2024-09-12T13:00:00,0.13618909,0.9693661
2024-09-12T14:00:00,0.45530155,2.2165527
2024-09-12T15:00:00,0.72773254,1.9037101
2024-09-12T16:00:00,0.73448944,0.04901079
2024-09-12T17:00:00,0.5909224,-0.8237442
2024-09-12T18:00:00,0.40215647,-1.088881
2024-09-12T19:00:00,0.24015571,-0.931538
2024-09-12T20:00:00,0.11298015,-0.72828305
2024-09-12T21:00:00,0.0005516152,-0.64699167
2024-09-12T22:00:00,5.7078773e-07,-0.003174376
2024-09-12T23:00:00,5.9741956e-10,-3.2881105e-06
2024-09-13T00:00:00,0.0,-3.437796e-09
2024-09-13T01:00:00,0.0,0.0
2024-09-13T02:00:00,0.0,0.0
2024-09-13T03:00:00,0.0,0.0
2024-09-13T04:00:00,0.0,0.0
2024-09-13T05:00:00,0.0,0.0
2024-09-13T06:00:00,0.0,0.0
2024-09-13T07:00:00,0.0,0.0
2024-09-13T08:00:00,0.0,0.0
2024-09-13T09:00:00,0.0,0.0
2024-09-13T10:00:00,0.24779028,1.7371255
2024-09-13T11:00:00,0.51193935,1.8478334
2024-09-13T12:00:00,0.78940046,1.9375913
2024-09-13T13:00:00,0.9310347,1.0073533
2024-09-13T14:00:00,0.9911868,0.42822888
2024-09-13T15:00:00,0.99729997,0.043253206
2024-09-13T16:00:00,0.9978805,0.004128692
2024-09-13T17:00:00,0.9979383,0.00041315652
2024-09-13T18:00:00,0.79641855,-1.1642028
2024-09-13T19:00:00,0.5902358,-1.191798
2024-09-13T20:00:00,0.33507845,-1.4834313
2024-09-13T21:00:00,0.12453021,-1.2176597
2024-09-13T22:00:00,0.0,-0.7147326
2024-09-13T23:00:00,0.0,0.0
2024-09-14T00:00:00,0.0,0.0
2024-09-14T01:00:00,0.0,0.0
2024-09-14T02:00:00,0.0,0.0
2024-09-14T03:00:00,0.0,0.0
2024-09-14T04:00:00,0.0,0.0
2024-09-14T05:00:00,0.0,0.0
2024-09-14T06:00:00,0.0,0.0
2024-09-14T07:00:00,0.0,0.0
2024-09-14T08:00:00,0.0,0.0
2024-09-14T09:00:00,0.0,0.0
2024-09-14T10:00:00,0.16770707,1.1884742
2024-09-14T11:00:00,0.40855664,1.6900171
2024-09-14T12:00:00,0.60042125,1.355169
2024-09-14T13:00:00,0.74560636,1.0320953
2024-09-14T14:00:00,0.8077056,0.4467343
2024-09-14T15:00:00,0.98094743,1.2174752
2024-09-14T16:00:00,0.9327853,-0.2732423
2024-09-14T17:00:00,0.9919867,0.4169577
2024-09-14T18:00:00,0.9972484,0.038066547
2024-09-14T19:00:00,0.7939371,-1.1748018
2024-09-14T20:00:00,0.52027863,-1.5944592
2024-09-14T21:00:00,0.22783928,-1.7076534
2024-09-14T22:00:00,0.06897759,-0.9131489
2024-09-14T23:00:00,0.00015488888,-0.39648834
2024-09-15T00:00:00,0.0,-0.0008784249
2024-09-15T01:00:00,0.0,0.0
2024-09-15T02:00:00,0.0,0.0
2024-09-15T03:00:00,0.0,0.0
2024-09-15T04:00:00,0.0,0.0
2024-09-15T05:00:00,0.0,0.0
2024-09-15T06:00:00,0.0,0.0
2024-09-15T07:00:00,0.0,0.0
2024-09-15T08:00:00,0.0,0.0
2024-09-15T09:00:00,0.2179139,1.5337573
2024-09-15T10:00:00,0.44336158,1.5851852
2024-09-15T11:00:00,0.7011686,1.8049672
2024-09-15T12:00:00,0.93334675,1.6310459
2024-09-15T13:00:00,0.9916903,0.41330016
2024-09-15T14:00:00,0.99731004,0.039899494
2024-09-15T15:00:00,0.99786484,0.0039328015
2024-09-15T16:00:00,0.9979175,0.0003820618
2024-09-15T17:00:00,0.99792373,4.5222107e-05
2024-09-15T18:00:00,0.7963663,-1.1644262
2024-09-15T19:00:00,0.43002278,-2.1578786
2024-09-15T20:00:00,0.11208266,-1.8621378
2024-09-15T21:00:00,0.0,-0.6534691
2024-09-15T22:00:00,0.0,0.0
2024-09-15T23:00:00,0.0,0.0
2024-09-16T00:00:00,0.0,0.0
2024-09-16T01:00:00,0.0,0.0
2024-09-16T02:00:00,0.0,0.0
2024-09-16T03:00:00,0.0,0.0
2024-09-16T04:00:00,0.0,0.0
2024-09-16T05:00:00,0.0,0.0
2024-09-16T06:00:00,0.0,0.0
2024-09-16T07:00:00,0.0,0.0
2024-09-16T08:00:00,0.0,0.0
2024-09-16T09:00:00,0.0,0.0
2024-09-16T10:00:00,0.25416395,1.7803131
2024-09-16T11:00:00,0.54496735,2.027259
2024-09-16T12:00:00,0.74452484,1.4080334
2024-09-16T13:00:00,0.9564847,1.4930426
2024-09-16T14:00:00,0.9938538,0.26515228
2024-09-16T15:00:00,0.9975237,0.025988491
2024-09-16T16:00:00,0.9978765,0.0025008887
2024-09-16T17:00:00,0.9979103,0.00024295677
2024-09-16T18:00:00,0.9234149,-0.42395788
2024-09-16T19:00:00,0.81966615,-0.59248465
2024-09-16T20:00:00,0.5727482,-1.4341381
2024-09-16T21:00:00,0.29013875,-1.6483462
2024-09-16T22:00:00,0.13472196,-0.8929838
2024-09-16T23:00:00,0.0012315508,-0.7740768
2024-09-17T00:00:00,0.0,-0.007109778
2024-09-17T01:00:00,0.0,0.0
2024-09-17T02:00:00,0.0,0.0
2024-09-17T03:00:00,0.0,0.0
2024-09-17T04:00:00,0.0,0.0
2024-09-17T05:00:00,0.0,0.0
2024-09-17T06:00:00,0.0,0.0
2024-09-17T07:00:00,0.0,0.0
2024-09-17T08:00:00,0.0,0.0
2024-09-17T09:00:00,0.0,0.0
2024-09-17T10:00:00,0.0,0.0
2024-09-17T11:00:00,0.033210963,0.23993817
2024-09-17T12:00:00,0.33717468,2.1154187
2024-09-17T13:00:00,0.68875366,2.4320767
2024-09-17T14:00:00,0.97301066,1.9785763
2024-09-17T15:00:00,0.9952926,0.15932167
2024-09-17T16:00:00,0.9976049,0.016716424
2024-09-17T17:00:00,0.86567247,-0.7559484
2024-09-17T18:00:00,0.7665938,-0.565503
2024-09-17T19:00:00,0.5771813,-1.0926944
2024-09-17T20:00:00,0.43131876,-0.837142
2024-09-17T21:00:00,0.24414177,-1.0795126
2024-09-17T22:00:00,0.12911618,-0.6577602
2024-09-17T23:00:00,0.0009549868,-0.7383355
2024-09-18T00:00:00,0.0,-0.0053977156
2024-09-18T01:00:00,0.0,0.0
2024-09-18T02:00:00,0.0,0.0
2024-09-18T03:00:00,0.0,0.0
2024-09-18T04:00:00,0.0,0.0
2024-09-18T05:00:00,0.0178391,0.12917863
2024-09-18T06:00:00,0.010604641,-0.04084581
2024-09-18T07:00:00,7.463791e-05,-0.059873886
2024-09-18T08:00:00,0.0,-0.0004235388
2024-09-18T09:00:00,0.13173857,0.9382756
2024-09-18T10:00:00,0.3665788,1.6491636
2024-09-18T11:00:00,0.6594514,2.0411394
2024-09-18T12:00:00,0.8747791,1.5160799
2024-09-18T13:00:00,0.9864674,0.78794205
2024-09-18T14:00:00,0.99681526,0.0731329
2024-09-18T15:00:00,0.99778754,0.006906337
2024-09-18T16:00:00,0.86019343,-0.7889163
2024-09-18T17:00:00,0.92701817,0.48039693
2024-09-18T18:00:00,0.7442234,-1.0536932
2024-09-18T19:00:00,0.538293,-1.1903039
2024-09-18T20:00:00,0.29834893,-1.3924898
2024-09-18T21:00:00,0.002743655,-1.7314363
2024-09-18T22:00:00,0.0,-0.015912568
2024-09-18T23:00:00,0.0,0.0
2024-09-19T00:00:00,0.0,0.0
2024-09-19T01:00:00,0.0,0.0
2024-09-19T02:00:00,0.0,0.0
2024-09-19T03:00:00,0.0,0.0
2024-09-19T04:00:00,0.0,0.0
2024-09-19T05:00:00,0.0,0.0
2024-09-19T06:00:00,0.0,0.0
2024-09-19T07:00:00,0.0,0.0
2024-09-19T08:00:00,0.0,0.0
2024-09-19T09:00:00,0.0,0.0
2024-09-19T10:00:00,0.2202009,1.5493796
2024-09-19T11:00:00,0.49990797,1.9527061
2024-09-19T12:00:00,0.7648437,1.853146
2024-09-19T13:00:00,0.977443,1.4914641
2024-09-19T14:00:00,0.99600995,0.13082129
2024-09-19T15:00:00,0.99770236,0.011992042
2024-09-19T16:00:00,0.9890314,-0.048964616
2024-09-19T17:00:00,0.9970439,0.056654595
2024-09-19T18:00:00,0.9977934,0.0053740977
2024-09-19T19:00:00,0.86835283,-0.7414522
2024-09-19T20:00:00,0.7419294,-0.72391146
2024-09-19T21:00:00,0.6203187,-0.6959575
2024-09-19T22:00:00,0.50160235,-0.6791615
2024-09-19T23:00:00,0.24106479,-1.5156696
2024-09-20T00:00:00,0.05626798,-1.0654856
2024-09-20T01:00:00,3.612078e-05,-0.3244251
2024-09-20T02:00:00,0.0,-0.00020764046
2024-09-20T03:00:00,0.0,0.0
2024-09-20T04:00:00,0.0,0.0
2024-09-20T05:00:00,0.0,0.0
2024-09-20T06:00:00,0.0,0.0
2024-09-20T07:00:00,0.0,0.0
2024-09-20T08:00:00,0.0,0.0
2024-09-20T09:00:00,0.10501942,0.7508171
2024-09-20T10:00:00,0.43078417,2.260848
2024-09-20T11:00:00,0.5863624,1.1043768
2024-09-20T12:00:00,0.75466996,1.1926306
2024-09-20T13:00:00,0.9784747,1.5565119
2024-09-20T14:00:00,0.9959384,0.12415396
2024-09-20T15:00:00,0.9976864,0.012385377
2024-09-20T16:00:00,0.997853,0.0011983332
2024-09-20T17:00:00,0.7961117,-1.1655133
2024-09-20T18:00:00,0.83825576,0.30407244
2024-09-20T19:00:00,0.63486356,-1.1752803
2024-09-20T20:00:00,0.427988,-1.1959006
2024-09-20T21:00:00,0.26523727,-0.93593335
2024-09-20T22:00:00,0.004229082,-1.5253044
2024-09-20T23:00:00,2.7262233e-05,-0.02471431
2024-09-21T00:00:00,0.0,-0.00015822968
2024-09-21T01:00:00,0.0,0.0
2024-09-21T02:00:00,0.0,0.0
2024-09-21T03:00:00,0.0,0.0
2024-09-21T04:00:00,0.0,0.0
2024-09-21T05:00:00,0.0,0.0
2024-09-21T06:00:00,0.0,0.0
2024-09-21T07:00:00,0.0,0.0
2024-09-21T08:00:00,0.0,0.0
2024-09-21T09:00:00,0.0,0.0
2024-09-21T10:00:00,0.05572552,0.40125814
2024-09-21T11:00:00,0.20903453,1.0886122
2024-09-21T12:00:00,0.3666877,1.118783
2024-09-21T13:00:00,0.46947622,0.7351024
2024-09-21T14:00:00,0.5336019,0.46117553
2024-09-21T15:00:00,0.7587182,1.5829253
2024-09-21T16:00:00,0.9409156,1.2885897
2024-09-21T17:00:00,0.99236214,0.3644663
2024-09-21T18:00:00,0.99724984,0.03520651
2024-09-21T19:00:00,0.89785373,-0.56733614
2024-09-21T20:00:00,0.7567995,-0.809086
2024-09-21T21:00:00,0.668311,-0.50442696
2024-09-21T22:00:00,0.54368013,-0.7134962
2024-09-21T23:00:00,0.28583235,-1.4995472
2024-09-22T00:00:00,0.0011330025,-1.6622951
2024-09-22T01:00:00,0.019465033,0.13273826
2024-09-22T02:00:00,0.00014781726,-0.11011071
2024-09-22T03:00:00,1.104737e-06,-0.0008425781
2024-09-22T04:00:00,0.0,-6.2501367e-06
2024-09-22T05:00:00,0.0,0.0
2024-09-22T06:00:00,0.0,0.0
2024-09-22T07:00:00,0.0,0.0
2024-09-22T08:00:00,0.0,0.0
2024-09-22T09:00:00,0.13525319,0.96283126
2024-09-22T10:00:00,0.4037113,1.87692
2024-09-22T11:00:00,0.69044286,1.9999251
2024-09-22T12:00:00,0.7444894,0.38926455
2024-09-22T13:00:00,0.9547036,1.4810944
2024-09-22T14:00:00,0.9935469,0.27615714
2024-09-22T15:00:00,0.9974391,0.02755879
2024-09-22T16:00:00,0.7946229,-1.1718723
2024-09-22T17:00:00,0.60490584,-1.0944902
2024-09-22T18:00:00,0.3247297,-1.633686
2024-09-22T19:00:00,0.047261883,-1.6173787
2024-09-22T20:00:00,0.0,-0.27308792
2024-09-22T21:00:00,0.0,0.0
2024-09-22T22:00:00,0.0,0.0
2024-09-22T23:00:00,0.042749837,0.30841565
2024-09-23T00:00:00,0.05661927,0.10049309
2024-09-23T01:00:00,0.00076799147,-0.32007134
2024-09-23T02:00:00,5.4724787e-06,-0.0044011893
2024-09-23T03:00:00,0.0,-3.1563537e-05
2024-09-23T04:00:00,0.0,0.0
2024-09-23T05:00:00,0.0,0.0
2024-09-23T06:00:00,0.0,0.0
2024-09-23T07:00:00,0.0,0.0
2024-09-23T08:00:00,0.0,0.0
2024-09-23T09:00:00,0.08699504,0.6235687
2024-09-23T10:00:00,0.17263351,0.61396533
2024-09-23T11:00:00,0.3479095,1.2408171
2024-09-23T12:00:00,0.44742408,0.7120225
2024-09-23T13:00:00,0.54510266,0.6990703
2024-09-23T14:00:00,0.7227801,1.2574022
2024-09-23T15:00:00,0.8798391,1.1146584
2024-09-23T16:00:00,0.94336426,0.45689672
2024-09-23T17:00:00,0.961386,0.13049783
2024-09-23T18:00:00,0.92701954,-0.19465645
2024-09-23T19:00:00,0.77583534,-0.8682302
2024-09-23T20:00:00,0.5967151,-1.032064
2024-09-23T21:00:00,0.45265922,-0.8265967
2024-09-23T22:00:00,0.20305048,-1.4502257
2024-09-23T23:00:00,0.000277819,-1.1797224
2024-09-24T00:00:00,0.0,-0.0016087682
2024-09-24T01:00:00,0.0,0.0
2024-09-24T02:00:00,0.0,0.0
2024-09-24T03:00:00,0.0,0.0
2024-09-24T04:00:00,0.0,0.0
2024-09-24T05:00:00,0.0,0.0
2024-09-24T06:00:00,0.0,0.0
2024-09-24T07:00:00,0.0,0.0
2024-09-24T08:00:00,0.0,0.0
2024-09-24T09:00:00,0.14942226,1.061588
2024-09-24T10:00:00,0.26899266,0.85307693
2024-09-24T11:00:00,0.5692271,2.0904653
2024-09-24T12:00:00,0.83311665,1.8460808
2024-09-24T13:00:00,0.94066554,0.76862335
2024-09-24T14:00:00,0.99161035,0.36587134
2024-09-24T15:00:00,0.99719346,0.039822765
2024-09-24T16:00:00,0.99776965,0.004090678
2024-09-24T17:00:00,0.9978257,0.00040298977
2024-09-24T18:00:00,0.9978318,4.440621e-05
2024-09-24T19:00:00,0.7960356,-1.1658384
2024-09-24T20:00:00,0.67457986,-0.695058
2024-09-24T21:00:00,0.3896509,-1.6623284
2024-09-24T22:00:00,0.23532194,-0.8866196
2024-09-24T23:00:00,0.1082942,-0.7274239
2024-09-25T00:00:00,0.0,-0.6192753
2024-09-25T01:00:00,0.0,0.0
2024-09-25T02:00:00,0.0,0.0
2024-09-25T03:00:00,0.0,0.0
2024-09-25T04:00:00,0.0,0.0
2024-09-25T05:00:00,0.0,0.0
2024-09-25T06:00:00,0.0,0.0
2024-09-25T07:00:00,0.0,0.0
2024-09-25T08:00:00,0.0,0.0
2024-09-25T09:00:00,0.11649791,0.8315188
2024-09-25T10:00:00,0.30479416,1.330613
2024-09-25T11:00:00,0.56282675,1.8064929
2024-09-25T12:00:00,0.90053964,2.3402312
2024-09-25T13:00:00,0.9881256,0.6226146
2024-09-25T14:00:00,0.99678665,0.062061213
2024-09-25T15:00:00,0.9977103,0.0066302973
2024-09-25T16:00:00,0.7955984,-1.1677055
2024-09-25T17:00:00,0.6488237,-0.8424681
2024-09-25T18:00:00,0.48665223,-0.9325383
2024-09-25T19:00:00,0.24426275,-1.4070863
2024-09-25T20:00:00,0.0008358289,-1.4179608
2024-09-25T21:00:00,0.0,-0.0048363437
2024-09-25T22:00:00,0.0,0.0
2024-09-25T23:00:00,0.0,0.0
2024-09-26T00:00:00,0.0,0.0
2024-09-26T01:00:00,0.0,0.0
2024-09-26T02:00:00,0.0,0.0
2024-09-26T03:00:00,0.0,0.0
2024-09-26T04:00:00,0.0,0.0
2024-09-26T05:00:00,0.0,0.0
2024-09-26T06:00:00,0.0,0.0
2024-09-26T07:00:00,0.0,0.0
2024-09-26T08:00:00,0.0,0.0
2024-09-26T09:00:00,0.0,0.0
2024-09-26T10:00:00,0.27850917,1.9446455
2024-09-26T11:00:00,0.51835215,1.6831784
2024-09-26T12:00:00,0.79552853,1.9356747
2024-09-26T13:00:00,0.96825707,1.2232119
2024-09-26T14:00:00,0.99516076,0.18915667
2024-09-26T15:00:00,0.9820274,-0.074202634
2024-09-26T16:00:00,0.99613607,0.101025164
2024-09-26T17:00:00,0.997637,0.010729246
2024-09-26T18:00:00,0.854299,-0.8224077
2024-09-26T19:00:00,0.7990831,-0.3135221
2024-09-26T20:00:00,0.8147804,0.11370565
2024-09-26T21:00:00,0.6662143,-0.8529312
2024-09-26T22:00:00,0.4424382,-1.2961841
2024-09-26T23:00:00,0.27139655,-0.984576
2024-09-27T00:00:00,0.13285011,-0.79446614
2024-09-27T01:00:00,0.0006497807,-0.7618017
2024-09-27T02:00:00,0.0,-0.0037220295
2024-09-27T03:00:00,0.0,0.0
2024-09-27T04:00:00,0.0,0.0
2024-09-27T05:00:00,0.0019662322,0.014272327
2024-09-27T06:00:00,3.852169e-05,-0.011095191
2024-09-27T07:00:00,4.416446e-07,-0.00022171666
2024-09-27T08:00:00,0.0,-2.524221e-06
2024-09-27T09:00:00,0.19050668,1.3458271
2024-09-27T10:00:00,0.41792768,1.5986394
2024-09-27T11:00:00,0.6877786,1.8863149
2024-09-27T12:00:00,0.96636087,1.9451375
2024-09-27T13:00:00,0.994881,0.20122662
2024-09-27T14:00:00,0.99750835,0.018696928
2024-09-27T15:00:00,0.99777377,0.0018816488
2024-09-27T16:00:00,0.9977994,0.00018295465
2024-09-27T17:00:00,0.997802,1.8921759e-05
2024-09-27T18:00:00,0.90986735,-0.50123686
2024-09-27T19:00:00,0.67278206,-1.375436
2024-09-27T20:00:00,0.42169988,-1.4590393
2024-09-27T21:00:00,0.15116136,-1.5757024
2024-09-27T22:00:00,0.0,-0.86886805
2024-09-27T23:00:00,0.0,0.0
2024-09-28T00:00:00,0.0,0.0
2024-09-28T01:00:00,0.0,0.0
2024-09-28T02:00:00,0.0,0.0
2024-09-28T03:00:00,0.0,0.0
2024-09-28T04:00:00,0.0,0.0
2024-09-28T05:00:00,0.0,0.0
2024-09-28T06:00:00,0.0,0.0
2024-09-28T07:00:00,0.0,0.0
2024-09-28T08:00:00,0.0,0.0
2024-09-28T09:00:00,0.0051910854,0.037662193
2024-09-28T10:00:00,0.19650273,1.3513653
2024-09-28T11:00:00,0.5244672,2.2754798
2024-09-28T12:00:00,0.760622,1.6581063
2024-09-28T13:00:00,0.9765399,1.5178984
2024-09-28T14:00:00,0.99578923,0.1360164
2024-09-28T15:00:00,0.9975664,0.012820063
2024-09-28T16:00:00,0.99776566,0.0014460977
2024-09-28T17:00:00,0.96694654,-0.17449068
2024-09-28T18:00:00,0.9254285,-0.23536277
2024-09-28T19:00:00,0.7687209,-0.9005379
2024-09-28T20:00:00,0.626485,-0.8159785
2024-09-28T21:00:00,0.3492299,-1.6160982
2024-09-28T22:00:00,0.025868187,-1.8950994
2024-09-28T23:00:00,0.0,-0.15065889
2024-09-29T00:00:00,0.0,0.0
2024-09-29T01:00:00,0.09955873,0.7123339
2024-09-29T02:00:00,0.038354054,-0.34777296
2024-09-29T03:00:00,0.12783606,0.64116466
2024-09-29T04:00:00,0.17057982,0.3083721
2024-09-29T05:00:00,0.008334515,-0.9329711
2024-09-29T06:00:00,0.0,-0.04714379
2024-09-29T07:00:00,0.0,0.0
2024-09-29T08:00:00,0.08307701,0.5958224
2024-09-29T09:00:00,0.33619422,1.7732251
2024-09-29T10:00:00,0.55764186,1.5578923
2024-09-29T11:00:00,0.8400054,1.9705724
2024-09-29T12:00:00,0.9824407,1.009763
2024-09-29T13:00:00,0.99630195,0.09817192
2024-09-29T14:00:00,0.9976368,0.009459497
2024-09-29T15:00:00,0.9977661,0.00091643515
2024-09-29T16:00:00,0.9977786,8.9022724e-05
2024-09-29T17:00:00,0.99777985,8.913633e-06
2024-09-29T18:00:00,0.8321392,-0.95287764
2024-09-29T19:00:00,0.46720278,-2.1492348
2024-09-29T20:00:00,0.191779,-1.6050779
2024-09-29T21:00:00,0.09240815,-0.5671903
2024-09-29T22:00:00,0.0013122628,-0.5274485
2024-09-29T23:00:00,0.0,-0.007404249
2024-09-30T00:00:00,0.0,0.0
2024-09-30T01:00:00,0.0,0.0
2024-09-30T02:00:00,0.0,0.0
2024-09-30T03:00:00,0.0,0.0
2024-09-30T04:00:00,0.0,0.0
2024-09-30T05:00:00,0.0,0.0
2024-09-30T06:00:00,0.0,0.0
2024-09-30T07:00:00,0.0,0.0
2024-09-30T08:00:00,0.0,0.0
2024-09-30T09:00:00,0.13863365,0.9864272
2024-09-30T10:00:00,0.33377582,1.3777039
2024-09-30T11:00:00,0.61288875,1.9487085
2024-09-30T12:00:00,0.9176704,2.1208892
2024-09-30T13:00:00,0.9899099,0.5126398
2024-09-30T14:00:00,0.99702245,0.05030472
2024-09-30T15:00:00,0.9976877,0.004784066
2024-09-30T16:00:00,0.99776196,0.00052645867
2024-09-30T17:00:00,0.9977691,5.114475e-05
2024-09-30T18:00:00,0.9977699,5.368128e-06
2024-09-30T19:00:00,0.99776995,4.0899448e-07
2024-09-30T20:00:00,0.795813,-1.1667889
2024-09-30T21:00:00,0.45034766,-2.02991
2024-09-30T22:00:00,0.2617066,-1.0881445
2024-09-30T23:00:00,0.12150744,-0.8041003
2024-10-01T00:00:00,0.000932712,-0.6968956
2024-10-01T01:00:00,1.7546412e-05,-0.0053908713
2024-10-01T02:00:00,0.0,-0.000102635146
2024-10-01T03:00:00,0.0,0.0
2024-10-01T04:00:00,0.0,0.0
2024-10-01T05:00:00,0.0,0.0
2024-10-01T06:00:00,0.0,0.0
2024-10-01T07:00:00,0.0,0.0
2024-10-01T08:00:00,0.0,0.0
2024-10-01T09:00:00,0.0,0.0
2024-10-01T10:00:00,0.32549533,2.2590554
2024-10-01T11:00:00,0.66831404,2.3740857
2024-10-01T12:00:00,0.7938487,0.89487284
2024-10-01T13:00:00,0.9796718,1.3050394
2024-10-01T14:00:00,0.995961,0.11576509
2024-10-01T15:00:00,0.9975859,0.011513409
2024-10-01T16:00:00,0.99774307,0.001114105
2024-10-01T17:00:00,0.9977583,0.00010816368
2024-10-01T18:00:00,0.9977598,1.050689e-05
2024-10-01T19:00:00,0.79581696,-1.1667058
2024-10-01T20:00:00,0.5436761,-1.4653738
2024-10-01T21:00:00,0.3395728,-1.1794884
2024-10-01T22:00:00,0.19930026,-0.80452806
2024-10-01T23:00:00,0.091932155,-0.6134165
2024-10-02T00:00:00,0.002008924,-0.52522767
2024-10-02T01:00:00,0.0,-0.011527927
2024-10-02T02:00:00,0.0,0.0
2024-10-02T03:00:00,0.0,0.0
2024-10-02T04:00:00,0.0,0.0
2024-10-02T05:00:00,0.0,0.0
2024-10-02T06:00:00,0.0,0.0
2024-10-02T07:00:00,0.0,0.0
2024-10-02T08:00:00,0.0,0.0
2024-10-02T09:00:00,0.22408614,1.5758982
2024-10-02T10:00:00,0.23456141,0.07593914
2024-10-02T11:00:00,0.549814,2.1908188
2024-10-02T12:00:00,0.64136904,0.65582263
2024-10-02T13:00:00,0.94517434,2.1143594
2024-10-02T14:00:00,0.99234784,0.336486
2024-10-02T15:00:00,0.99713707,0.03457394
2024-10-02T16:00:00,0.87236786,-0.71429986
2024-10-02T17:00:00,0.7053605,-0.9608953
2024-10-02T18:00:00,0.59154296,-0.6507591
2024-10-02T19:00:00,0.23821117,-2.0780537
2024-10-02T20:00:00,0.0002512742,-1.4009937
2024-10-02T21:00:00,0.0,-0.0014563465
2024-10-02T22:00:00,0.0,0.0
2024-10-02T23:00:00,0.0,0.0
2024-10-03T00:00:00,0.0,0.0
2024-10-03T01:00:00,0.0,0.0
2024-10-03T02:00:00,0.0,0.0
2024-10-03T03:00:00,0.0,0.0
2024-10-03T04:00:00,0.0,0.0
2024-10-03T05:00:00,0.0,0.0
2024-10-03T06:00:00,0.0,0.0
2024-10-03T07:00:00,0.0,0.0
2024-10-03T08:00:00,0.0,0.0
2024-10-03T09:00:00,0.13476636,0.95943123
2024-10-03T10:00:00,0.43269148,2.0750017
2024-10-03T11:00:00,0.7179628,1.9901159
2024-10-03T12:00:00,0.94476426,1.594416
2024-10-03T13:00:00,0.99255997,0.33904642
2024-10-03T14:00:00,0.9972436,0.033152148
2024-10-03T15:00:00,0.9976907,0.0031768524
2024-10-03T16:00:00,0.99773514,0.00031543212
2024-10-03T17:00:00,0.99773943,3.0854135e-05
2024-10-03T18:00:00,0.79570323,-1.1672578
2024-10-03T19:00:00,0.7694137,-0.14876536
2024-10-03T20:00:00,0.6149082,-0.8876523
2024-10-03T21:00:00,0.38990983,-1.3034521
2024-10-03T22:00:00,0.23240584,-0.9051996
2024-10-03T23:00:00,0.0042345775,-1.3356719
2024-10-04T00:00:00,9.232051e-06,-0.024788426
2024-10-04T01:00:00,0.0,-5.2236075e-05
2024-10-04T02:00:00,0.0,0.0
2024-10-04T03:00:00,0.0,0.0
2024-10-04T04:00:00,0.0,0.0
2024-10-04T05:00:00,0.0,0.0
2024-10-04T06:00:00,0.0,0.0
2024-10-04T07:00:00,0.0,0.0
2024-10-04T08:00:00,0.0,0.0
2024-10-04T09:00:00,0.1109711,0.79269373
2024-10-04T10:00:00,0.4561116,2.389467
2024-10-04T11:00:00,0.7654966,2.1516538
2024-10-04T12:00:00,0.7243831,-0.23305827
2024-10-04T13:00:00,0.9085796,1.3023715
2024-10-04T14:00:00,0.97860116,0.5031434
2024-10-04T15:00:00,0.9959522,0.12242249
2024-10-04T16:00:00,0.99753416,0.011375269
2024-10-04T17:00:00,0.9858029,-0.06626994
2024-10-04T18:00:00,0.75287575,-1.350649
2024-10-04T19:00:00,0.45605165,-1.7341516
2024-10-04T20:00:00,0.3586423,-0.5558654
2024-10-04T21:00:00,0.15221237,-1.1932619
2024-10-04T22:00:00,0.03358834,-0.6786258
2024-10-04T23:00:00,9.607886e-05,-0.19215259
2024-10-05T00:00:00,0.0,-0.0005473974
2024-10-05T01:00:00,0.0,0.0
2024-10-05T02:00:00,0.0,0.0
2024-10-05T03:00:00,0.0,0.0
2024-10-05T04:00:00,0.0,0.0
2024-10-05T05:00:00,0.0,0.0
2024-10-05T06:00:00,0.0,0.0
2024-10-05T07:00:00,0.0,0.0
2024-10-05T08:00:00,0.0,0.0
2024-10-05T09:00:00,0.0,0.0
2024-10-05T10:00:00,0.0,0.0
2024-10-05T11:00:00,0.0,0.0
2024-10-05T12:00:00,0.09516459,0.68132406
2024-10-05T13:00:00,0.1155635,0.14765817
2024-10-05T14:00:00,0.0016902594,-0.65392816
2024-10-05T15:00:00,0.08740636,0.614515
2024-10-05T16:00:00,0.123344906,0.25953856
2024-10-05T17:00:00,0.2018587,0.563468
2024-10-05T18:00:00,0.2693965,0.48547253
2024-10-05T19:00:00,0.009446872,-1.5350918
2024-10-05T20:00:00,0.0,-0.05464728
2024-10-05T21:00:00,0.0,0.0
2024-10-05T22:00:00,0.0,0.0
2024-10-05T23:00:00,0.0,0.0
2024-10-06T00:00:00,0.0,0.0
2024-10-06T01:00:00,0.0,0.0
2024-10-06T02:00:00,0.0,0.0
2024-10-06T03:00:00,0.0,0.0
2024-10-06T04:00:00,0.0,0.0
2024-10-06T05:00:00,0.0,0.0
2024-10-06T06:00:00,0.0,0.0
2024-10-06T07:00:00,0.0,0.0
2024-10-06T08:00:00,0.038861386,0.28052455
2024-10-06T09:00:00,0.24163218,1.4300845
2024-10-06T10:00:00,0.3741205,0.94351596
2024-10-06T11:00:00,0.67924327,2.1231697
2024-10-06T12:00:00,0.96095157,1.9661669
2024-10-06T13:00:00,0.99429387,0.23529144
2024-10-06T14:00:00,0.7833179,-1.2201949
2024-10-06T15:00:00,0.9779917,1.3721395
2024-10-06T16:00:00,0.9955508,0.12622042
2024-10-06T17:00:00,0.8895682,-0.6054015
2024-10-06T18:00:00,0.6986801,-1.1013986
2024-10-06T19:00:00,0.4367466,-1.5240407
2024-10-06T20:00:00,0.19317941,-1.4141189
2024-10-06T21:00:00,0.00751569,-1.0705937
2024-10-06T22:00:00,0.08005541,0.5210465
2024-10-06T23:00:00,0.025317281,-0.31079158
2024-10-07T00:00:00,0.06729671,0.30289227
2024-10-07T01:00:00,0.0007321399,-0.38203418
2024-10-07T02:00:00,0.0,-0.0041742628
2024-10-07T03:00:00,0.0,0.0
2024-10-07T04:00:00,0.0,0.0
2024-10-07T05:00:00,0.0,0.0
2024-10-07T06:00:00,0.0,0.0
2024-10-07T07:00:00,0.0,0.0
2024-10-07T08:00:00,0.0,0.0
2024-10-07T09:00:00,0.11974131,0.8542756
2024-10-07T10:00:00,0.35493302,1.6515548
2024-10-07T11:00:00,0.632063,1.9353622
2024-10-07T12:00:00,0.89553356,1.843251
2024-10-07T13:00:00,0.9869988,0.6538841
2024-10-07T14:00:00,0.9966931,0.06850333
2024-10-07T15:00:00,0.9976045,0.0064596073
2024-10-07T16:00:00,0.9976908,0.00062652124
2024-10-07T17:00:00,0.9977012,7.414994e-05
2024-10-07T18:00:00,0.99770224,7.3923625e-06
2024-10-07T19:00:00,0.85439134,-0.8222499
2024-10-07T20:00:00,0.77077055,-0.47640437
2024-10-07T21:00:00,0.515379,-1.4848337
2024-10-07T22:00:00,0.33436772,-1.0431929
2024-10-07T23:00:00,0.19929095,-0.77425265
2024-10-08T00:00:00,0.05829261,-0.8087603
2024-10-08T01:00:00,0.0013602492,-0.33436385
2024-10-08T02:00:00,0.0,-0.007961579
2024-10-08T03:00:00,0.0,0.0
2024-10-08T04:00:00,0.0,0.0
2024-10-08T05:00:00,0.0,0.0
2024-10-08T06:00:00,0.0,0.0
2024-10-08T07:00:00,0.0,0.0
2024-10-08T08:00:00,0.0,0.0
2024-10-08T09:00:00,0.0,0.0
2024-10-08T10:00:00,0.13106993,0.93360126
2024-10-08T11:00:00,0.47841093,2.404037
2024-10-08T12:00:00,0.7903876,2.1689596
2024-10-08T13:00:00,0.9805851,1.3267584
2024-10-08T14:00:00,0.9957763,0.10948755
2024-10-08T15:00:00,0.9975071,0.012263336
2024-10-08T16:00:00,0.9976744,0.001186157
2024-10-08T17:00:00,0.99769056,0.00011536553
2024-10-08T18:00:00,0.9976922,1.19866545e-05
2024-10-08T19:00:00,0.7995783,-1.1440668
2024-10-08T20:00:00,0.49638522,-1.772689
2024-10-08T21:00:00,0.3284981,-0.9660573
2024-10-08T22:00:00,0.17390287,-0.88817716
2024-10-08T23:00:00,0.0018517412,-0.9905051
2024-10-09T00:00:00,1.6722759e-05,-0.010660547
2024-10-09T01:00:00,2.9601871e-08,-9.715093e-05
2024-10-09T02:00:00,0.0,-1.7055034e-07
2024-10-09T03:00:00,0.0,0.0
2024-10-09T04:00:00,0.041599277,0.30016625
2024-10-09T05:00:00,0.03522979,-0.03595849
2024-10-09T06:00:00,0.0008340921,-0.19888735
2024-10-09T07:00:00,4.87604e-06,-0.0048229974
2024-10-09T08:00:00,0.0,-2.832218e-05
2024-10-09T09:00:00,0.0,0.0
2024-10-09T10:00:00,0.050612524,0.36471608
2024-10-09T11:00:00,0.00015592092,-0.28768754
2024-10-09T12:00:00,1.4532324e-06,-0.00088901154
2024-10-09T13:00:00,0.023748746,0.17180921
2024-10-09T14:00:00,0.08464305,0.43814376
2024-10-09T15:00:00,0.14944384,0.4659847
2024-10-09T16:00:00,0.060217347,-0.508678
2024-10-09T17:00:00,0.004947238,-0.3138318
2024-10-09T18:00:00,0.0,-0.028036397
2024-10-09T19:00:00,0.0,0.0
2024-10-09T20:00:00,0.0,0.0
2024-10-09T21:00:00,0.0,0.0
2024-10-09T22:00:00,0.0,0.0
2024-10-09T23:00:00,0.0,0.0
2024-10-10T00:00:00,0.0,0.0
2024-10-10T01:00:00,0.0,0.0
2024-10-10T02:00:00,0.0,0.0
2024-10-10T03:00:00,0.0,0.0
2024-10-10T04:00:00,0.0,0.0
2024-10-10T05:00:00,0.0,0.0
2024-10-10T06:00:00,0.0,0.0
2024-10-10T07:00:00,0.0,0.0
2024-10-10T08:00:00,0.043099254,0.31092042
2024-10-10T09:00:00,0.18978484,1.0425434
2024-10-10T10:00:00,0.49062175,2.094498
2024-10-10T11:00:00,0.7841687,2.0456614
2024-10-10T12:00:00,0.9778726,1.3664796
2024-10-10T13:00:00,0.99552673,0.12676792
2024-10-10T14:00:00,0.9974501,0.013780904
2024-10-10T15:00:00,0.997656,0.0014711885
2024-10-10T16:00:00,0.95565426,-0.23811845
2024-10-10T17:00:00,0.9930499,0.26896343
2024-10-10T18:00:00,0.99717677,0.029629879
2024-10-10T19:00:00,0.8593543,-0.79024696
2024-10-10T20:00:00,0.7142019,-0.83299655
2024-10-10T21:00:00,0.49206284,-1.2864531
2024-10-10T22:00:00,0.24163024,-1.4551533
2024-10-10T23:00:00,0.015253309,-1.3116517
2024-10-11T00:00:00,2.909115e-06,-0.08837928
2024-10-11T01:00:00,0.0,-1.650219e-05
2024-10-11T02:00:00,0.0,0.0
2024-10-11T03:00:00,0.0,0.0
2024-10-11T04:00:00,0.0,0.0
2024-10-11T05:00:00,0.0,0.0
2024-10-11T06:00:00,0.0,0.0
2024-10-11T07:00:00,0.0,0.0
2024-10-11T08:00:00,0.0,0.0
2024-10-11T09:00:00,0.11683481,0.8338836
2024-10-11T10:00:00,0.4033769,1.9986526
2024-10-11T11:00:00,0.66543835,1.8337308
2024-10-11T12:00:00,0.91411674,1.7431475
2024-10-11T13:00:00,0.98934335,0.53474104
2024-10-11T14:00:00,0.99687904,0.053288113
2024-10-11T15:00:00,0.99759287,0.005059392
2024-10-11T16:00:00,0.9976613,0.0004908856
2024-10-11T17:00:00,0.99640965,-0.0070616044
2024-10-11T18:00:00,0.9628355,-0.19015086
2024-10-11T19:00:00,0.71904707,-1.4154401
2024-10-11T20:00:00,0.553524,-0.952188
2024-10-11T21:00:00,0.35926804,-1.1212767
2024-10-11T22:00:00,0.23967864,-0.68422663
2024-10-11T23:00:00,0.10475168,-0.77338016
2024-10-12T00:00:00,0.00063011976,-0.6004202
2024-10-12T01:00:00,0.0,-0.0035845288
2024-10-12T02:00:00,0.0,0.0
2024-10-12T03:00:00,0.0,0.0
2024-10-12T04:00:00,0.02333035,0.16880322
2024-10-12T05:00:00,0.00017212947,-0.13207532
2024-10-12T06:00:00,0.0,-0.0009735652
2024-10-12T07:00:00,0.0088601895,0.06424644
2024-10-12T08:00:00,5.5550467e-05,-0.05004917
2024-10-12T09:00:00,0.05478188,0.3941213
2024-10-12T10:00:00,0.17125961,0.8313772
2024-10-12T11:00:00,0.43066195,1.8157564
2024-10-12T12:00:00,0.66867226,1.6707227
2024-10-12T13:00:00,0.89357734,1.5814847
2024-10-12T14:00:00,0.98685306,0.66612786
2024-10-12T15:00:00,0.9966401,0.06915985
2024-10-12T16:00:00,0.99756044,0.006522559
2024-10-12T17:00:00,0.99764764,0.0006322524
2024-10-12T18:00:00,0.95957285,-0.21575557
2024-10-12T19:00:00,0.6695938,-1.6927967
2024-10-12T20:00:00,0.55040205,-0.6819194
2024-10-12T21:00:00,0.33384508,-1.2532991
2024-10-12T22:00:00,0.1500099,-1.0598208
2024-10-12T23:00:00,0.05352451,-0.5505329
2024-10-13T00:00:00,0.00043198164,-0.30540374
2024-10-13T01:00:00,0.0,-0.0024824515
2024-10-13T02:00:00,0.0,0.0
2024-10-13T03:00:00,0.0,0.0
2024-10-13T04:00:00,0.0,0.0
2024-10-13T05:00:00,0.0,0.0
2024-10-13T06:00:00,0.0,0.0
2024-10-13T07:00:00,0.0,0.0
2024-10-13T08:00:00,0.0,0.0
2024-10-13T09:00:00,0.2194251,1.5440811
2024-10-13T10:00:00,0.5413599,2.2353544
2024-10-13T11:00:00,0.87036425,2.282394
2024-10-13T12:00:00,0.98654836,0.8146286
2024-10-13T13:00:00,0.9966039,0.0710462
2024-10-13T14:00:00,0.9975479,0.0066903783
2024-10-13T15:00:00,0.9976394,0.0006486274
2024-10-13T16:00:00,0.9976483,6.306814e-05
2024-10-13T17:00:00,0.9976492,6.228831e-06
2024-10-13T18:00:00,0.9075025,-0.51398
2024-10-13T19:00:00,0.62597346,-1.6418359
2024-10-13T20:00:00,0.319674,-1.7915056
2024-10-13T21:00:00,0.22669592,-0.5303007
2024-10-13T22:00:00,0.14967464,-0.43846366
2024-10-13T23:00:00,0.001730403,-0.85206175
2024-10-14T00:00:00,0.0,-0.009854257
2024-10-14T01:00:00,0.0,0.0
2024-10-14T02:00:00,0.0,0.0
2024-10-14T03:00:00,0.0,0.0
2024-10-14T04:00:00,0.0,0.0
2024-10-14T05:00:00,0.0,0.0
2024-10-14T06:00:00,0.0,0.0
2024-10-14T07:00:00,0.0,0.0
2024-10-14T08:00:00,0.0,0.0
2024-10-14T09:00:00,0.0,0.0
2024-10-14T10:00:00,0.05722056,0.41193277
2024-10-14T11:00:00,0.16124476,0.7438079
2024-10-14T12:00:00,0.036312126,-0.7152492
2024-10-14T13:00:00,0.0,-0.20721969
2024-10-14T14:00:00,0.0775579,0.5566851
2024-10-14T15:00:00,0.38944438,2.1683576
2024-10-14T16:00:00,0.60196996,1.496914
2024-10-14T17:00:00,0.85715455,1.7872226
2024-10-14T18:00:00,0.95340633,0.68899995
2024-10-14T19:00:00,0.8501459,-0.58966243
2024-10-14T20:00:00,0.7102403,-0.8023888
2024-10-14T21:00:00,0.5111123,-1.150061
2024-10-14T22:00:00,0.36655304,-0.8295343
2024-10-14T23:00:00,0.25828815,-0.6186055
2024-10-15T00:00:00,0.09171942,-0.95832175
2024-10-15T01:00:00,0.0015036198,-0.52769035
2024-10-15T02:00:00,0.0,-0.008650618
2024-10-15T03:00:00,0.0,0.0
2024-10-15T04:00:00,0.0,0.0
2024-10-15T05:00:00,0.0,0.0
2024-10-15T06:00:00,0.0,0.0
2024-10-15T07:00:00,0.0,0.0
2024-10-15T08:00:00,0.0,0.0
2024-10-15T09:00:00,0.06403125,0.4605028
2024-10-15T10:00:00,0.23896348,1.238442
2024-10-15T11:00:00,0.43712738,1.3984641
2024-10-15T12:00:00,0.6192961,1.2883918
2024-10-15T13:00:00,0.7725664,1.0883431
2024-10-15T14:00:00,0.7516224,-0.11844173
2024-10-15T15:00:00,0.55224955,-1.151508
2024-10-15T16:00:00,0.36125854,-1.1020057
2024-10-15T17:00:00,0.17756672,-1.0589763
2024-10-15T18:00:00,0.01835995,-0.9151698
2024-10-15T19:00:00,3.737119e-05,-0.10553867
2024-10-15T20:00:00,0.0,-0.000214022
2024-10-15T21:00:00,0.0,0.0
2024-10-15T22:00:00,0.0,0.0
2024-10-15T23:00:00,0.0,0.0
2024-10-16T00:00:00,0.0,0.0
2024-10-16T01:00:00,0.0,0.0
2024-10-16T02:00:00,0.0,0.0
2024-10-16T03:00:00,0.0,0.0
2024-10-16T04:00:00,0.0,0.0
2024-10-16T05:00:00,0.0,0.0
2024-10-16T06:00:00,0.0,0.0
2024-10-16T07:00:00,0.0,0.0
2024-10-16T08:00:00,0.0,0.0
2024-10-16T09:00:00,0.20495822,1.4450849
2024-10-16T10:00:00,0.25234976,0.34166804
2024-10-16T11:00:00,0.16371413,-0.5052743
2024-10-16T12:00:00,0.0015206948,-0.9332651
2024-10-16T13:00:00,0.0,-0.008606676
2024-10-16T14:00:00,0.0,0.0
2024-10-16T15:00:00,0.110195406,0.7872398
2024-10-16T16:00:00,0.09569938,-0.08191496
2024-10-16T17:00:00,0.04817102,-0.2696262
2024-10-16T18:00:00,0.0002348854,-0.273272
2024-10-16T19:00:00,4.6127984e-06,-0.0013390235
2024-10-16T20:00:00,0.0,-2.666449e-05
2024-10-16T21:00:00,0.0,0.0
2024-10-16T22:00:00,0.0,0.0
2024-10-16T23:00:00,0.0,0.0
2024-10-17T00:00:00,0.0,0.0
2024-10-17T01:00:00,0.0,0.0
2024-10-17T02:00:00,0.0,0.0
2024-10-17T03:00:00,0.0,0.0
2024-10-17T04:00:00,0.0,0.0
2024-10-17T05:00:00,0.0,0.0
2024-10-17T06:00:00,0.0,0.0
2024-10-17T07:00:00,0.0,0.0
2024-10-17T08:00:00,0.023753444,0.17185357
2024-10-17T09:00:00,0.29054785,1.8656934
2024-10-17T10:00:00,0.5725574,1.9681923
2024-10-17T11:00:00,0.87152874,2.0820084
2024-10-17T12:00:00,0.98556095,0.8069674
2024-10-17T13:00:00,0.9962944,0.07715721
2024-10-17T14:00:00,0.99747205,0.0084628975
2024-10-17T15:00:00,0.9976017,0.00092577667
2024-10-17T16:00:00,0.99761516,9.607538e-05
2024-10-17T17:00:00,0.9976165,9.862743e-06
2024-10-17T18:00:00,0.9976167,1.0888899e-06
2024-10-17T19:00:00,0.7952618,-1.1691433
2024-10-17T20:00:00,0.6029164,-1.1099981
2024-10-17T21:00:00,0.40539184,-1.1405841
2024-10-17T22:00:00,0.34167933,-0.36213008
2024-10-17T23:00:00,0.26144418,-0.45693284
2024-10-18T00:00:00,0.3381657,0.55074877
2024-10-18T01:00:00,0.3248631,-0.07516048
2024-10-18T02:00:00,0.3287462,0.028178025
2024-10-18T03:00:00,0.28147274,-0.26817217
2024-10-18T04:00:00,0.24436212,-0.21026795
2024-10-18T05:00:00,0.29983717,0.39946935
2024-10-18T06:00:00,0.24522646,-0.31006345
2024-10-18T07:00:00,0.1606632,-0.4818275
2024-10-18T08:00:00,0.0015991481,-0.91543245
2024-10-18T09:00:00,0.05444623,0.38069293
2024-10-18T10:00:00,0.3405445,1.9956714
2024-10-18T11:00:00,0.6670137,2.2655346
2024-10-18T12:00:00,0.8719586,1.4449937
2024-10-18T13:00:00,0.9849304,0.8041438
2024-10-18T14:00:00,0.9962494,0.08112033
2024-10-18T15:00:00,0.99745846,0.008678435
2024-10-18T16:00:00,0.9975898,0.0009402788
2024-10-18T17:00:00,0.9976036,9.95148e-05
2024-10-18T18:00:00,0.9976052,1.1394797e-05
2024-10-18T19:00:00,0.97985977,-0.10031522
2024-10-18T20:00:00,0.8950562,-0.48321038
2024-10-18T21:00:00,0.72320366,-0.98933864
2024-10-18T22:00:00,0.47314534,-1.4529146
2024-10-18T23:00:00,0.32752356,-0.83573663
2024-10-19T00:00:00,0.19466215,-0.76135486
2024-10-19T01:00:00,0.12999341,-0.3676067
2024-10-19T02:00:00,0.0032809214,-0.73894185
2024-10-19T03:00:00,7.1601596e-07,-0.019133158
2024-10-19T04:00:00,0.0,-4.086492e-06
2024-10-19T05:00:00,0.0,0.0
2024-10-19T06:00:00,0.0,0.0
2024-10-19T07:00:00,0.0,0.0
2024-10-19T08:00:00,0.0,0.0
2024-10-19T09:00:00,0.08388797,0.60156786
2024-10-19T10:00:00,0.29986528,1.5205215
2024-10-19T11:00:00,0.6099531,2.156348
2024-10-19T12:00:00,0.9185726,2.1465402
2024-10-19T13:00:00,0.9905284,0.50574875
2024-10-19T14:00:00,0.99692214,0.045229066
2024-10-19T15:00:00,0.9975301,0.0043089627
2024-10-19T16:00:00,0.81237876,-1.0675743
2024-10-19T17:00:00,0.913902,0.7261851
2024-10-19T18:00:00,0.69246703,-1.2822685
2024-10-19T19:00:00,0.30149513,-2.3096259
2024-10-19T20:00:00,0.18414038,-0.6712639
2024-10-19T21:00:00,0.0017319942,-1.0532746
2024-10-19T22:00:00,0.0,-0.0099831605
2024-10-19T23:00:00,0.0,0.0
2024-10-20T00:00:00,0.0,0.0
2024-10-20T01:00:00,0.0,0.0
2024-10-20T02:00:00,0.032845613,0.23731156
2024-10-20T03:00:00,0.08938616,0.40707806
2024-10-20T04:00:00,0.12934273,0.28838336
2024-10-20T05:00:00,0.054798815,-0.4242364
2024-10-20T06:00:00,2.986446e-05,-0.31186518
2024-10-20T07:00:00,7.218949e-07,-0.00017005412
2024-10-20T08:00:00,0.0,-4.160885e-06
2024-10-20T09:00:00,0.0,0.0
2024-10-20T10:00:00,0.16418342,1.1640705
2024-10-20T11:00:00,0.16634566,0.015694572
2024-10-20T12:00:00,0.005805755,-0.9386948
2024-10-20T13:00:00,0.34035295,2.31922
2024-10-20T14:00:00,0.6716466,2.2976096
2024-10-20T15:00:00,0.49267998,-1.0311599
2024-10-20T16:00:00,0.46288353,-0.16868019
2024-10-20T17:00:00,0.43328723,-0.16754307
2024-10-20T18:00:00,0.18220936,-1.4590135
2024-10-20T19:00:00,0.0009368002,-1.0588186
2024-10-20T20:00:00,0.0,-0.0054092743
2024-10-20T21:00:00,0.0,0.0
2024-10-20T22:00:00,0.0,0.0
2024-10-20T23:00:00,0.0,0.0
2024-10-21T00:00:00,0.0,0.0
2024-10-21T01:00:00,0.0,0.0
2024-10-21T02:00:00,0.0,0.0
2024-10-21T03:00:00,0.0,0.0
2024-10-21T04:00:00,0.0,0.0
2024-10-21T05:00:00,0.0,0.0
2024-10-21T06:00:00,0.0,0.0
2024-10-21T07:00:00,0.0,0.0
2024-10-21T08:00:00,0.009361774,0.06787835
2024-10-21T09:00:00,0.1694807,1.1358924
2024-10-21T10:00:00,0.09802848,-0.40649268
2024-10-21T11:00:00,0.41537848,2.2048054
2024-10-21T12:00:00,0.52564913,0.7877687
2024-10-21T13:00:00,0.67313343,1.0481033
2024-10-21T14:00:00,0.7330086,0.4308754
2024-10-21T15:00:00,0.7706322,0.27163917
2024-10-21T16:00:00,0.7440055,-0.15067959
2024-10-21T17:00:00,0.8085102,0.46387553
2024-10-21T18:00:00,0.6711741,-0.78741306
2024-10-21T19:00:00,0.49840945,-0.99469674
2024-10-21T20:00:00,0.3283627,-0.9787339
2024-10-21T21:00:00,0.122044414,-1.1926006
2024-10-21T22:00:00,0.0,-0.7005386
2024-10-21T23:00:00,0.0,0.0
2024-10-22T00:00:00,0.0,0.0
2024-10-22T01:00:00,0.0,0.0
2024-10-22T02:00:00,0.0,0.0
2024-10-22T03:00:00,0.0,0.0
2024-10-22T04:00:00,0.0,0.0
2024-10-22T05:00:00,0.0,0.0
2024-10-22T06:00:00,0.0,0.0
2024-10-22T07:00:00,0.0,0.0
2024-10-22T08:00:00,0.0,0.0
2024-10-22T09:00:00,0.12435756,0.8866295
2024-10-22T10:00:00,0.46799764,2.3795278
2024-10-22T11:00:00,0.81437695,2.3976705
2024-10-22T12:00:00,0.9638691,1.0620744
2024-10-22T13:00:00,0.99406654,0.21565913
2024-10-22T14:00:00,0.7825014,-1.2236876
2024-10-22T15:00:00,0.72739905,-0.31287313
2024-10-22T16:00:00,0.6803193,-0.267067
2024-10-22T17:00:00,0.8546671,1.234404
2024-10-22T18:00:00,0.96108353,0.7606527
2024-10-22T19:00:00,0.68377334,-1.61643
2024-10-22T20:00:00,0.2715901,-2.441009
2024-10-22T21:00:00,0.0,-1.594316
2024-10-22T22:00:00,0.0,0.0
2024-10-22T23:00:00,0.0,0.0
2024-10-23T00:00:00,0.0,0.0
2024-10-23T01:00:00,0.0,0.0
2024-10-23T02:00:00,0.0,0.0
2024-10-23T03:00:00,0.0,0.0
2024-10-23T04:00:00,0.0,0.0
2024-10-23T05:00:00,0.0,0.0
2024-10-23T06:00:00,0.0,0.0
2024-10-23T07:00:00,0.0,0.0
2024-10-23T08:00:00,0.0,0.0
2024-10-23T09:00:00,0.0,0.0
2024-10-23T10:00:00,0.2728035,1.9062203
2024-10-23T11:00:00,0.62779593,2.4546406
2024-10-23T12:00:00,0.8082091,1.2762834
2024-10-23T13:00:00,0.9817429,1.2118063
2024-10-23T14:00:00,0.99607164,0.10118388
2024-10-23T15:00:00,0.9973809,0.009479575
2024-10-23T16:00:00,0.89167726,-0.6037882
2024-10-23T17:00:00,0.9010436,0.0679112
2024-10-23T18:00:00,0.89404666,-0.03950365
2024-10-23T19:00:00,0.74146664,-0.8763908
2024-10-23T20:00:00,0.55347896,-1.0842918
2024-10-23T21:00:00,0.36497983,-1.0873077
2024-10-23T22:00:00,0.24324775,-0.6966622
2024-10-23T23:00:00,0.027894739,-1.2461542
2024-10-24T00:00:00,0.0,-0.16055241
2024-10-24T01:00:00,0.0,0.0
2024-10-24T02:00:00,0.0,0.0
2024-10-24T03:00:00,0.0,0.0
2024-10-24T04:00:00,0.0,0.0
2024-10-24T05:00:00,0.0,0.0
2024-10-24T06:00:00,0.0,0.0
2024-10-24T07:00:00,0.0,0.0
2024-10-24T08:00:00,0.0,0.0
2024-10-24T09:00:00,0.0,0.0
2024-10-24T10:00:00,0.0,0.0
2024-10-24T11:00:00,0.1344747,0.9573941
2024-10-24T12:00:00,0.4650937,2.2931266
2024-10-24T13:00:00,0.807478,2.3712065
2024-10-24T14:00:00,0.96765924,1.1363244
2024-10-24T15:00:00,0.9947448,0.19125564
2024-10-24T16:00:00,0.99724704,0.017907208
2024-10-24T17:00:00,0.9975133,0.001892638
2024-10-24T18:00:00,0.9938145,-0.020874478
2024-10-24T19:00:00,0.80176336,-1.1082615
2024-10-24T20:00:00,0.61141807,-1.0981964
2024-10-24T21:00:00,0.36523092,-1.4297706
2024-10-24T22:00:00,0.17916298,-1.0729758
2024-10-24T23:00:00,0.09490885,-0.48004863
2024-10-25T00:00:00,0.05909307,-0.20290029
2024-10-25T01:00:00,0.0011473766,-0.33476865
2024-10-25T02:00:00,0.0,-0.006581391
2024-10-25T03:00:00,0.0,0.0
2024-10-25T04:00:00,0.0,0.0
2024-10-25T05:00:00,0.0,0.0
2024-10-25T06:00:00,0.0,0.0
2024-10-25T07:00:00,0.0,0.0
2024-10-25T08:00:00,0.0,0.0
2024-10-25T09:00:00,0.2154646,1.5170163
2024-10-25T10:00:00,0.5425676,2.2697504
2024-10-25T11:00:00,0.8448771,2.1043527
2024-10-25T12:00:00,0.98510796,0.9770017
2024-10-25T13:00:00,0.9962414,0.07951949
2024-10-25T14:00:00,0.99740666,0.008265119
2024-10-25T15:00:00,0.99752057,0.0008073444
2024-10-25T16:00:00,0.9975316,7.835172e-05
2024-10-25T17:00:00,0.99753267,7.779424e-06
2024-10-25T18:00:00,0.97627383,-0.12022667
2024-10-25T19:00:00,0.7188425,-1.4970518
2024-10-25T20:00:00,0.39707097,-1.8854274
2024-10-25T21:00:00,0.19981584,-1.138992
2024-10-25T22:00:00,0.052411877,-0.8461428
2024-10-25T23:00:00,0.0,-0.29863453
2024-10-26T00:00:00,0.0,0.0
2024-10-26T01:00:00,0.0,0.0
2024-10-26T02:00:00,0.0,0.0
2024-10-26T03:00:00,0.0,0.0
2024-10-26T04:00:00,0.0,0.0
2024-10-26T05:00:00,0.0,0.0
2024-10-26T06:00:00,0.0,0.0
2024-10-26T07:00:00,0.0,0.0
2024-10-26T08:00:00,0.0,0.0
2024-10-26T09:00:00,0.11473234,0.81912243
2024-10-26T10:00:00,0.3436847,1.6090757
2024-10-26T11:00:00,0.6110193,1.869339
2024-10-26T12:00:00,0.92158365,2.1595302
2024-10-26T13:00:00,0.99122274,0.48601323
2024-10-26T14:00:00,0.99692136,0.04032064
2024-10-26T15:00:00,0.9974644,0.0038492589
2024-10-26T16:00:00,0.9975171,0.00037366888
2024-10-26T17:00:00,0.99752223,3.644778e-05
2024-10-26T18:00:00,0.9975228,3.6412002e-06
2024-10-26T19:00:00,0.7949239,-1.1705866
2024-10-26T20:00:00,0.57163167,-1.2933074
2024-10-26T21:00:00,0.43791476,-0.76633483
2024-10-26T22:00:00,0.15656537,-1.6407536
2024-10-26T23:00:00,0.0,-0.9028382
2024-10-27T00:00:00,0.0,0.0
2024-10-27T01:00:00,0.0,0.0
2024-10-27T02:00:00,0.0,0.0
2024-10-27T03:00:00,0.0,0.0
2024-10-27T04:00:00,0.0,0.0
2024-10-27T05:00:00,0.0,0.0
2024-10-27T06:00:00,0.0,0.0
2024-10-27T07:00:00,0.0,0.0
2024-10-27T08:00:00,0.0,0.0
2024-10-27T09:00:00,0.044869304,0.3236048
2024-10-27T10:00:00,0.2752644,1.6189044
2024-10-27T11:00:00,0.43957567,1.1649562
2024-10-27T12:00:00,0.75521874,2.1934233
2024-10-27T13:00:00,0.9778049,1.5506904
2024-10-27T14:00:00,0.99337447,0.11278269
2024-10-27T15:00:00,0.99711275,0.026485506
2024-10-27T16:00:00,0.7934492,-1.1768861
2024-10-27T17:00:00,0.83545095,0.30305213
2024-10-27T18:00:00,0.44382465,-2.3136697
2024-10-27T19:00:00,0.09969137,-2.0217662
2024-10-27T20:00:00,0.0,-0.5834491
2024-10-27T21:00:00,0.0,0.0
2024-10-27T22:00:00,0.0,0.0
2024-10-27T23:00:00,0.0,0.0
2024-10-28T00:00:00,0.0,0.0
2024-10-28T01:00:00,0.0,0.0
2024-10-28T02:00:00,0.0,0.0
2024-10-28T03:00:00,0.0,0.0
2024-10-28T04:00:00,0.0,0.0
2024-10-28T05:00:00,0.0,0.0
2024-10-28T06:00:00,0.0,0.0
2024-10-28T07:00:00,0.0,0.0
2024-10-28T08:00:00,0.0,0.0
2024-10-28T09:00:00,0.0,0.0
2024-10-28T10:00:00,0.14071125,1.0009184
2024-10-28T11:00:00,0.0013323368,-0.8102498
2024-10-28T12:00:00,0.18420671,1.2932577
2024-10-28T13:00:00,0.0007458798,-1.0669231
2024-10-28T14:00:00,0.0,-0.0043329084
2024-10-28T15:00:00,0.0,0.0
2024-10-28T16:00:00,0.0,0.0
2024-10-28T17:00:00,0.0,0.0
2024-10-28T18:00:00,0.0,0.0
2024-10-28T19:00:00,0.0,0.0
2024-10-28T20:00:00,0.0,0.0
2024-10-28T21:00:00,0.008821189,0.063964024
2024-10-28T22:00:00,0.00011445049,-0.049828574
2024-10-28T23:00:00,2.5037946e-07,-0.00065499893
2024-10-29T00:00:00,1.996745e-09,-1.4360606e-06
2024-10-29T01:00:00,0.0,-1.1372226e-08
2024-10-29T02:00:00,0.0,0.0
2024-10-29T03:00:00,0.0,0.0
2024-10-29T04:00:00,0.0,0.0
2024-10-29T05:00:00,0.0,0.0
2024-10-29T06:00:00,0.0,0.0
2024-10-29T07:00:00,0.0,0.0
2024-10-29T08:00:00,0.0,0.0
2024-10-29T09:00:00,0.0,0.0
2024-10-29T10:00:00,0.31906107,2.2162101
2024-10-29T11:00:00,0.6410909,2.2359874
2024-10-29T12:00:00,0.9188281,1.9394498
2024-10-29T13:00:00,0.98990476,0.5034963
2024-10-29T14:00:00,0.9967342,0.04860335
2024-10-29T15:00:00,0.9974194,0.0048946864
2024-10-29T16:00:00,0.9974911,0.0005092859
2024-10-29T17:00:00,0.99749815,5.0375285e-05
2024-10-29T18:00:00,0.99749887,5.3616063e-06
2024-10-29T19:00:00,0.7948379,-1.1709538
2024-10-29T20:00:00,0.45722583,-1.9819341
2024-10-29T21:00:00,0.3599134,-0.55530614
2024-10-29T22:00:00,0.35432643,-0.031537976
2024-10-29T23:00:00,0.33498284,-0.109370396
2024-10-30T00:00:00,0.24193585,-0.5306981
2024-10-30T01:00:00,0.025904356,-1.2501805
2024-10-30T02:00:00,0.0,-0.14980468
2024-10-30T03:00:00,0.0,0.0
2024-10-30T04:00:00,0.0,0.0
2024-10-30T05:00:00,0.0,0.0
2024-10-30T06:00:00,0.0,0.0
2024-10-30T07:00:00,0.0,0.0
2024-10-30T08:00:00,0.0,0.0
2024-10-30T09:00:00,0.22273538,1.5666816
2024-10-30T10:00:00,0.3916435,1.196787
2024-10-30T11:00:00,0.56951255,1.258725
2024-10-30T12:00:00,0.8031389,1.6409038
2024-10-30T13:00:00,0.88350695,0.57662
2024-10-30T14:00:00,0.98570216,0.7294888
2024-10-30T15:00:00,0.99625707,0.07543584
2024-10-30T16:00:00,0.9360473,-0.34207946
2024-10-30T17:00:00,0.82808894,-0.61683184
2024-10-30T18:00:00,0.72858316,-0.5679695
2024-10-30T19:00:00,0.62425804,-0.59581685
2024-10-30T20:00:00,0.4051726,-1.2683113
2024-10-30T21:00:00,0.12389611,-1.6403143
2024-10-30T22:00:00,0.0,-0.7187906
2024-10-30T23:00:00,0.0,0.0
2024-10-31T00:00:00,0.0,0.0
2024-10-31T01:00:00,0.021142978,0.15302706
2024-10-31T02:00:00,9.7840806e-05,-0.11965313
2024-10-31T03:00:00,0.0,-0.0005523903
2024-10-31T04:00:00,0.040816363,0.29455122
2024-10-31T05:00:00,0.06977327,0.20933694
2024-10-31T06:00:00,0.054571826,-0.08590832
2024-10-31T07:00:00,0.026014114,-0.16164385
2024-10-31T08:00:00,0.00027086106,-0.14724644
2024-10-31T09:00:00,0.103415735,0.7376132
2024-10-31T10:00:00,0.39251828,2.0158446
2024-10-31T11:00:00,0.7144312,2.2352087
2024-10-31T12:00:00,0.97415984,1.8115097
2024-10-31T13:00:00,0.99517727,0.14923753
2024-10-31T14:00:00,0.9972559,0.014725215
2024-10-31T15:00:00,0.9974565,0.0014217653
2024-10-31T16:00:00,0.997476,0.0001381126
2024-10-31T17:00:00,0.9974778,1.3371311e-05
2024-10-31T18:00:00,0.99747807,1.5456822e-06
2024-10-31T19:00:00,0.809117,-1.0864935
2024-10-31T20:00:00,0.62949187,-1.0350348
2024-10-31T21:00:00,0.46694785,-0.9347217
2024-10-31T22:00:00,0.34663418,-0.6884295
2024-10-31T23:00:00,0.27095312,-0.4307659
2024-11-01T00:00:00,0.23945558,-0.17834595
2024-11-01T01:00:00,0.082587875,-0.90147495
2024-11-01T02:00:00,0.066568255,-0.09054085
2024-11-01T03:00:00,0.000550424,-0.37623525
2024-11-01T04:00:00,0.026505772,0.18772215
2024-11-01T05:00:00,4.3242064e-05,-0.15011074
2024-11-01T06:00:00,0.047786914,0.3441888
2024-11-01T07:00:00,0.0,-0.27125114
2024-11-01T08:00:00,0.0,0.0
2024-11-01T09:00:00,0.27072844,1.8922324
2024-11-01T10:00:00,0.59395164,2.2439332
2024-11-01T11:00:00,0.9032279,2.1509275
2024-11-01T12:00:00,0.98742837,0.60313594
2024-11-01T13:00:00,0.988635,0.008759649
2024-11-01T14:00:00,0.9966184,0.05652759
2024-11-01T15:00:00,0.9973851,0.0054336307
2024-11-01T16:00:00,0.79442865,-1.172702
2024-11-01T17:00:00,0.45534286,-1.9909304
2024-11-01T18:00:00,0.5969003,1.0068182
2024-11-01T19:00:00,0.40882942,-1.0847824
2024-11-01T20:00:00,0.3065591,-0.58394
2024-11-01T21:00:00,0.09019063,-1.2521803
2024-11-01T22:00:00,0.00069946214,-0.5219565
2024-11-01T23:00:00,0.0,-0.0040677227
2024-11-02T00:00:00,0.0,0.0
2024-11-02T01:00:00,0.0,0.0
2024-11-02T02:00:00,0.0,0.0
2024-11-02T03:00:00,0.0,0.0
2024-11-02T04:00:00,0.0,0.0
2024-11-02T05:00:00,0.0,0.0
2024-11-02T06:00:00,0.0,0.0
2024-11-02T07:00:00,0.0,0.0
2024-11-02T08:00:00,0.0,0.0
2024-11-02T09:00:00,0.0,0.0
2024-11-02T10:00:00,0.0,0.0
2024-11-02T11:00:00,0.2577695,1.8047135
2024-11-02T12:00:00,0.5646521,2.134934
2024-11-02T13:00:00,0.8495799,1.9878078
2024-11-02T14:00:00,0.9851835,0.9464122
2024-11-02T15:00:00,0.99614984,0.0785444
2024-11-02T16:00:00,0.99732506,0.008359303
2024-11-02T17:00:00,0.79421276,-1.1736242
2024-11-02T18:00:00,0.44887468,-2.029132
2024-11-02T19:00:00,0.16068183,-1.6820163
2024-11-02T20:00:00,0.0,-0.9279917
2024-11-02T21:00:00,0.0,0.0
2024-11-02T22:00:00,0.0,0.0
2024-11-02T23:00:00,0.0,0.0
2024-11-03T00:00:00,0.0,0.0
2024-11-03T01:00:00,0.0,0.0
2024-11-03T02:00:00,0.0,0.0
2024-11-03T03:00:00,0.0,0.0
2024-11-03T04:00:00,0.0,0.0
2024-11-03T05:00:00,0.0,0.0
2024-11-03T06:00:00,0.0,0.0
2024-11-03T07:00:00,0.0,0.0
2024-11-03T08:00:00,0.0,0.0
2024-11-03T09:00:00,0.30237204,2.1047714
2024-11-03T10:00:00,0.0018511201,-1.7792554
2024-11-03T11:00:00,0.0,-0.010910172
2024-11-03T12:00:00,0.0,0.0
2024-11-03T13:00:00,0.0,0.0
2024-11-03T14:00:00,0.3507956,2.4268956
2024-11-03T15:00:00,0.70895815,2.4755802
2024-11-03T16:00:00,0.97497225,1.8463129
2024-11-03T17:00:00,0.99539834,0.14381334
2024-11-03T18:00:00,0.9972156,0.013085618
2024-11-03T19:00:00,0.7938192,-1.1753055
2024-11-03T20:00:00,0.55150026,-1.406665
2024-11-03T21:00:00,0.363983,-1.0815184
2024-11-03T22:00:00,0.2289778,-0.7738358
2024-11-03T23:00:00,0.075142875,-0.8837297
2024-11-04T00:00:00,0.005316938,-0.39716446
2024-11-04T01:00:00,0.00016700385,-0.030242324
2024-11-04T02:00:00,0.0,-0.00097430317
2024-11-04T03:00:00,0.0,0.0
2024-11-04T04:00:00,0.0,0.0
2024-11-04T05:00:00,0.0,0.0
2024-11-04T06:00:00,0.0,0.0
2024-11-04T07:00:00,0.0,0.0
2024-11-04T08:00:00,0.0,0.0
2024-11-04T09:00:00,0.0,0.0
2024-11-04T10:00:00,0.20480755,1.444052
2024-11-04T11:00:00,0.44434136,1.6810776
2024-11-04T12:00:00,0.7202033,1.9268242
2024-11-04T13:00:00,0.9750591,1.7742798
2024-11-04T14:00:00,0.9953966,0.14319372
2024-11-04T15:00:00,0.99723625,0.013032857
2024-11-04T16:00:00,0.9974139,0.00125911
2024-11-04T17:00:00,0.9974311,0.00012232391
2024-11-04T18:00:00,0.89205986,-0.60186595
2024-11-04T19:00:00,0.6990732,-1.1137831
2024-11-04T20:00:00,0.5140428,-1.0668621
2024-11-04T21:00:00,0.36590493,-0.8504294
2024-11-04T22:00:00,0.051032394,-1.8435061
2024-11-04T23:00:00,0.0,-0.29415175
2024-11-05T00:00:00,0.0,0.0
2024-11-05T01:00:00,0.0,0.0
2024-11-05T02:00:00,0.0,0.0
2024-11-05T03:00:00,0.0,0.0
2024-11-05T04:00:00,0.0,0.0
2024-11-05T05:00:00,0.0,0.0
2024-11-05T06:00:00,0.0,0.0
2024-11-05T07:00:00,0.0,0.0
2024-11-05T08:00:00,0.0,0.0
2024-11-05T09:00:00,0.14142545,1.0058979
2024-11-05T10:00:00,0.48923758,2.4071555
2024-11-05T11:00:00,0.8341027,2.387643
2024-11-05T12:00:00,0.9833294,1.0452559
2024-11-05T13:00:00,0.86781794,-0.6605767
2024-11-05T14:00:00,0.9871582,0.82946974
2024-11-05T15:00:00,0.99635625,0.06568805
2024-11-05T16:00:00,0.9973186,0.006820078
2024-11-05T17:00:00,0.99741095,0.00066083355
2024-11-05T18:00:00,0.95474625,-0.2418959
2024-11-05T19:00:00,0.7971106,-0.90597034
2024-11-05T20:00:00,0.53359586,-1.5335263
2024-11-05T21:00:00,0.40827325,-0.7175149
2024-11-05T22:00:00,0.17622122,-1.3454355
2024-11-05T23:00:00,0.24167618,0.47064382
2024-11-06T00:00:00,0.22640017,-0.08633052
2024-11-06T01:00:00,0.01591365,-1.2172939
2024-11-06T02:00:00,0.0,-0.09198891
2024-11-06T03:00:00,0.0,0.0
2024-11-06T04:00:00,0.0,0.0
2024-11-06T05:00:00,0.0,0.0
2024-11-06T06:00:00,0.0,0.0
2024-11-06T07:00:00,0.0,0.0
2024-11-06T08:00:00,0.027083034,0.19584508
2024-11-06T09:00:00,0.20263492,1.2427227
2024-11-06T10:00:00,0.44066337,1.670846
2024-11-06T11:00:00,0.6461591,1.4487697
2024-11-06T12:00:00,0.89038026,1.7129115
2024-11-06T13:00:00,0.9866792,0.6850018
2024-11-06T14:00:00,0.99636966,0.06868517
2024-11-06T15:00:00,0.9973103,0.006665856
2024-11-06T16:00:00,0.9974003,0.00064584916
2024-11-06T17:00:00,0.99741006,6.982662e-05
2024-11-06T18:00:00,0.9782031,-0.10859619
2024-11-06T19:00:00,0.7257219,-1.4674107
2024-11-06T20:00:00,0.4796693,-1.4289666
2024-11-06T21:00:00,0.23639311,-1.412381
2024-11-06T22:00:00,0.00029943648,-1.3724202
2024-11-06T23:00:00,4.037743e-06,-0.001740634
2024-11-07T00:00:00,0.0,-2.3464638e-05
2024-11-07T01:00:00,0.0011936635,0.008665483
2024-11-07T02:00:00,6.6248763e-06,-0.0067348965
2024-11-07T03:00:00,0.08313478,0.59618473
2024-11-07T04:00:00,0.0,-0.47404632
2024-11-07T05:00:00,0.0,0.0
2024-11-07T06:00:00,0.0,0.0
2024-11-07T07:00:00,0.0,0.0
2024-11-07T08:00:00,0.0,0.0
2024-11-07T09:00:00,0.0,0.0
2024-11-07T10:00:00,0.11673609,0.8331907
2024-11-07T11:00:00,0.34589532,1.6104852
2024-11-07T12:00:00,0.6352807,2.0177433
2024-11-07T13:00:00,0.8017522,1.1799194
2024-11-07T14:00:00,0.98035616,1.2521547
2024-11-07T15:00:00,0.9958243,0.109083205
2024-11-07T16:00:00,0.9972479,0.010086688
2024-11-07T17:00:00,0.99738413,0.0009756146
2024-11-07T18:00:00,0.9973986,0.00010356991
2024-11-07T19:00:00,0.8002898,-1.1381273
2024-11-07T20:00:00,0.75670755,-0.24712488
2024-11-07T21:00:00,0.6600256,-0.5516673
2024-11-07T22:00:00,0.51878005,-0.810202
2024-11-07T23:00:00,0.42030892,-0.5619951
2024-11-08T00:00:00,0.2704345,-0.8605751
2024-11-08T01:00:00,0.14170061,-0.7373428
2024-11-08T02:00:00,0.111152224,-0.17295223
2024-11-08T03:00:00,0.1210246,0.071575016
2024-11-08T04:00:00,0.1537967,0.23678298
2024-11-08T05:00:00,0.111274205,-0.24108553
2024-11-08T06:00:00,0.06770965,-0.24702406
2024-11-08T07:00:00,0.042157106,-0.14458248
2024-11-08T08:00:00,0.0009523179,-0.23853512
2024-11-08T09:00:00,0.2274327,1.5922271
2024-11-08T10:00:00,0.5573393,2.2883918
2024-11-08T11:00:00,0.882316,2.2556043
2024-11-08T12:00:00,0.9879394,0.7364775
2024-11-08T13:00:00,0.99645764,0.060483903
2024-11-08T14:00:00,0.9972996,0.0059669986
2024-11-08T15:00:00,0.9973812,0.0005783275
2024-11-08T16:00:00,0.9490254,-0.27434722
2024-11-08T17:00:00,0.7317413,-1.2576153
2024-11-08T18:00:00,0.60885954,-0.70333725
2024-11-08T19:00:00,0.40603805,-1.1719035
2024-11-08T20:00:00,0.27085027,-0.77489907
2024-11-08T21:00:00,0.18409777,-0.49442935
2024-11-08T22:00:00,0.09073207,-0.532536
2024-11-08T23:00:00,0.0006455586,-0.51751435
2024-11-09T00:00:00,0.0,-0.0036576805
2024-11-09T01:00:00,0.0,0.0
2024-11-09T02:00:00,0.0,0.0
2024-11-09T03:00:00,0.0,0.0
2024-11-09T04:00:00,0.0,0.0
2024-11-09T05:00:00,0.0,0.0
2024-11-09T06:00:00,0.0047545726,0.0344975
2024-11-09T07:00:00,0.00017898316,-0.02684079
2024-11-09T08:00:00,0.03604816,0.25904027
2024-11-09T09:00:00,0.21641766,1.2759818
2024-11-09T10:00:00,0.32321626,0.7633429
2024-11-09T11:00:00,0.36934868,0.3326523
2024-11-09T12:00:00,0.2976374,-0.40797904
2024-11-09T13:00:00,0.2913266,-0.035626944
2024-11-09T14:00:00,0.52534586,1.6435776
2024-11-09T15:00:00,0.6491314,0.8826228
2024-11-09T16:00:00,0.78699476,0.98105246
2024-11-09T17:00:00,0.7691798,-0.100709096
2024-11-09T18:00:00,0.620426,-0.8540278
2024-11-09T19:00:00,0.52453345,-0.54711187
2024-11-09T20:00:00,0.40913737,-0.6599076
2024-11-09T21:00:00,0.20225564,-1.1959372
2024-11-09T22:00:00,0.00318831,-1.1691947
2024-11-09T23:00:00,0.0,-0.018595703
2024-11-10T00:00:00,0.0,0.0
2024-11-10T01:00:00,0.091728084,0.6570456
2024-11-10T02:00:00,0.16720398,0.5419051
2024-11-10T03:00:00,0.17543586,0.059696153
2024-11-10T04:00:00,0.14667888,-0.16277555
2024-11-10T05:00:00,0.0038972753,-0.83025897
2024-11-10T06:00:00,8.888563e-06,-0.022662217
2024-11-10T07:00:00,0.0,-5.1778876e-05
2024-11-10T08:00:00,0.029663144,0.21441984
2024-11-10T09:00:00,0.28446904,1.784659
2024-11-10T10:00:00,0.4907125,1.4538946
2024-11-10T11:00:00,0.75512797,1.8496325
2024-11-10T12:00:00,0.9769358,1.550354
2024-11-10T13:00:00,0.9954918,0.13077612
2024-11-10T14:00:00,0.997188,0.012017072
2024-11-10T15:00:00,0.9973518,0.001161528
2024-11-10T16:00:00,0.99736774,0.00011286193
2024-11-10T17:00:00,0.9973693,1.100895e-05
2024-11-10T18:00:00,0.99736947,1.0906824e-06
2024-11-10T19:00:00,0.99736947,-5.373219e-08
2024-11-10T20:00:00,0.93154687,-0.37421688
2024-11-10T21:00:00,0.89971524,-0.18024467
2024-11-10T22:00:00,0.58383393,-1.8496315
2024-11-10T23:00:00,0.32036653,-1.5332421
2024-11-11T00:00:00,0.23815326,-0.4683076
2024-11-11T01:00:00,0.017392008,-1.2782657
2024-11-11T02:00:00,0.0,-0.0994195
2024-11-11T03:00:00,0.0,0.0
2024-11-11T04:00:00,0.0,0.0
2024-11-11T05:00:00,0.0,0.0
2024-11-11T06:00:00,0.0,0.0
2024-11-11T07:00:00,0.0,0.0
2024-11-11T08:00:00,0.15061937,1.0699145
2024-11-11T09:00:00,0.34652087,1.3829218
2024-11-11T10:00:00,0.55039465,1.4376493
2024-11-11T11:00:00,0.8441236,2.0468814
2024-11-11T12:00:00,0.9847677,0.98071474
2024-11-11T13:00:00,0.9961798,0.080587745
2024-11-11T14:00:00,0.9972452,0.0075496216
2024-11-11T15:00:00,0.99734837,0.000731194
2024-11-11T16:00:00,0.9973584,7.0866205e-05
2024-11-11T17:00:00,0.99735934,6.7789333e-06
2024-11-11T18:00:00,0.99735945,6.753835e-07
2024-11-11T19:00:00,0.7943365,-1.1730957
2024-11-11T20:00:00,0.48125622,-1.8326266
2024-11-11T21:00:00,0.091337696,-2.303118
2024-11-11T22:00:00,7.523016e-05,-0.53950113
2024-11-11T23:00:00,0.0,-0.00044361138
2024-11-12T00:00:00,0.0,0.0
2024-11-12T01:00:00,0.0,0.0
2024-11-12T02:00:00,0.0,0.0
2024-11-12T03:00:00,0.0,0.0
2024-11-12T04:00:00,0.0,0.0
2024-11-12T05:00:00,0.0,0.0
2024-11-12T06:00:00,0.0,0.0
2024-11-12T07:00:00,0.0,0.0
2024-11-12T08:00:00,0.0,0.0
2024-11-12T09:00:00,0.0,0.0
2024-11-12T10:00:00,0.29875717,2.0805743
2024-11-12T11:00:00,0.63922673,2.3585145
2024-11-12T12:00:00,0.9709052,2.2919977
2024-11-12T13:00:00,0.9949727,0.16924417
2024-11-12T14:00:00,0.9971201,0.01521119
2024-11-12T15:00:00,0.99732715,0.001467904
2024-11-12T16:00:00,0.9973473,0.0001426708
2024-11-12T17:00:00,0.99734926,1.37333145e-05
2024-11-12T18:00:00,0.99734944,1.1447449e-06
2024-11-12T19:00:00,0.79430044,-1.1732496
2024-11-12T20:00:00,0.46452597,-1.9341402
2024-11-12T21:00:00,0.18788567,-1.612398
2024-11-12T22:00:00,0.0021330423,-1.0950917
2024-11-12T23:00:00,1.1265008e-05,-0.012575203
2024-11-13T00:00:00,0.0,-6.674144e-05
2024-11-13T01:00:00,0.0,0.0
2024-11-13T02:00:00,0.0,0.0
2024-11-13T03:00:00,0.0,0.0
2024-11-13T04:00:00,0.0,0.0
2024-11-13T05:00:00,0.0,0.0
2024-11-13T06:00:00,0.0,0.0
2024-11-13T07:00:00,0.0,0.0
2024-11-13T08:00:00,0.0,0.0
2024-11-13T09:00:00,0.23086198,1.6220839
2024-11-13T10:00:00,0.5641679,2.3109775
2024-11-13T11:00:00,0.9229143,2.479435
2024-11-13T12:00:00,0.9915659,0.47632337
2024-11-13T13:00:00,0.9967877,0.03695102
2024-11-13T14:00:00,0.9972859,0.0035310348
2024-11-13T15:00:00,0.99733424,0.00034269315
2024-11-13T16:00:00,0.99733895,3.3319488e-05
2024-11-13T17:00:00,0.9973394,3.1832133e-06
2024-11-13T18:00:00,0.81994116,-1.021934
2024-11-13T19:00:00,0.44060177,-2.2378454
2024-11-13T20:00:00,0.033111732,-2.4118843
2024-11-13T21:00:00,0.0,-0.19329414
2024-11-13T22:00:00,0.0,0.0
2024-11-13T23:00:00,0.0,0.0
2024-11-14T00:00:00,0.09343286,0.66909254
2024-11-14T01:00:00,0.00039813327,-0.5344081
2024-11-14T02:00:00,2.112635e-06,-0.0022869487
2024-11-14T03:00:00,0.0,-1.19977785e-05
2024-11-14T04:00:00,0.0,0.0
2024-11-14T05:00:00,0.0,0.0
2024-11-14T06:00:00,0.0,0.0
2024-11-14T07:00:00,0.0,0.0
2024-11-14T08:00:00,0.0,0.0
2024-11-14T09:00:00,0.040732246,0.29394785
2024-11-14T10:00:00,0.32797945,2.003388
2024-11-14T11:00:00,0.5598465,1.6289281
2024-11-14T12:00:00,0.83432645,1.917516
2024-11-14T13:00:00,0.9816291,1.0432185
2024-11-14T14:00:00,0.99587125,0.10047642
2024-11-14T15:00:00,0.99717605,0.009326015
2024-11-14T16:00:00,0.86725724,-0.7442337
2024-11-14T17:00:00,0.87653095,0.06724077
2024-11-14T18:00:00,0.51603574,-2.1219707
2024-11-14T19:00:00,0.19212116,-1.8984629
2024-11-14T20:00:00,0.11990934,-0.41085097
2024-11-14T21:00:00,0.0042534526,-0.6822272
2024-11-14T22:00:00,0.0,-0.0242579
2024-11-14T23:00:00,0.0,0.0
2024-11-15T00:00:00,0.0,0.0
2024-11-15T01:00:00,0.0,0.0
2024-11-15T02:00:00,0.0,0.0
2024-11-15T03:00:00,0.0,0.0
2024-11-15T04:00:00,0.0,0.0
2024-11-15T05:00:00,0.0,0.0
2024-11-15T06:00:00,0.0,0.0
2024-11-15T07:00:00,0.0,0.0
2024-11-15T08:00:00,0.0,0.0
2024-11-15T09:00:00,0.0,0.0
2024-11-15T10:00:00,0.2557731,1.7912055
2024-11-15T11:00:00,0.5909157,2.3231728
2024-11-15T12:00:00,0.8504897,1.8169171
2024-11-15T13:00:00,0.73048097,-0.68665975
2024-11-15T14:00:00,0.67588437,-0.309983
2024-11-15T15:00:00,0.4637046,-1.2273319
2024-11-15T16:00:00,0.26399556,-1.1534956
2024-11-15T17:00:00,0.0395037,-1.3004398
2024-11-15T18:00:00,0.00024330284,-0.22883764
2024-11-15T19:00:00,1.0716232e-06,-0.0014181427
2024-11-15T20:00:00,2.1038513e-09,-6.273818e-06
2024-11-15T21:00:00,8.548762e-12,-1.2341227e-08
2024-11-15T22:00:00,2.288314e-14,-5.0351782e-11
2024-11-15T23:00:00,0.0,-1.3431605e-13
2024-11-16T00:00:00,0.0,0.0
2024-11-16T01:00:00,0.0,0.0
2024-11-16T02:00:00,0.0,0.0
2024-11-16T03:00:00,0.0,0.0
2024-11-16T04:00:00,0.0,0.0
2024-11-16T05:00:00,0.0,0.0
2024-11-16T06:00:00,0.0,0.0
2024-11-16T07:00:00,0.0,0.0
2024-11-16T08:00:00,0.0,0.0
2024-11-16T09:00:00,0.0,0.0
2024-11-16T10:00:00,0.0,0.0
2024-11-16T11:00:00,0.21222639,1.4948667
2024-11-16T12:00:00,0.2817928,0.49990618
2024-11-16T13:00:00,0.2655577,-0.0917609
2024-11-16T14:00:00,0.00845156,-1.5009364
2024-11-16T15:00:00,0.0,-0.04808291
2024-11-16T16:00:00,0.3119287,2.1686392
2024-11-16T17:00:00,0.61182624,2.08821
2024-11-16T18:00:00,0.75322455,1.0057087
2024-11-16T19:00:00,0.625947,-0.72887605
2024-11-16T20:00:00,0.43039438,-1.1289341
2024-11-16T21:00:00,0.18397777,-1.431142
2024-11-16T22:00:00,0.003169098,-1.0685087
2024-11-16T23:00:00,7.2992575e-06,-0.018728133
2024-11-17T00:00:00,0.0,-4.310738e-05
2024-11-17T01:00:00,0.118645,0.84658575
2024-11-17T02:00:00,0.11706596,-0.008909315
2024-11-17T03:00:00,0.004655393,-0.66051376
2024-11-17T04:00:00,0.0,-0.027101802
2024-11-17T05:00:00,0.0,0.0
2024-11-17T06:00:00,0.0,0.0
2024-11-17T07:00:00,0.0,0.0
2024-11-17T08:00:00,0.0,0.0
2024-11-17T09:00:00,0.20447756,1.4417896
2024-11-17T10:00:00,0.048939787,-0.8936918
2024-11-17T11:00:00,0.0010726245,-0.28119913
2024-11-17T12:00:00,0.0,-0.0062550455
2024-11-17T13:00:00,0.0,0.0
2024-11-17T14:00:00,0.0,0.0
2024-11-17T15:00:00,0.0,0.0
2024-11-17T16:00:00,0.023463594,0.1697639
2024-11-17T17:00:00,0.34656247,2.2431054
2024-11-17T18:00:00,0.6265699,1.9547267
2024-11-17T19:00:00,0.76657605,0.99600106
2024-11-17T20:00:00,0.7644458,-0.012020366
2024-11-17T21:00:00,0.57363194,-1.1009603
2024-11-17T22:00:00,0.1827037,-2.3093562
2024-11-17T23:00:00,0.0,-1.0678724
2024-11-18T00:00:00,0.023810482,0.17226474
2024-11-18T01:00:00,0.00083528337,-0.1348031
2024-11-18T02:00:00,2.7040426e-06,-0.0049008843
2024-11-18T03:00:00,0.0,-1.5720656e-05
2024-11-18T04:00:00,0.0,0.0
2024-11-18T05:00:00,0.0,0.0
2024-11-18T06:00:00,0.0,0.0
2024-11-18T07:00:00,0.0,0.0
2024-11-18T08:00:00,0.00089666125,0.0065096696
2024-11-18T09:00:00,2.5808158e-05,-0.00505892
2024-11-18T10:00:00,0.14583716,1.0364566
2024-11-18T11:00:00,0.4515773,2.1272974
2024-11-18T12:00:00,0.7851074,2.3124661
2024-11-18T13:00:00,0.9807434,1.3579646
2024-11-18T14:00:00,0.99575657,0.105887234
2024-11-18T15:00:00,0.99714005,0.0098024905
2024-11-18T16:00:00,0.9972738,0.0009481473
2024-11-18T17:00:00,0.9972868,9.212453e-05
2024-11-18T18:00:00,0.99728805,8.963666e-06
2024-11-18T19:00:00,0.98601556,-0.06367483
2024-11-18T20:00:00,0.85863245,-0.72948945
2024-11-18T21:00:00,0.50625217,-2.0722256
2024-11-18T22:00:00,0.11890436,-2.2872422
2024-11-18T23:00:00,0.0,-0.7007412
2024-11-19T00:00:00,0.0,0.0
2024-11-19T01:00:00,0.0,0.0
2024-11-19T02:00:00,0.0,0.0
2024-11-19T03:00:00,0.0,0.0
2024-11-19T04:00:00,0.0,0.0
2024-11-19T05:00:00,0.0,0.0
2024-11-19T06:00:00,0.0,0.0
2024-11-19T07:00:00,0.0,0.0
2024-11-19T08:00:00,0.0,0.0
2024-11-19T09:00:00,0.0,0.0
2024-11-19T10:00:00,0.0,0.0
2024-11-19T11:00:00,0.0,0.0
2024-11-19T12:00:00,0.0,0.0
2024-11-19T13:00:00,0.037112705,0.26797122
2024-11-19T14:00:00,0.0137306545,-0.13226739
2024-11-19T15:00:00,0.0004268123,-0.077671446
2024-11-19T16:00:00,5.9068198e-06,-0.0024918462
2024-11-19T17:00:00,0.0,-3.483631e-05
2024-11-19T18:00:00,0.0,0.0
2024-11-19T19:00:00,0.0,0.0
2024-11-19T20:00:00,0.0,0.0
2024-11-19T21:00:00,0.0,0.0
2024-11-19T22:00:00,0.0,0.0
2024-11-19T23:00:00,0.0,0.0
2024-11-20T00:00:00,0.0,0.0
2024-11-20T01:00:00,0.0,0.0
2024-11-20T02:00:00,0.0,0.0
2024-11-20T03:00:00,0.0,0.0
2024-11-20T04:00:00,0.0,0.0
2024-11-20T05:00:00,0.0,0.0
2024-11-20T06:00:00,0.0,0.0
2024-11-20T07:00:00,0.0,0.0
2024-11-20T08:00:00,0.0,0.0
2024-11-20T09:00:00,0.0,0.0
2024-11-20T10:00:00,0.0,0.0
2024-11-20T11:00:00,0.0,0.0
2024-11-20T12:00:00,0.0,0.0
2024-11-20T13:00:00,0.0,0.0
2024-11-20T14:00:00,0.0,0.0
2024-11-20T15:00:00,0.0,0.0
2024-11-20T16:00:00,0.0,0.0
2024-11-20T17:00:00,0.0,0.0
2024-11-20T18:00:00,0.0,0.0
2024-11-20T19:00:00,0.0,0.0
2024-11-20T20:00:00,0.0,0.0
2024-11-20T21:00:00,0.0,0.0
2024-11-20T22:00:00,0.0,0.0
2024-11-20T23:00:00,0.0,0.0
2024-11-21T00:00:00,0.0,0.0
2024-11-21T01:00:00,0.0,0.0
2024-11-21T02:00:00,0.0,0.0
2024-11-21T03:00:00,0.0,0.0
2024-11-21T04:00:00,0.0,0.0
2024-11-21T05:00:00,0.0,0.0
2024-11-21T06:00:00,0.0,0.0
2024-11-21T07:00:00,0.0,0.0
2024-11-21T08:00:00,0.0,0.0
2024-11-21T09:00:00,0.24727906,1.7336586
2024-11-21T10:00:00,0.5380508,2.0270464
2024-11-21T11:00:00,0.82469124,1.9993132
2024-11-21T12:00:00,0.9246896,0.71543443
2024-11-21T13:00:00,0.98956853,0.46456686
2024-11-21T14:00:00,0.9965453,0.04933931
2024-11-21T15:00:00,0.99720675,0.0046876497
2024-11-21T16:00:00,0.8472679,-0.86095154
2024-11-21T17:00:00,0.70375544,-0.82342595
2024-11-21T18:00:00,0.71101415,0.05264677
2024-11-21T19:00:00,0.63069445,-0.4574191
2024-11-21T20:00:00,0.32711655,-1.7750192
2024-11-21T21:00:00,0.00095224386,-1.9126495
2024-11-21T22:00:00,0.0,-0.005575909
2024-11-21T23:00:00,0.064977586,0.46724403
2024-11-22T00:00:00,0.071484536,0.0471996
2024-11-22T01:00:00,0.0027978828,-0.40365586
2024-11-22T02:00:00,0.0,-0.016255213
2024-11-22T03:00:00,0.0,0.0
2024-11-22T04:00:00,0.0,0.0
2024-11-22T05:00:00,0.0,0.0
2024-11-22T06:00:00,0.0,0.0
2024-11-22T07:00:00,0.0,0.0
2024-11-22T08:00:00,0.0,0.0
2024-11-22T09:00:00,0.10284234,0.7354816
2024-11-22T10:00:00,0.45678207,2.4476838
2024-11-22T11:00:00,0.2668243,-1.0959102
2024-11-22T12:00:00,0.49545917,1.6069124
2024-11-22T13:00:00,0.49120578,-0.024006275
2024-11-22T14:00:00,0.5910238,0.7141624
2024-11-22T15:00:00,0.63780785,0.3373186
2024-11-22T16:00:00,0.576473,-0.34851778
2024-11-22T17:00:00,0.51707715,-0.33742294
2024-11-22T18:00:00,0.42245296,-0.5397944
2024-11-22T19:00:00,0.27177456,-0.8652738
2024-11-22T20:00:00,0.15918152,-0.64366484
2024-11-22T21:00:00,0.27539417,0.82951635
2024-11-22T22:00:00,0.31203926,0.26461318
2024-11-22T23:00:00,0.24174912,-0.39982674
2024-11-23T00:00:00,0.0054610763,-1.3751254
2024-11-23T01:00:00,9.4324794e-05,-0.031781822
2024-11-23T02:00:00,0.0,-0.00055308186
2024-11-23T03:00:00,0.0,0.0
2024-11-23T04:00:00,0.0,0.0
2024-11-23T05:00:00,0.0,0.0
2024-11-23T06:00:00,0.0,0.0
2024-11-23T07:00:00,0.0,0.0
2024-11-23T08:00:00,0.0,0.0
2024-11-23T09:00:00,0.0,0.0
2024-11-23T10:00:00,0.0,0.0
2024-11-23T11:00:00,0.0,0.0
2024-11-23T12:00:00,0.07868339,0.5646712
2024-11-23T13:00:00,0.39567676,2.2024276
2024-11-23T14:00:00,0.22337241,-0.9919926
2024-11-23T15:00:00,0.24930786,0.18757868
2024-11-23T16:00:00,0.28522986,0.25941983
2024-11-23T17:00:00,0.21793027,-0.38268057
2024-11-23T18:00:00,0.43560925,1.5321522
2024-11-23T19:00:00,0.5038681,0.4906039
2024-11-23T20:00:00,0.19620074,-1.7997956
2024-11-23T21:00:00,0.0007025389,-1.1477371
2024-11-23T22:00:00,0.0,-0.00409834
2024-11-23T23:00:00,0.0,0.0
2024-11-24T00:00:00,0.0,0.0
2024-11-24T01:00:00,0.063617714,0.45755643
2024-11-24T02:00:00,0.0002827815,-0.36230254
2024-11-24T03:00:00,1.9327836e-06,-0.0016176295
2024-11-24T04:00:00,1.2320706e-08,-1.1132427e-05
2024-11-24T05:00:00,1.15826695e-10,-7.141995e-08
2024-11-24T06:00:00,3.1056063e-13,-6.777893e-10
2024-11-24T07:00:00,0.0,-1.8151e-12
2024-11-24T08:00:00,0.0,0.0
2024-11-24T09:00:00,0.2498109,1.7508246
2024-11-24T10:00:00,0.57607436,2.2641659
2024-11-24T11:00:00,0.85382634,1.9395494
2024-11-24T12:00:00,0.9838884,0.91790974
2024-11-24T13:00:00,0.9960006,0.08550807
2024-11-24T14:00:00,0.9971281,0.007989563
2024-11-24T15:00:00,0.9972372,0.00077325985
2024-11-24T16:00:00,0.9972478,7.516635e-05
2024-11-24T17:00:00,0.79393494,-1.1748109
2024-11-24T18:00:00,0.64842755,-0.8350688
2024-11-24T19:00:00,0.29692185,-2.06687
2024-11-24T20:00:00,0.00062273577,-1.7459145
2024-11-24T21:00:00,0.0,-0.003523238
2024-11-24T22:00:00,0.14111944,1.0037644
2024-11-24T23:00:00,0.10958708,-0.17854384
2024-11-25T00:00:00,0.05793282,-0.2931752
2024-11-25T01:00:00,0.0019392099,-0.32881054
2024-11-25T02:00:00,0.0,-0.011227515
2024-11-25T03:00:00,0.0,0.0
2024-11-25T04:00:00,0.0,0.0
2024-11-25T05:00:00,0.0,0.0
2024-11-25T06:00:00,0.0,0.0
2024-11-25T07:00:00,0.0,0.0
2024-11-25T08:00:00,0.0,0.0
2024-11-25T09:00:00,0.08546181,0.61271447
2024-11-25T10:00:00,0.25411183,1.1950009
2024-11-25T11:00:00,0.5169934,1.8392719
2024-11-25T12:00:00,0.8348468,2.208161
2024-11-25T13:00:00,0.91967034,0.6081946
2024-11-25T14:00:00,0.92969406,0.07267061
2024-11-25T15:00:00,0.86864865,-0.34686133
2024-11-25T16:00:00,0.98531336,0.8229691
2024-11-25T17:00:00,0.99599177,0.07631085
2024-11-25T18:00:00,0.9970955,0.007968644
2024-11-25T19:00:00,0.79338723,-1.1771507
2024-11-25T20:00:00,0.66660047,-0.7260231
2024-11-25T21:00:00,0.32566327,-2.0022368
2024-11-25T22:00:00,0.11151414,-1.2390115
2024-11-25T23:00:00,0.0,-0.64219826
2024-11-26T00:00:00,0.0,0.0
2024-11-26T01:00:00,0.0,0.0
2024-11-26T02:00:00,0.0,0.0
2024-11-26T03:00:00,0.0,0.0
2024-11-26T04:00:00,0.0,0.0
2024-11-26T05:00:00,0.0,0.0
2024-11-26T06:00:00,0.0,0.0
2024-11-26T07:00:00,0.0,0.0
2024-11-26T08:00:00,0.0,0.0
2024-11-26T09:00:00,0.0,0.0
2024-11-26T10:00:00,0.18218227,1.2884855
2024-11-26T11:00:00,0.5239148,2.366887
2024-11-26T12:00:00,0.8615747,2.3398795
2024-11-26T13:00:00,0.9855537,0.8681787
2024-11-26T14:00:00,0.9961308,0.074708916
2024-11-26T15:00:00,0.9971079,0.0070148343
2024-11-26T16:00:00,0.99721533,0.0007613658
2024-11-26T17:00:00,0.99722576,7.395356e-05
2024-11-26T18:00:00,0.9972268,7.195987e-06
2024-11-26T19:00:00,0.7938593,-1.1751342
2024-11-26T20:00:00,0.37317935,-2.4938176
2024-11-26T21:00:00,0.0,-2.204796
2024-11-26T22:00:00,0.0,0.0
2024-11-26T23:00:00,0.0,0.0
2024-11-27T00:00:00,0.0,0.0
2024-11-27T01:00:00,0.0,0.0
2024-11-27T02:00:00,0.0,0.0
2024-11-27T03:00:00,0.0,0.0
2024-11-27T04:00:00,0.0,0.0
2024-11-27T05:00:00,0.0,0.0
2024-11-27T06:00:00,0.0,0.0
2024-11-27T07:00:00,0.0,0.0
2024-11-27T08:00:00,0.0,0.0
2024-11-27T09:00:00,0.0,0.0
2024-11-27T10:00:00,0.20846437,1.4691113
2024-11-27T11:00:00,0.09925628,-0.6240643
2024-11-27T12:00:00,0.42545477,2.2637339
2024-11-27T13:00:00,0.7748041,2.4173281
2024-11-27T14:00:00,0.97662926,1.4234424
2024-11-27T15:00:00,0.93661237,-0.22681262
2024-11-27T16:00:00,0.9911237,0.38786122
2024-11-27T17:00:00,0.77193886,-1.2689012
2024-11-27T18:00:00,0.778302,0.046157505
2024-11-27T19:00:00,0.63145447,-0.84289336
2024-11-27T20:00:00,0.52264416,-0.62176204
2024-11-27T21:00:00,0.4378779,-0.48299578
2024-11-27T22:00:00,0.3079344,-0.7443773
2024-11-27T23:00:00,0.11995067,-1.0842687
2024-11-28T00:00:00,0.0006012516,-0.69186175
2024-11-28T01:00:00,0.0,-0.0034198058
2024-11-28T02:00:00,0.0,0.0
2024-11-28T03:00:00,0.0,0.0
2024-11-28T04:00:00,0.0,0.0
2024-11-28T05:00:00,0.0,0.0
2024-11-28T06:00:00,0.0,0.0
2024-11-28T07:00:00,0.0,0.0
2024-11-28T08:00:00,0.050456688,0.36360148
2024-11-28T09:00:00,0.26057142,1.4804131
2024-11-28T10:00:00,0.59418046,2.3129904
2024-11-28T11:00:00,0.89444524,2.0906684
2024-11-28T12:00:00,0.98887134,0.65766853
2024-11-28T13:00:00,0.9964152,0.053338245
2024-11-28T14:00:00,0.9971248,0.0050572627
2024-11-28T15:00:00,0.99719757,0.0005158404
2024-11-28T16:00:00,0.9972045,5.006329e-05
2024-11-28T17:00:00,0.9972053,5.8125506e-06
2024-11-28T18:00:00,0.9972054,4.719451e-07
2024-11-28T19:00:00,0.91376626,-0.4753591
2024-11-28T20:00:00,0.77773374,-0.77981883
2024-11-28T21:00:00,0.645659,-0.75677663
2024-11-28T22:00:00,0.61380213,-0.1803884
2024-11-28T23:00:00,0.5159144,-0.5586272
2024-11-29T00:00:00,0.3102314,-1.1888392
2024-11-29T01:00:00,0.330831,0.14910643
2024-11-29T02:00:00,0.43361616,0.7350788
2024-11-29T03:00:00,0.43337548,-0.0013577564
2024-11-29T04:00:00,0.31873906,-0.6555045
2024-11-29T05:00:00,0.2912466,-0.15559469
2024-11-29T06:00:00,0.29114637,-0.0005653873
2024-11-29T07:00:00,0.1906721,-0.57356316
2024-11-29T08:00:00,0.1503653,-0.22846362
2024-11-29T09:00:00,0.42634204,1.9275975
2024-11-29T10:00:00,0.7607972,2.3186092
2024-11-29T11:00:00,0.9777087,1.5129589
2024-11-29T12:00:00,0.995408,0.124717675
2024-11-29T13:00:00,0.79345995,-1.1667364
2024-11-29T14:00:00,0.52298117,-1.5753435
2024-11-29T15:00:00,0.21303733,-1.8135982
2024-11-29T16:00:00,0.00054564484,-1.2291814
2024-11-29T17:00:00,0.0,-0.0031238757
2024-11-29T18:00:00,0.0,0.0
2024-11-29T19:00:00,0.0,0.0
2024-11-29T20:00:00,0.0,0.0
2024-11-29T21:00:00,0.13400431,0.9541083
2024-11-29T22:00:00,0.14689267,0.09339833
2024-11-29T23:00:00,0.207729,0.43773034
2024-11-30T00:00:00,0.15097697,-0.32230282
2024-11-30T01:00:00,0.19902094,0.3463383
2024-11-30T02:00:00,0.0062741004,-1.1308293
2024-11-30T03:00:00,1.9181985e-05,-0.036809616
2024-11-30T04:00:00,0.0,-0.00011133393
2024-11-30T05:00:00,0.0,0.0
2024-11-30T06:00:00,0.0,0.0
2024-11-30T07:00:00,0.0,0.0
2024-11-30T08:00:00,0.0,0.0
2024-11-30T09:00:00,0.034819685,0.25150034
2024-11-30T10:00:00,0.11586077,0.5813923
2024-11-30T11:00:00,0.43514687,2.2177098
2024-11-30T12:00:00,0.7175585,1.970896
2024-11-30T13:00:00,0.9760216,1.7896074
2024-11-30T14:00:00,0.99525154,0.13543472
2024-11-30T15:00:00,0.9969966,0.012362374
2024-11-30T16:00:00,0.997165,0.0011940224
2024-11-30T17:00:00,0.9971813,0.00011598295
2024-11-30T18:00:00,0.9920247,-0.029106949
2024-11-30T19:00:00,0.8551468,-0.78474337
2024-11-30T20:00:00,0.753379,-0.5810365
2024-11-30T21:00:00,0.73127073,-0.12504312
2024-11-30T22:00:00,0.69331175,-0.2150963
2024-11-30T23:00:00,0.5597229,-0.76558924
2024-12-01T00:00:00,0.26260227,-1.7359446
2024-12-01T01:00:00,0.003734042,-1.5056624
2024-12-01T02:00:00,0.026155448,0.16224882
2024-12-01T03:00:00,0.0001535069,-0.14804828
2024-12-01T04:00:00,1.526555e-06,-0.00087402837
2024-12-01T05:00:00,0.056593068,0.40744212
2024-12-01T06:00:00,7.6600176e-05,-0.3219651
2024-12-01T07:00:00,2.5058557e-07,-0.0004363787
2024-12-01T08:00:00,0.14547928,1.0341424
2024-12-01T09:00:00,0.32132852,1.244777
2024-12-01T10:00:00,0.36511785,0.31586644
2024-12-01T11:00:00,0.7074733,2.3710155
2024-12-01T12:00:00,0.9025809,1.3774666
2024-12-01T13:00:00,0.9880346,0.60538846
2024-12-01T14:00:00,0.9962663,0.058481805
2024-12-01T15:00:00,0.8041482,-1.1086566
2024-12-01T16:00:00,0.9817753,1.2353489
2024-12-01T17:00:00,0.7384744,-1.4125285
2024-12-01T18:00:00,0.91227555,1.2306259
2024-12-01T19:00:00,0.5628495,-2.054139
2024-12-01T20:00:00,0.3933611,-0.97545606
2024-12-01T21:00:00,0.04054159,-2.074916
2024-12-01T22:00:00,0.0,-0.23279047
2024-12-01T23:00:00,0.0,0.0
2024-12-02T00:00:00,0.042960573,0.30992633
2024-12-02T01:00:00,0.066846274,0.17280698
2024-12-02T02:00:00,0.00075995096,-0.37845463
2024-12-02T03:00:00,2.0039765e-06,-0.004351989
2024-12-02T04:00:00,5.8706817e-09,-1.1506457e-05
2024-12-02T05:00:00,3.191857e-11,-3.380739e-08
2024-12-02T06:00:00,0.0,-1.822743e-10
2024-12-02T07:00:00,0.0,0.0
2024-12-02T08:00:00,0.01484079,0.10751545
2024-12-02T09:00:00,0.14193839,0.90581423
2024-12-02T10:00:00,0.04520623,-0.55195695
2024-12-02T11:00:00,0.058136143,0.09369892
2024-12-02T12:00:00,0.37731302,2.2169821
2024-12-02T13:00:00,0.07286422,-1.7802936
2024-12-02T14:00:00,0.41672295,2.3809764
2024-12-02T15:00:00,0.3731482,-0.24708207
2024-12-02T16:00:00,0.34582508,-0.1546333
2024-12-02T17:00:00,0.2932416,-0.2984819
2024-12-02T18:00:00,0.5168811,1.5728512
2024-12-02T19:00:00,0.45198706,-0.36889714
2024-12-02T20:00:00,0.27427092,-1.0238037
2024-12-02T21:00:00,0.030223714,-1.4169859
2024-12-02T22:00:00,0.0,-0.17382479
2024-12-02T23:00:00,0.0,0.0
2024-12-03T00:00:00,0.0,0.0
2024-12-03T01:00:00,0.0,0.0
2024-12-03T02:00:00,0.0,0.0
2024-12-03T03:00:00,0.0,0.0
2024-12-03T04:00:00,0.0,0.0
2024-12-03T05:00:00,0.0,0.0
2024-12-03T06:00:00,0.0,0.0
2024-12-03T07:00:00,0.0,0.0
2024-12-03T08:00:00,0.0,0.0
2024-12-03T09:00:00,0.0,0.0
2024-12-03T10:00:00,0.0,0.0
2024-12-03T11:00:00,0.0,0.0
2024-12-03T12:00:00,0.2131246,1.5010124
2024-12-03T13:00:00,0.45670572,1.7085667
2024-12-03T14:00:00,0.16244753,-1.7186418
2024-12-03T15:00:00,0.0,-0.9478343
2024-12-03T16:00:00,0.0,0.0
2024-12-03T17:00:00,0.0,0.0
2024-12-03T18:00:00,0.0,0.0
2024-12-03T19:00:00,0.0,0.0
2024-12-03T20:00:00,0.0,0.0
2024-12-03T21:00:00,0.0,0.0
2024-12-03T22:00:00,0.0,0.0
2024-12-03T23:00:00,0.0,0.0
2024-12-04T00:00:00,0.0,0.0
2024-12-04T01:00:00,0.0,0.0
2024-12-04T02:00:00,0.0,0.0
2024-12-04T03:00:00,0.0,0.0
2024-12-04T04:00:00,0.0,0.0
2024-12-04T05:00:00,0.0,0.0
2024-12-04T06:00:00,0.0,0.0
2024-12-04T07:00:00,0.0,0.0
2024-12-04T08:00:00,0.0,0.0
2024-12-04T09:00:00,0.0,0.0
2024-12-04T10:00:00,0.16773169,1.1886446
2024-12-04T11:00:00,0.22993986,0.44751108
2024-12-04T12:00:00,0.0071172565,-1.3092359
2024-12-04T13:00:00,2.09222e-05,-0.04181877
2024-12-04T14:00:00,0.0,-0.00012291431
2024-12-04T15:00:00,0.3514507,2.4312284
2024-12-04T16:00:00,0.12625262,-1.3046397
2024-12-04T17:00:00,0.0002288707,-0.7314191
2024-12-04T18:00:00,0.0,-0.0013135994
2024-12-04T19:00:00,0.0,0.0
2024-12-04T20:00:00,0.0,0.0
2024-12-04T21:00:00,0.0,0.0
2024-12-04T22:00:00,0.0,0.0
2024-12-04T23:00:00,0.0,0.0
2024-12-05T00:00:00,0.0,0.0
2024-12-05T01:00:00,0.0,0.0
2024-12-05T02:00:00,0.0,0.0
2024-12-05T03:00:00,0.0,0.0
2024-12-05T04:00:00,0.0,0.0
2024-12-05T05:00:00,0.0,0.0
2024-12-05T06:00:00,0.0,0.0
2024-12-05T07:00:00,0.0,0.0
2024-12-05T08:00:00,0.0,0.0
2024-12-05T09:00:00,0.060156327,0.4328808
2024-12-05T10:00:00,0.37027332,2.1565428
2024-12-05T11:00:00,0.70585746,2.326104
2024-12-05T12:00:00,0.942011,1.6580975
2024-12-05T13:00:00,0.99167514,0.35281003
2024-12-05T14:00:00,0.9965744,0.034957755
2024-12-05T15:00:00,0.9691013,-0.15548477
2024-12-05T16:00:00,0.94099003,-0.15910855
2024-12-05T17:00:00,0.7760295,-0.9488889
2024-12-05T18:00:00,0.46098614,-1.8445435
2024-12-05T19:00:00,0.24716298,-1.237078
2024-12-05T20:00:00,0.0019446905,-1.4299662
2024-12-05T21:00:00,0.0,-0.011141324
2024-12-05T22:00:00,0.0,0.0
2024-12-05T23:00:00,0.0,0.0
2024-12-06T00:00:00,0.0,0.0
2024-12-06T01:00:00,0.0,0.0
2024-12-06T02:00:00,0.0,0.0
2024-12-06T03:00:00,0.0,0.0
2024-12-06T04:00:00,0.0,0.0
2024-12-06T05:00:00,0.0,0.0
2024-12-06T06:00:00,0.0,0.0
2024-12-06T07:00:00,0.0,0.0
2024-12-06T08:00:00,0.0,0.0
2024-12-06T09:00:00,0.20219366,1.4261252
2024-12-06T10:00:00,0.51870704,2.199227
2024-12-06T11:00:00,0.8532754,2.3193607
2024-12-06T12:00:00,0.98542255,0.920657
2024-12-06T13:00:00,0.99602866,0.07491069
2024-12-06T14:00:00,0.99702096,0.007031216
2024-12-06T15:00:00,0.976384,-0.11670133
2024-12-06T16:00:00,0.7785724,-1.1422802
2024-12-06T17:00:00,0.6808845,-0.55747324
2024-12-06T18:00:00,0.3949847,-1.6681828
2024-12-06T19:00:00,0.023044419,-2.1922877
2024-12-06T20:00:00,0.0,-0.13478687
2024-12-06T21:00:00,0.0,0.0
2024-12-06T22:00:00,0.0,0.0
2024-12-06T23:00:00,0.0,0.0
2024-12-07T00:00:00,0.0,0.0
2024-12-07T01:00:00,0.0,0.0
2024-12-07T02:00:00,0.0,0.0
2024-12-07T03:00:00,0.0,0.0
2024-12-07T04:00:00,0.0,0.0
2024-12-07T05:00:00,0.0,0.0
2024-12-07T06:00:00,0.0,0.0
2024-12-07T07:00:00,0.0,0.0
2024-12-07T08:00:00,0.0,0.0
2024-12-07T09:00:00,0.063907556,0.45962155
2024-12-07T10:00:00,0.001173797,-0.36396864
2024-12-07T11:00:00,0.0,-0.0067181354
2024-12-07T12:00:00,0.0,0.0
2024-12-07T13:00:00,0.07687625,0.55184716
2024-12-07T14:00:00,0.0021571745,-0.43865752
2024-12-07T15:00:00,0.00025065403,-0.010757455
2024-12-07T16:00:00,0.1350589,0.9597237
2024-12-07T17:00:00,0.06031659,-0.4253754
2024-12-07T18:00:00,0.18537728,0.891554
2024-12-07T19:00:00,0.0013826176,-1.0650982
2024-12-07T20:00:00,2.5717543e-05,-0.00800362
2024-12-07T21:00:00,0.0,-0.00014899143
2024-12-07T22:00:00,0.0,0.0
2024-12-07T23:00:00,0.0,0.0
2024-12-08T00:00:00,0.0,0.0
2024-12-08T01:00:00,0.0,0.0
2024-12-08T02:00:00,0.046568613,0.33577603
2024-12-08T03:00:00,0.06343157,0.12212797
2024-12-08T04:00:00,0.0016976027,-0.35874334
2024-12-08T05:00:00,0.0,-0.009853577
2024-12-08T06:00:00,0.0,0.0
2024-12-08T07:00:00,0.0,0.0
2024-12-08T08:00:00,0.0,0.0
2024-12-08T09:00:00,0.24974324,1.750366
2024-12-08T10:00:00,0.041742127,-1.2025671
2024-12-08T11:00:00,0.26316836,1.5577459
2024-12-08T12:00:00,0.62264967,2.4842863
2024-12-08T13:00:00,0.95776755,2.3230088
2024-12-08T14:00:00,0.9933969,0.25179633
2024-12-08T15:00:00,0.99675375,0.023767339
2024-12-08T16:00:00,0.9030378,-0.53455573
2024-12-08T17:00:00,0.6285387,-1.599515
2024-12-08T18:00:00,0.31515643,-1.8344595
2024-12-08T19:00:00,0.10218042,-1.2320535
2024-12-08T20:00:00,0.07655289,-0.14500809
2024-12-08T21:00:00,0.0005277362,-0.43315864
2024-12-08T22:00:00,6.667447e-07,-0.003006814
2024-12-08T23:00:00,0.077836595,0.5586581
2024-12-09T00:00:00,0.0020248042,-0.44419917
2024-12-09T01:00:00,0.0,-0.011786749
2024-12-09T02:00:00,0.0033943825,0.024633523
2024-12-09T03:00:00,7.6893775e-05,-0.019158212
2024-12-09T04:00:00,1.02950665e-07,-0.00044405492
2024-12-09T05:00:00,1.0695934e-09,-5.953283e-07
2024-12-09T06:00:00,0.0,-6.227569e-09
2024-12-09T07:00:00,0.0,0.0
2024-12-09T08:00:00,0.03143945,0.22719961
2024-12-09T09:00:00,0.08455149,0.3825867
2024-12-09T10:00:00,0.001871924,-0.48077777
2024-12-09T11:00:00,1.522853e-05,-0.010885149
2024-12-09T12:00:00,0.020835938,0.15070187
2024-12-09T13:00:00,0.00083104055,-0.117909804
2024-12-09T14:00:00,0.0,-0.0048214565
2024-12-09T15:00:00,0.0,0.0
2024-12-09T16:00:00,0.00059552403,0.0043236422
2024-12-09T17:00:00,0.21472198,1.5078654
2024-12-09T18:00:00,0.0020575346,-1.2489474
2024-12-09T19:00:00,5.2008386e-07,-0.012083602
2024-12-09T20:00:00,3.6180398e-10,-3.0551494e-06
2024-12-09T21:00:00,0.0,-2.124458e-09
2024-12-09T22:00:00,0.0,0.0
2024-12-09T23:00:00,0.0,0.0
2024-12-10T00:00:00,0.0,0.0
2024-12-10T01:00:00,0.0,0.0
2024-12-10T02:00:00,0.0,0.0
2024-12-10T03:00:00,0.0,0.0
2024-12-10T04:00:00,0.0,0.0
2024-12-10T05:00:00,0.0,0.0
2024-12-10T06:00:00,0.0,0.0
2024-12-10T07:00:00,0.0,0.0
2024-12-10T08:00:00,0.0,0.0
2024-12-10T09:00:00,0.0,0.0
2024-12-10T10:00:00,0.22497825,1.5819837
2024-12-10T11:00:00,0.5176361,2.039699
2024-12-10T12:00:00,0.86669636,2.4154153
2024-12-10T13:00:00,0.9873987,0.83456516
2024-12-10T14:00:00,0.99618095,0.0620661
2024-12-10T15:00:00,0.94011045,-0.3184068
2024-12-10T16:00:00,0.99245226,0.36470893
2024-12-10T17:00:00,0.99665105,0.029719453
2024-12-10T18:00:00,0.96358544,-0.1872596
2024-12-10T19:00:00,0.6737393,-1.6919944
2024-12-10T20:00:00,0.34646088,-1.9189376
2024-12-10T21:00:00,0.0017042244,-2.0314102
2024-12-10T22:00:00,1.017393e-05,-0.010041805
2024-12-10T23:00:00,4.978777e-10,-6.0307895e-05
2024-12-11T00:00:00,2.7470842e-14,-2.9514087e-09
2024-12-11T01:00:00,0.0,-1.5861505e-13
2024-12-11T02:00:00,0.0,0.0
2024-12-11T03:00:00,0.0,0.0
2024-12-11T04:00:00,0.0,0.0
2024-12-11T05:00:00,0.0,0.0
2024-12-11T06:00:00,0.0,0.0
2024-12-11T07:00:00,0.0,0.0
2024-12-11T08:00:00,0.0,0.0
2024-12-11T09:00:00,0.0,0.0
2024-12-11T10:00:00,0.22958949,1.6134166
2024-12-11T11:00:00,0.52218145,2.0392568
2024-12-11T12:00:00,0.87492776,2.4397948
2024-12-11T13:00:00,0.98753864,0.7818163
2024-12-11T14:00:00,0.99618423,0.06110277
2024-12-11T15:00:00,0.79011065,-1.1911517
2024-12-11T16:00:00,0.41246936,-2.2273831
2024-12-11T17:00:00,0.054760776,-2.104878
2024-12-11T18:00:00,0.0,-0.31924635
2024-12-11T19:00:00,0.0,0.0
2024-12-11T20:00:00,0.0,0.0
2024-12-11T21:00:00,0.0,0.0
2024-12-11T22:00:00,0.0,0.0
2024-12-11T23:00:00,0.0,0.0
2024-12-12T00:00:00,0.0,0.0
2024-12-12T01:00:00,0.0,0.0
2024-12-12T02:00:00,0.0,0.0
2024-12-12T03:00:00,0.0,0.0
2024-12-12T04:00:00,0.0,0.0
2024-12-12T05:00:00,0.0,0.0
2024-12-12T06:00:00,0.0,0.0
2024-12-12T07:00:00,0.0,0.0
2024-12-12T08:00:00,0.0,0.0
2024-12-12T09:00:00,0.0,0.0
2024-12-12T10:00:00,0.12886988,0.9182153
2024-12-12T11:00:00,0.30440846,1.242631
2024-12-12T12:00:00,0.58603734,1.9656326
2024-12-12T13:00:00,0.83930516,1.774245
2024-12-12T14:00:00,0.98230165,1.0097378
2024-12-12T15:00:00,0.99566287,0.09455521
2024-12-12T16:00:00,0.79493743,-1.1595054
2024-12-12T17:00:00,0.9397491,1.0294946
2024-12-12T18:00:00,0.9346202,-0.028950805
2024-12-12T19:00:00,0.82768303,-0.6109232
2024-12-12T20:00:00,0.76778734,-0.3402825
2024-12-12T21:00:00,0.44224694,-1.9083567
2024-12-12T22:00:00,0.1859002,-1.4905546
2024-12-12T23:00:00,0.0015185846,-1.0809358
2024-12-13T00:00:00,1.2192984e-05,-0.00890269
2024-12-13T01:00:00,0.0,-7.070045e-05
2024-12-13T02:00:00,0.0,0.0
2024-12-13T03:00:00,0.0,0.0
2024-12-13T04:00:00,0.0,0.0
2024-12-13T05:00:00,0.0,0.0
2024-12-13T06:00:00,0.0,0.0
2024-12-13T07:00:00,0.0,0.0
2024-12-13T08:00:00,0.0,0.0
2024-12-13T09:00:00,0.18229099,1.2892352
2024-12-13T10:00:00,0.4929542,2.1601903
2024-12-13T11:00:00,0.40108597,-0.52390194
2024-12-13T12:00:00,0.5304697,0.92181
2024-12-13T13:00:00,0.4927928,-0.21349087
2024-12-13T14:00:00,0.39307958,-0.56916744
2024-12-13T15:00:00,0.23390633,-0.9149735
2024-12-13T16:00:00,0.004289276,-1.3445606
2024-12-13T17:00:00,0.0,-0.024357349
2024-12-13T18:00:00,0.0,0.0
2024-12-13T19:00:00,0.0,0.0
2024-12-13T20:00:00,0.0,0.0
2024-12-13T21:00:00,0.0,0.0
2024-12-13T22:00:00,0.0,0.0
2024-12-13T23:00:00,0.0,0.0
2024-12-14T00:00:00,0.0,0.0
2024-12-14T01:00:00,0.0,0.0
2024-12-14T02:00:00,0.0,0.0
2024-12-14T03:00:00,0.0,0.0
2024-12-14T04:00:00,0.0,0.0
2024-12-14T05:00:00,0.0,0.0
2024-12-14T06:00:00,0.0,0.0
2024-12-14T07:00:00,0.0,0.0
2024-12-14T08:00:00,0.0,0.0
2024-12-14T09:00:00,0.06528104,0.46940523
2024-12-14T10:00:00,0.29059398,1.5842663
2024-12-14T11:00:00,0.44903025,1.124218
2024-12-14T12:00:00,0.2435784,-1.1874707
2024-12-14T13:00:00,0.26095587,0.12584463
2024-12-14T14:00:00,0.30643737,0.3279904
2024-12-14T15:00:00,0.122236684,-1.0619738
2024-12-14T16:00:00,0.208404,0.6177095
2024-12-14T17:00:00,0.2657645,0.41293162
2024-12-14T18:00:00,0.19850555,-0.38244766
2024-12-14T19:00:00,0.25764412,0.42562062
2024-12-14T20:00:00,0.006260382,-1.4663185
2024-12-14T21:00:00,0.12142123,0.82213163
2024-12-14T22:00:00,0.0032191041,-0.6966556
2024-12-14T23:00:00,6.0585794e-06,-0.018972643
2024-12-15T00:00:00,0.0,-3.542487e-05
2024-12-15T01:00:00,0.0,0.0
2024-12-15T02:00:00,0.0,0.0
2024-12-15T03:00:00,0.0,0.0
2024-12-15T04:00:00,0.0,0.0
2024-12-15T05:00:00,0.0,0.0
2024-12-15T06:00:00,0.0,0.0
2024-12-15T07:00:00,0.0,0.0
2024-12-15T08:00:00,0.0,0.0
2024-12-15T09:00:00,0.1840335,1.3012483
2024-12-15T10:00:00,0.34092182,1.1134737
2024-12-15T11:00:00,0.5007406,1.1338104
2024-12-15T12:00:00,0.3755669,-0.71664965
2024-12-15T13:00:00,0.31331918,-0.35374328
2024-12-15T14:00:00,0.67013663,2.4666975
2024-12-15T15:00:00,0.972531,2.0922432
2024-12-15T16:00:00,0.9945708,0.15690865
2024-12-15T17:00:00,0.99676734,0.01585332
2024-12-15T18:00:00,0.7922071,-1.1821928
2024-12-15T19:00:00,0.4761202,-1.8508804
2024-12-15T20:00:00,0.14251088,-1.9575144
2024-12-15T21:00:00,0.00022067246,-0.83620894
2024-12-15T22:00:00,0.0,-0.0012833684
2024-12-15T23:00:00,0.0,0.0
2024-12-16T00:00:00,0.0,0.0
2024-12-16T01:00:00,0.0,0.0
2024-12-16T02:00:00,0.0,0.0
2024-12-16T03:00:00,0.0,0.0
2024-12-16T04:00:00,0.0,0.0
2024-12-16T05:00:00,0.0,0.0
2024-12-16T06:00:00,0.0,0.0
2024-12-16T07:00:00,0.0,0.0
2024-12-16T08:00:00,0.023906475,0.17295675
2024-12-16T09:00:00,0.0009380464,-0.13534851
2024-12-16T10:00:00,0.0,-0.005447008
2024-12-16T11:00:00,0.0,0.0
2024-12-16T12:00:00,0.0,0.0
2024-12-16T13:00:00,0.0,0.0
2024-12-16T14:00:00,0.0,0.0
2024-12-16T15:00:00,0.0,0.0
2024-12-16T16:00:00,0.0,0.0
2024-12-16T17:00:00,0.0,0.0
2024-12-16T18:00:00,0.0,0.0
2024-12-16T19:00:00,0.0,0.0
2024-12-16T20:00:00,0.0,0.0
2024-12-16T21:00:00,0.0,0.0
2024-12-16T22:00:00,0.0,0.0
2024-12-16T23:00:00,0.0,0.0
2024-12-17T00:00:00,0.0,0.0
2024-12-17T01:00:00,0.0,0.0
2024-12-17T02:00:00,0.0,0.0
2024-12-17T03:00:00,0.0,0.0
2024-12-17T04:00:00,0.0,0.0
2024-12-17T05:00:00,0.0,0.0
2024-12-17T06:00:00,0.0,0.0
2024-12-17T07:00:00,0.0,0.0
2024-12-17T08:00:00,0.0,0.0
2024-12-17T09:00:00,0.0,0.0
2024-12-17T10:00:00,0.20608109,1.452782
2024-12-17T11:00:00,0.53173095,2.2600837
2024-12-17T12:00:00,0.8172023,1.9914602
2024-12-17T13:00:00,0.98372644,1.150952
2024-12-17T14:00:00,0.9957944,0.0851919
2024-12-17T15:00:00,0.9098021,-0.490053
2024-12-17T16:00:00,0.99039066,0.55830497
2024-12-17T17:00:00,0.9962974,0.04253523
2024-12-17T18:00:00,0.79122734,-1.1852107
2024-12-17T19:00:00,0.43436977,-2.0996602
2024-12-17T20:00:00,0.060099453,-2.2066257
2024-12-17T21:00:00,0.0002467824,-0.3543348
2024-12-17T22:00:00,2.886372e-07,-0.0014609807
2024-12-17T23:00:00,0.0,-1.7101016e-06
2024-12-18T00:00:00,0.0,0.0
2024-12-18T01:00:00,0.0,0.0
2024-12-18T02:00:00,0.0,0.0
2024-12-18T03:00:00,0.0,0.0
2024-12-18T04:00:00,0.0,0.0
2024-12-18T05:00:00,0.0,0.0
2024-12-18T06:00:00,0.0,0.0
2024-12-18T07:00:00,0.0,0.0
2024-12-18T08:00:00,0.0,0.0
2024-12-18T09:00:00,0.0,0.0
2024-12-18T10:00:00,0.0,0.0
2024-12-18T11:00:00,0.0,0.0
2024-12-18T12:00:00,0.0,0.0
2024-12-18T13:00:00,0.0,0.0
2024-12-18T14:00:00,0.0,0.0
2024-12-18T15:00:00,0.0,0.0
2024-12-18T16:00:00,0.0,0.0
2024-12-18T17:00:00,0.0,0.0
2024-12-18T18:00:00,0.0,0.0
2024-12-18T19:00:00,0.0,0.0
2024-12-18T20:00:00,0.0,0.0
2024-12-18T21:00:00,0.0,0.0
2024-12-18T22:00:00,0.0,0.0
2024-12-18T23:00:00,0.0,0.0
2024-12-19T00:00:00,0.0,0.0
2024-12-19T01:00:00,0.0,0.0
2024-12-19T02:00:00,0.0,0.0
2024-12-19T03:00:00,0.0,0.0
2024-12-19T04:00:00,0.0,0.0
2024-12-19T05:00:00,0.0,0.0
2024-12-19T06:00:00,0.0,0.0
2024-12-19T07:00:00,0.0,0.0
2024-12-19T08:00:00,0.0,0.0
2024-12-19T09:00:00,0.06937064,0.4985136
2024-12-19T10:00:00,0.2762773,1.4584397
2024-12-19T11:00:00,0.5620987,1.9938112
2024-12-19T12:00:00,0.7904291,1.6048377
2024-12-19T13:00:00,0.8980126,0.7688667
2024-12-19T14:00:00,0.9881828,0.6336937
2024-12-19T15:00:00,0.80587375,-1.0508331
2024-12-19T16:00:00,0.8190073,0.095171355
2024-12-19T17:00:00,0.7181118,-0.5759963
2024-12-19T18:00:00,0.56934613,-0.85409683
2024-12-19T19:00:00,0.26228392,-1.7961277
2024-12-19T20:00:00,0.0018767226,-1.534202
2024-12-19T21:00:00,8.6866685e-06,-0.011056804
2024-12-19T22:00:00,0.0,-4.9804854e-05
2024-12-19T23:00:00,0.0,0.0
2024-12-20T00:00:00,0.0,0.0
2024-12-20T01:00:00,0.0,0.0
2024-12-20T02:00:00,0.0,0.0
2024-12-20T03:00:00,0.0,0.0
2024-12-20T04:00:00,0.0,0.0
2024-12-20T05:00:00,0.0,0.0
2024-12-20T06:00:00,0.0,0.0
2024-12-20T07:00:00,0.0,0.0
2024-12-20T08:00:00,0.0,0.0
2024-12-20T09:00:00,0.0,0.0
2024-12-20T10:00:00,0.2868671,2.0008354
2024-12-20T11:00:00,0.48501304,1.3983406
2024-12-20T12:00:00,0.721646,1.6613578
2024-12-20T13:00:00,0.8466172,0.89092755
2024-12-20T14:00:00,0.7994643,-0.26748466
2024-12-20T15:00:00,0.49682558,-1.7693322
2024-12-20T16:00:00,0.36064008,-0.78071
2024-12-20T17:00:00,0.33961415,-0.11890619
2024-12-20T18:00:00,0.33113852,-0.047860518
2024-12-20T19:00:00,0.31959623,-0.06520104
2024-12-20T20:00:00,0.105143525,-1.2408125
2024-12-20T21:00:00,0.0,-0.6044578
2024-12-20T22:00:00,0.0,0.0
2024-12-20T23:00:00,0.0,0.0
2024-12-21T00:00:00,0.0,0.0
2024-12-21T01:00:00,0.0,0.0
2024-12-21T02:00:00,0.0,0.0
2024-12-21T03:00:00,0.0,0.0
2024-12-21T04:00:00,0.0,0.0
2024-12-21T05:00:00,0.0,0.0
2024-12-21T06:00:00,0.0,0.0
2024-12-21T07:00:00,0.0,0.0
2024-12-21T08:00:00,0.0,0.0
2024-12-21T09:00:00,0.0,0.0
2024-12-21T10:00:00,0.114554994,0.81787694
2024-12-21T11:00:00,0.4285675,2.1825461
2024-12-21T12:00:00,0.74305016,2.185683
2024-12-21T13:00:00,0.9754863,1.6253399
2024-12-21T14:00:00,0.9950468,0.1377406
2024-12-21T15:00:00,0.9967934,0.01255261
2024-12-21T16:00:00,0.9969859,0.0013743395
2024-12-21T17:00:00,0.95708925,-0.22612794
2024-12-21T18:00:00,0.93978447,-0.09781914
2024-12-21T19:00:00,0.6020495,-1.9826841
2024-12-21T20:00:00,0.30469546,-1.7373561
2024-12-21T21:00:00,0.0036293059,-1.7802497
2024-12-21T22:00:00,1.8676956e-06,-0.021460636
2024-12-21T23:00:00,1.1650642e-09,-1.1049653e-05
2024-12-22T00:00:00,0.0,-6.8491444e-09
2024-12-22T01:00:00,0.0,0.0
2024-12-22T02:00:00,0.0,0.0
2024-12-22T03:00:00,0.0,0.0
2024-12-22T04:00:00,0.0,0.0
2024-12-22T05:00:00,0.0,0.0
2024-12-22T06:00:00,0.0,0.0
2024-12-22T07:00:00,0.0,0.0
2024-12-22T08:00:00,0.0,0.0
2024-12-22T09:00:00,0.0,0.0
2024-12-22T10:00:00,0.2517407,1.7639012
2024-12-22T11:00:00,0.56737226,2.1933465
2024-12-22T12:00:00,0.8592572,2.034515
2024-12-22T13:00:00,0.67689264,-1.05116
2024-12-22T14:00:00,0.8818761,1.4452579
2024-12-22T15:00:00,0.98804927,0.736773
2024-12-22T16:00:00,0.99615,0.057261124
2024-12-22T17:00:00,0.9969143,0.0054160496
2024-12-22T18:00:00,0.9969866,0.0005244363
2024-12-22T19:00:00,0.79299563,-1.1788238
2024-12-22T20:00:00,0.591457,-1.1643145
2024-12-22T21:00:00,0.2804241,-1.8202038
2024-12-22T22:00:00,0.00014438988,-1.6410772
2024-12-22T23:00:00,0.0,-0.0008301437
2024-12-23T00:00:00,0.13662754,0.972427
2024-12-23T01:00:00,0.1028001,-0.1915911
2024-12-23T02:00:00,0.058086883,-0.2535717
2024-12-23T03:00:00,0.0003800467,-0.32941467
2024-12-23T04:00:00,2.6634132e-07,-0.002169465
2024-12-23T05:00:00,0.0013338865,0.009681304
2024-12-23T06:00:00,1.2062715e-06,-0.007526224
2024-12-23T07:00:00,0.029998401,0.21682373
2024-12-23T08:00:00,0.20264861,1.2226703
2024-12-23T09:00:00,0.003424168,-1.172091
2024-12-23T10:00:00,0.0,-0.019931752
2024-12-23T11:00:00,0.0,0.0
2024-12-23T12:00:00,0.0,0.0
2024-12-23T13:00:00,0.0,0.0
2024-12-23T14:00:00,0.0,0.0
2024-12-23T15:00:00,0.0,0.0
2024-12-23T16:00:00,0.0,0.0
2024-12-23T17:00:00,0.06631355,0.47675756
2024-12-23T18:00:00,0.04279525,-0.13304026
2024-12-23T19:00:00,0.045840744,0.022102783
2024-12-23T20:00:00,0.06566399,0.14350368
2024-12-23T21:00:00,0.025313526,-0.2287123
2024-12-23T22:00:00,0.00016058939,-0.14348073
2024-12-23T23:00:00,0.0,-0.00091516203
2024-12-24T00:00:00,0.076414645,0.54857033
2024-12-24T01:00:00,0.0022592929,-0.43599433
2024-12-24T02:00:00,0.0,-0.012870463
2024-12-24T03:00:00,0.0,0.0
2024-12-24T04:00:00,0.0029852102,0.021665448
2024-12-24T05:00:00,1.9993251e-06,-0.016847758
2024-12-24T06:00:00,0.0,-1.1290882e-05
2024-12-24T07:00:00,0.0,0.0
2024-12-24T08:00:00,0.0,0.0
2024-12-24T09:00:00,0.0,0.0
2024-12-24T10:00:00,0.13052513,0.92979217
2024-12-24T11:00:00,0.40671244,1.9290155
2024-12-24T12:00:00,0.7066888,2.0887377
2024-12-24T13:00:00,0.97270244,1.8578807
2024-12-24T14:00:00,0.99478704,0.15538423
2024-12-24T15:00:00,0.9967695,0.014042054
2024-12-24T16:00:00,0.9969606,0.0013543004
2024-12-24T17:00:00,0.9969791,0.00013130167
2024-12-24T18:00:00,0.99698085,1.26639225e-05
2024-12-24T19:00:00,0.9969811,1.6012367e-06
2024-12-24T20:00:00,0.8735349,-0.70661485
2024-12-24T21:00:00,0.76772875,-0.6043812
2024-12-24T22:00:00,0.51158565,-1.4893348
2024-12-24T23:00:00,0.13524358,-2.219381
2024-12-25T00:00:00,0.0,-0.7930512
2024-12-25T01:00:00,0.0,0.0
2024-12-25T02:00:00,0.0,0.0
2024-12-25T03:00:00,0.0,0.0
2024-12-25T04:00:00,0.0,0.0
2024-12-25T05:00:00,0.0,0.0
2024-12-25T06:00:00,0.0,0.0
2024-12-25T07:00:00,0.0,0.0
2024-12-25T08:00:00,0.0,0.0
2024-12-25T09:00:00,0.13385281,0.95304996
2024-12-25T10:00:00,0.0017725906,-0.7700151
2024-12-25T11:00:00,0.0,-0.010265108
2024-12-25T12:00:00,0.31004342,2.1560516
2024-12-25T13:00:00,0.36487278,0.39485738
2024-12-25T14:00:00,0.62745327,1.8372375
2024-12-25T15:00:00,0.64545876,0.13038029
2024-12-25T16:00:00,0.92783064,1.9706287
2024-12-25T17:00:00,0.977352,0.3569108
2024-12-25T18:00:00,0.99483556,0.12555389
2024-12-25T19:00:00,0.78526384,-1.2118725
2024-12-25T20:00:00,0.62244266,-0.93634635
2024-12-25T21:00:00,0.35374057,-1.5646684
2024-12-25T22:00:00,0.004415786,-2.0598526
2024-12-25T23:00:00,0.0,-0.02590875
2024-12-26T00:00:00,0.0,0.0
2024-12-26T01:00:00,0.0,0.0
2024-12-26T02:00:00,0.0,0.0
2024-12-26T03:00:00,0.0,0.0
2024-12-26T04:00:00,0.0,0.0
2024-12-26T05:00:00,0.0,0.0
2024-12-26T06:00:00,0.0,0.0
2024-12-26T07:00:00,0.0,0.0
2024-12-26T08:00:00,0.0,0.0
2024-12-26T09:00:00,0.0,0.0
2024-12-26T10:00:00,0.11934728,0.851512
2024-12-26T11:00:00,0.2589516,0.9931985
2024-12-26T12:00:00,0.0683407,-1.0997632
2024-12-26T13:00:00,0.0014251593,-0.39430368
2024-12-26T14:00:00,6.4520013e-06,-0.008397833
2024-12-26T15:00:00,0.18912506,1.3362743
2024-12-26T16:00:00,0.423719,1.6474879
2024-12-26T17:00:00,0.6094628,1.3130342
2024-12-26T18:00:00,0.7407548,0.93515366
2024-12-26T19:00:00,0.71123976,-0.16708137
2024-12-26T20:00:00,0.5829138,-0.7349708
2024-12-26T21:00:00,0.3121699,-1.5769368
2024-12-26T22:00:00,0.31353655,0.009921104
2024-12-26T23:00:00,0.20910683,-0.5964217
2024-12-27T00:00:00,0.0032335338,-1.1942564
2024-12-27T01:00:00,4.6628993e-05,-0.0187575
2024-12-27T02:00:00,0.0,-0.00026819683
2024-12-27T03:00:00,0.0,0.0
2024-12-27T04:00:00,0.0,0.0
2024-12-27T05:00:00,0.0,0.0
2024-12-27T06:00:00,0.0,0.0
2024-12-27T07:00:00,0.0,0.0
2024-12-27T08:00:00,0.0,0.0
2024-12-27T09:00:00,0.0,0.0
2024-12-27T10:00:00,0.0,0.0
2024-12-27T11:00:00,0.0,0.0
2024-12-27T12:00:00,0.0,0.0
2024-12-27T13:00:00,0.0,0.0
2024-12-27T14:00:00,0.0,0.0
2024-12-27T15:00:00,0.12827003,0.91401875
2024-12-27T16:00:00,0.35981852,1.6267589
2024-12-27T17:00:00,0.50375,1.0233632
2024-12-27T18:00:00,0.5020901,-0.009365951
2024-12-27T19:00:00,0.36871624,-0.7643377
2024-12-27T20:00:00,0.22486736,-0.8253888
2024-12-27T21:00:00,0.025712978,-1.1502166
2024-12-27T22:00:00,0.0,-0.14764066
2024-12-27T23:00:00,0.0,0.0
2024-12-28T00:00:00,0.0,0.0
2024-12-28T01:00:00,0.0,0.0
2024-12-28T02:00:00,0.0,0.0
2024-12-28T03:00:00,0.0,0.0
2024-12-28T04:00:00,0.0,0.0
2024-12-28T05:00:00,0.0,0.0
2024-12-28T06:00:00,0.0,0.0
2024-12-28T07:00:00,0.0,0.0
2024-12-28T08:00:00,0.0,0.0
2024-12-28T09:00:00,0.080094464,0.5746801
2024-12-28T10:00:00,0.23538177,1.1023561
2024-12-28T11:00:00,0.53834075,2.108698
2024-12-28T12:00:00,0.8827253,2.38446
2024-12-28T13:00:00,0.9872103,0.7310073
2024-12-28T14:00:00,0.9960261,0.062299773
2024-12-28T15:00:00,0.7895422,-1.1935812
2024-12-28T16:00:00,0.50402695,-1.6658639
2024-12-28T17:00:00,0.5782933,0.5333147
2024-12-28T18:00:00,0.5831966,0.035575632
2024-12-28T19:00:00,0.38627028,-1.137049
2024-12-28T20:00:00,0.40691346,0.14942078
2024-12-28T21:00:00,0.3717619,-0.19912183
2024-12-28T22:00:00,0.13045591,-1.400618
2024-12-28T23:00:00,0.047864307,-0.47048372
2024-12-29T00:00:00,0.0012919029,-0.2726594
2024-12-29T01:00:00,0.0,-0.007503517
2024-12-29T02:00:00,0.0,0.0
2024-12-29T03:00:00,0.0,0.0
2024-12-29T04:00:00,0.0,0.0
2024-12-29T05:00:00,0.0,0.0
2024-12-29T06:00:00,0.0,0.0
2024-12-29T07:00:00,0.0,0.0
2024-12-29T08:00:00,0.0,0.0
2024-12-29T09:00:00,0.23125975,1.6247928
2024-12-29T10:00:00,0.51465434,1.9775039
2024-12-29T11:00:00,0.6496397,0.96096104
2024-12-29T12:00:00,0.9234561,1.9130453
2024-12-29T13:00:00,0.9890775,0.47025844
2024-12-29T14:00:00,0.99608606,0.050278883
2024-12-29T15:00:00,0.7897578,-1.19266
2024-12-29T16:00:00,0.62150735,-0.9681894
2024-12-29T17:00:00,0.7491453,0.9095961
2024-12-29T18:00:00,0.8481582,0.70848346
2024-12-29T19:00:00,0.578049,-1.5731223
2024-12-29T20:00:00,0.3864202,-1.1057692
2024-12-29T21:00:00,0.04094541,-2.0299678
2024-12-29T22:00:00,0.0,-0.23790942
2024-12-29T23:00:00,0.0,0.0
2024-12-30T00:00:00,0.0,0.0
2024-12-30T01:00:00,0.0,0.0
2024-12-30T02:00:00,0.03802435,0.2745165
2024-12-30T03:00:00,0.00033538492,-0.21573228
2024-12-30T04:00:00,7.3952046e-06,-0.0019197488
2024-12-30T05:00:00,0.0,-4.240481e-05
2024-12-30T06:00:00,0.0,0.0
2024-12-30T07:00:00,0.0,0.0
2024-12-30T08:00:00,0.0,0.0
2024-12-30T09:00:00,0.0,0.0
2024-12-30T10:00:00,0.0,0.0
2024-12-30T11:00:00,0.20297326,1.4314733
2024-12-30T12:00:00,0.00034528956,-1.1788387
2024-12-30T13:00:00,0.13732511,0.97488594
2024-12-30T14:00:00,0.0033702098,-0.7903376
2024-12-30T15:00:00,0.0,-0.019610003
2024-12-30T16:00:00,0.27209795,1.9014652
2024-12-30T17:00:00,0.39031428,0.8435785
2024-12-30T18:00:00,0.26383677,-0.7242258
2024-12-30T19:00:00,0.004550027,-1.510762
2024-12-30T20:00:00,0.0,-0.026336899
2024-12-30T21:00:00,0.0,0.0
